Date,Ticker,Price
2024-01-02,NVDA,48.15
2024-01-03,NVDA,47.55
2024-01-04,NVDA,47.98
2024-01-05,NVDA,49.08
2024-01-08,NVDA,52.23
2024-01-09,NVDA,53.12
2024-01-10,NVDA,54.33
2024-01-11,NVDA,54.8
2024-01-12,NVDA,54.69
2024-01-16,NVDA,56.36
2024-01-17,NVDA,56.03
2024-01-18,NVDA,57.08
2024-01-19,NVDA,59.46
2024-01-22,NVDA,59.63
2024-01-23,NVDA,59.85
2024-01-24,NVDA,61.33
2024-01-25,NVDA,61.59
2024-01-26,NVDA,61.0
2024-01-29,NVDA,62.44
2024-01-30,NVDA,62.75
2024-01-31,NVDA,61.5
2024-02-01,NVDA,63.0
2024-02-02,NVDA,66.13
2024-02-05,NVDA,69.3
2024-02-06,NVDA,68.19
2024-02-07,NVDA,70.07
2024-02-08,NVDA,69.61
2024-02-09,NVDA,72.1
2024-02-12,NVDA,72.22
2024-02-13,NVDA,72.1
2024-02-14,NVDA,73.87
2024-02-15,NVDA,72.63
2024-02-16,NVDA,72.58
2024-02-20,NVDA,69.42
2024-02-21,NVDA,67.44
2024-02-22,NVDA,78.5
2024-02-23,NVDA,78.78
2024-02-26,NVDA,79.06
2024-02-27,NVDA,78.67
2024-02-28,NVDA,77.63
2024-02-29,NVDA,79.08
2024-03-01,NVDA,82.24
2024-03-04,NVDA,85.2
2024-03-05,NVDA,85.93
2024-03-06,NVDA,88.66
2024-03-07,NVDA,92.63
2024-03-08,NVDA,87.49
2024-03-11,NVDA,85.74
2024-03-12,NVDA,91.88
2024-03-13,NVDA,90.85
2024-03-14,NVDA,87.91
2024-03-15,NVDA,87.8
2024-03-18,NVDA,88.42
2024-03-19,NVDA,89.36
2024-03-20,NVDA,90.34
2024-03-21,NVDA,91.4
2024-03-22,NVDA,94.25
2024-03-25,NVDA,94.96
2024-03-26,NVDA,92.52
2024-03-27,NVDA,90.21
2024-03-28,NVDA,90.32
2024-04-01,NVDA,90.33
2024-04-02,NVDA,89.42
2024-04-03,NVDA,88.93
2024-04-04,NVDA,85.87
2024-04-05,NVDA,87.97
2024-04-08,NVDA,87.1
2024-04-09,NVDA,85.32
2024-04-10,NVDA,87.0
2024-04-11,NVDA,90.58
2024-04-12,NVDA,88.15
2024-04-15,NVDA,85.97
2024-04-16,NVDA,87.38
2024-04-17,NVDA,84.0
2024-04-18,NVDA,84.64
2024-04-19,NVDA,76.17
2024-04-22,NVDA,79.49
2024-04-23,NVDA,82.39
2024-04-24,NVDA,79.65
2024-04-25,NVDA,82.6
2024-04-26,NVDA,87.7
2024-04-29,NVDA,87.72
2024-04-30,NVDA,86.37
2024-05-01,NVDA,83.01
2024-05-02,NVDA,85.78
2024-05-03,NVDA,88.75
2024-05-06,NVDA,92.1
2024-05-07,NVDA,90.52
2024-05-08,NVDA,90.38
2024-05-09,NVDA,88.71
2024-05-10,NVDA,89.84
2024-05-13,NVDA,90.36
2024-05-14,NVDA,91.32
2024-05-15,NVDA,94.59
2024-05-16,NVDA,94.32
2024-05-17,NVDA,92.44
2024-05-20,NVDA,94.74
2024-05-21,NVDA,95.35
2024-05-22,NVDA,94.91
2024-05-23,NVDA,103.76
2024-05-24,NVDA,106.43
2024-05-28,NVDA,113.86
2024-05-29,NVDA,114.78
2024-05-30,NVDA,110.46
2024-05-31,NVDA,109.59
2024-06-03,NVDA,114.95
2024-06-04,NVDA,116.39
2024-06-05,NVDA,122.39
2024-06-06,NVDA,120.95
2024-06-07,NVDA,120.84
2024-06-10,NVDA,121.74
2024-06-11,NVDA,120.87
2024-06-12,NVDA,125.16
2024-06-13,NVDA,129.57
2024-06-14,NVDA,131.84
2024-06-17,NVDA,130.94
2024-06-18,NVDA,135.54
2024-06-20,NVDA,130.74
2024-06-21,NVDA,126.53
2024-06-24,NVDA,118.07
2024-06-25,NVDA,126.05
2024-06-26,NVDA,126.36
2024-06-27,NVDA,123.95
2024-06-28,NVDA,123.5
2024-07-01,NVDA,124.26
2024-07-02,NVDA,122.63
2024-07-03,NVDA,128.24
2024-07-05,NVDA,125.79
2024-07-08,NVDA,128.16
2024-07-09,NVDA,131.34
2024-07-10,NVDA,134.87
2024-07-11,NVDA,127.36
2024-07-12,NVDA,129.2
2024-07-15,NVDA,128.4
2024-07-16,NVDA,126.32
2024-07-17,NVDA,117.95
2024-07-18,NVDA,121.05
2024-07-19,NVDA,117.89
2024-07-22,NVDA,123.5
2024-07-23,NVDA,122.55
2024-07-24,NVDA,114.21
2024-07-25,NVDA,112.24
2024-07-26,NVDA,113.02
2024-07-29,NVDA,111.55
2024-07-30,NVDA,103.7
2024-07-31,NVDA,116.98
2024-08-01,NVDA,109.18
2024-08-02,NVDA,107.24
2024-08-05,NVDA,100.42
2024-08-06,NVDA,104.22
2024-08-07,NVDA,98.88
2024-08-08,NVDA,104.94
2024-08-09,NVDA,104.72
2024-08-12,NVDA,108.99
2024-08-13,NVDA,116.1
2024-08-14,NVDA,118.04
2024-08-15,NVDA,122.82
2024-08-16,NVDA,124.54
2024-08-19,NVDA,129.96
2024-08-20,NVDA,127.21
2024-08-21,NVDA,128.46
2024-08-22,NVDA,123.7
2024-08-23,NVDA,129.33
2024-08-26,NVDA,126.42
2024-08-27,NVDA,128.26
2024-08-28,NVDA,125.57
2024-08-29,NVDA,117.55
2024-08-30,NVDA,119.33
2024-09-03,NVDA,107.97
2024-09-04,NVDA,106.18
2024-09-05,NVDA,107.18
2024-09-06,NVDA,102.8
2024-09-09,NVDA,106.44
2024-09-10,NVDA,108.07
2024-09-11,NVDA,116.87
2024-09-12,NVDA,119.11
2024-09-13,NVDA,119.07
2024-09-16,NVDA,116.75
2024-09-17,NVDA,115.56
2024-09-18,NVDA,113.34
2024-09-19,NVDA,117.84
2024-09-20,NVDA,115.97
2024-09-23,NVDA,116.23
2024-09-24,NVDA,120.84
2024-09-25,NVDA,123.48
2024-09-26,NVDA,124.01
2024-09-27,NVDA,121.37
2024-09-30,NVDA,121.41
2024-10-01,NVDA,116.97
2024-10-02,NVDA,118.82
2024-10-03,NVDA,122.82
2024-10-04,NVDA,124.89
2024-10-07,NVDA,127.69
2024-10-08,NVDA,132.86
2024-10-09,NVDA,132.62
2024-10-10,NVDA,134.78
2024-10-11,NVDA,134.77
2024-10-14,NVDA,138.04
2024-10-15,NVDA,131.57
2024-10-16,NVDA,135.69
2024-10-17,NVDA,136.9
2024-10-18,NVDA,137.97
2024-10-21,NVDA,143.68
2024-10-22,NVDA,143.56
2024-10-23,NVDA,139.53
2024-10-24,NVDA,140.38
2024-10-25,NVDA,141.51
2024-10-28,NVDA,140.49
2024-10-29,NVDA,141.22
2024-10-30,NVDA,139.31
2024-10-31,NVDA,132.73
2024-11-01,NVDA,135.37
2024-11-04,NVDA,136.02
2024-11-05,NVDA,139.88
2024-11-06,NVDA,145.58
2024-11-07,NVDA,148.85
2024-11-08,NVDA,147.6
2024-11-11,NVDA,145.23
2024-11-12,NVDA,148.26
2024-11-13,NVDA,146.24
2024-11-14,NVDA,146.73
2024-11-15,NVDA,141.95
2024-11-18,NVDA,140.12
2024-11-19,NVDA,146.98
2024-11-20,NVDA,145.86
2024-11-21,NVDA,146.64
2024-11-22,NVDA,141.92
2024-11-25,NVDA,135.99
2024-11-26,NVDA,136.89
2024-11-27,NVDA,135.31
2024-11-29,NVDA,138.22
2024-12-02,NVDA,138.6
2024-12-03,NVDA,140.23
2024-12-04,NVDA,145.11
2024-12-05,NVDA,145.04
2024-12-06,NVDA,142.42
2024-12-09,NVDA,138.79
2024-12-10,NVDA,135.05
2024-12-11,NVDA,139.29
2024-12-12,NVDA,137.32
2024-12-13,NVDA,134.23
2024-12-16,NVDA,131.98
2024-12-17,NVDA,130.37
2024-12-18,NVDA,128.89
2024-12-19,NVDA,130.66
2024-12-20,NVDA,134.68
2024-12-23,NVDA,139.65
2024-12-24,NVDA,140.2
2024-12-26,NVDA,139.91
2024-12-27,NVDA,136.99
2024-12-30,NVDA,137.47
2024-01-02,AAPL,184.29
2024-01-03,AAPL,182.91
2024-01-04,AAPL,180.59
2024-01-05,AAPL,179.86
2024-01-08,AAPL,184.21
2024-01-09,AAPL,183.79
2024-01-10,AAPL,184.84
2024-01-11,AAPL,184.24
2024-01-12,AAPL,184.57
2024-01-16,AAPL,182.3
2024-01-17,AAPL,181.35
2024-01-18,AAPL,187.26
2024-01-19,AAPL,190.17
2024-01-22,AAPL,192.48
2024-01-23,AAPL,193.76
2024-01-24,AAPL,193.09
2024-01-25,AAPL,192.76
2024-01-26,AAPL,191.02
2024-01-29,AAPL,190.34
2024-01-30,AAPL,186.67
2024-01-31,AAPL,183.06
2024-02-01,AAPL,185.5
2024-02-02,AAPL,184.5
2024-02-05,AAPL,186.32
2024-02-06,AAPL,187.92
2024-02-07,AAPL,188.03
2024-02-08,AAPL,186.95
2024-02-09,AAPL,187.72
2024-02-12,AAPL,186.03
2024-02-13,AAPL,183.93
2024-02-14,AAPL,183.04
2024-02-15,AAPL,182.76
2024-02-16,AAPL,181.22
2024-02-20,AAPL,180.47
2024-02-21,AAPL,181.23
2024-02-22,AAPL,183.26
2024-02-23,AAPL,181.42
2024-02-26,AAPL,180.07
2024-02-27,AAPL,181.53
2024-02-28,AAPL,180.33
2024-02-29,AAPL,179.66
2024-03-01,AAPL,178.58
2024-03-04,AAPL,174.05
2024-03-05,AAPL,169.1
2024-03-06,AAPL,168.1
2024-03-07,AAPL,167.99
2024-03-08,AAPL,169.71
2024-03-11,AAPL,171.71
2024-03-12,AAPL,172.19
2024-03-13,AAPL,170.1
2024-03-14,AAPL,171.96
2024-03-15,AAPL,171.58
2024-03-18,AAPL,172.68
2024-03-19,AAPL,175.02
2024-03-20,AAPL,177.6
2024-03-21,AAPL,170.34
2024-03-22,AAPL,171.25
2024-03-25,AAPL,169.82
2024-03-26,AAPL,168.69
2024-03-27,AAPL,172.27
2024-03-28,AAPL,170.45
2024-04-01,AAPL,169.01
2024-04-02,AAPL,167.83
2024-04-03,AAPL,168.63
2024-04-04,AAPL,167.81
2024-04-05,AAPL,168.56
2024-04-08,AAPL,167.44
2024-04-09,AAPL,168.65
2024-04-10,AAPL,166.77
2024-04-11,AAPL,173.99
2024-04-12,AAPL,175.49
2024-04-15,AAPL,171.65
2024-04-16,AAPL,168.36
2024-04-17,AAPL,166.99
2024-04-18,AAPL,166.04
2024-04-19,AAPL,164.01
2024-04-22,AAPL,164.84
2024-04-23,AAPL,165.9
2024-04-24,AAPL,168.01
2024-04-25,AAPL,168.87
2024-04-26,AAPL,168.28
2024-04-29,AAPL,172.46
2024-04-30,AAPL,169.31
2024-05-01,AAPL,168.28
2024-05-02,AAPL,171.99
2024-05-03,AAPL,182.28
2024-05-06,AAPL,180.62
2024-05-07,AAPL,181.31
2024-05-08,AAPL,181.64
2024-05-09,AAPL,183.46
2024-05-10,AAPL,182.2
2024-05-13,AAPL,185.41
2024-05-14,AAPL,186.56
2024-05-15,AAPL,188.84
2024-05-16,AAPL,188.96
2024-05-17,AAPL,188.99
2024-05-20,AAPL,190.15
2024-05-21,AAPL,191.45
2024-05-22,AAPL,190.01
2024-05-23,AAPL,186.01
2024-05-24,AAPL,189.1
2024-05-28,AAPL,189.11
2024-05-29,AAPL,189.4
2024-05-30,AAPL,190.4
2024-05-31,AAPL,191.36
2024-06-03,AAPL,193.13
2024-06-04,AAPL,193.45
2024-06-05,AAPL,194.96
2024-06-06,AAPL,193.57
2024-06-07,AAPL,195.97
2024-06-10,AAPL,192.22
2024-06-11,AAPL,206.19
2024-06-12,AAPL,212.08
2024-06-13,AAPL,213.24
2024-06-14,AAPL,211.5
2024-06-17,AAPL,215.66
2024-06-18,AAPL,213.29
2024-06-20,AAPL,208.7
2024-06-21,AAPL,206.52
2024-06-24,AAPL,207.17
2024-06-25,AAPL,208.1
2024-06-26,AAPL,212.26
2024-06-27,AAPL,213.1
2024-06-28,AAPL,209.64
2024-07-01,AAPL,215.74
2024-07-02,AAPL,219.24
2024-07-03,AAPL,220.52
2024-07-05,AAPL,225.29
2024-07-08,AAPL,226.76
2024-07-09,AAPL,227.62
2024-07-10,AAPL,231.9
2024-07-11,AAPL,226.51
2024-07-12,AAPL,229.47
2024-07-15,AAPL,233.31
2024-07-16,AAPL,233.73
2024-07-17,AAPL,227.81
2024-07-18,AAPL,223.14
2024-07-19,AAPL,223.27
2024-07-22,AAPL,222.92
2024-07-23,AAPL,223.96
2024-07-24,AAPL,217.52
2024-07-25,AAPL,216.48
2024-07-26,AAPL,216.95
2024-07-29,AAPL,217.22
2024-07-30,AAPL,217.78
2024-07-31,AAPL,221.05
2024-08-01,AAPL,217.34
2024-08-02,AAPL,218.84
2024-08-05,AAPL,208.3
2024-08-06,AAPL,206.27
2024-08-07,AAPL,208.84
2024-08-08,AAPL,212.32
2024-08-09,AAPL,215.23
2024-08-12,AAPL,216.77
2024-08-13,AAPL,220.49
2024-08-14,AAPL,220.94
2024-08-15,AAPL,223.93
2024-08-16,AAPL,225.26
2024-08-19,AAPL,225.1
2024-08-20,AAPL,225.72
2024-08-21,AAPL,225.61
2024-08-22,AAPL,223.74
2024-08-23,AAPL,226.05
2024-08-26,AAPL,226.38
2024-08-27,AAPL,227.23
2024-08-28,AAPL,225.7
2024-08-29,AAPL,228.99
2024-08-30,AAPL,228.2
2024-09-03,AAPL,221.99
2024-09-04,AAPL,220.08
2024-09-05,AAPL,221.6
2024-09-06,AAPL,220.05
2024-09-09,AAPL,220.14
2024-09-10,AAPL,219.34
2024-09-11,AAPL,221.88
2024-09-12,AAPL,221.99
2024-09-13,AAPL,221.72
2024-09-16,AAPL,215.56
2024-09-17,AAPL,216.03
2024-09-18,AAPL,219.92
2024-09-19,AAPL,228.07
2024-09-20,AAPL,227.4
2024-09-23,AAPL,225.68
2024-09-24,AAPL,226.57
2024-09-25,AAPL,225.58
2024-09-26,AAPL,226.72
2024-09-27,AAPL,226.99
2024-09-30,AAPL,232.18
2024-10-01,AAPL,225.42
2024-10-02,AAPL,225.99
2024-10-03,AAPL,224.88
2024-10-04,AAPL,226.01
2024-10-07,AAPL,220.91
2024-10-08,AAPL,224.98
2024-10-09,AAPL,228.74
2024-10-10,AAPL,228.24
2024-10-11,AAPL,226.75
2024-10-14,AAPL,230.49
2024-10-15,AAPL,233.03
2024-10-16,AAPL,230.97
2024-10-17,AAPL,231.34
2024-10-18,AAPL,234.18
2024-10-21,AAPL,235.65
2024-10-22,AAPL,235.03
2024-10-23,AAPL,229.95
2024-10-24,AAPL,229.76
2024-10-25,AAPL,230.6
2024-10-28,AAPL,232.58
2024-10-29,AAPL,232.85
2024-10-30,AAPL,229.29
2024-10-31,AAPL,225.12
2024-11-01,AAPL,222.13
2024-11-04,AAPL,221.23
2024-11-05,AAPL,222.67
2024-11-06,AAPL,221.94
2024-11-07,AAPL,226.68
2024-11-08,AAPL,226.41
2024-11-11,AAPL,223.69
2024-11-12,AAPL,223.69
2024-11-13,AAPL,224.58
2024-11-14,AAPL,227.67
2024-11-15,AAPL,224.46
2024-11-18,AAPL,227.47
2024-11-19,AAPL,227.73
2024-11-20,AAPL,228.45
2024-11-21,AAPL,227.97
2024-11-22,AAPL,229.32
2024-11-25,AAPL,232.31
2024-11-26,AAPL,234.49
2024-11-27,AAPL,234.36
2024-11-29,AAPL,236.76
2024-12-02,AAPL,239.01
2024-12-03,AAPL,242.07
2024-12-04,AAPL,242.43
2024-12-05,AAPL,242.46
2024-12-06,AAPL,242.26
2024-12-09,AAPL,246.16
2024-12-10,AAPL,247.17
2024-12-11,AAPL,245.9
2024-12-12,AAPL,247.36
2024-12-13,AAPL,247.53
2024-12-16,AAPL,250.44
2024-12-17,AAPL,252.87
2024-12-18,AAPL,247.45
2024-12-19,AAPL,249.19
2024-12-20,AAPL,253.88
2024-12-23,AAPL,254.66
2024-12-24,AAPL,257.58
2024-12-26,AAPL,258.4
2024-12-27,AAPL,254.97
2024-12-30,AAPL,251.59
2024-01-02,PAM,48.22
2024-01-03,PAM,48.49
2024-01-04,PAM,47.74
2024-01-05,PAM,48.17
2024-01-08,PAM,48.8
2024-01-09,PAM,46.45
2024-01-10,PAM,46.86
2024-01-11,PAM,46.6
2024-01-12,PAM,46.91
2024-01-16,PAM,46.72
2024-01-17,PAM,47.15
2024-01-18,PAM,47.23
2024-01-19,PAM,47.78
2024-01-22,PAM,48.13
2024-01-23,PAM,47.34
2024-01-24,PAM,48.05
2024-01-25,PAM,49.79
2024-01-26,PAM,49.94
2024-01-29,PAM,49.09
2024-01-30,PAM,48.78
2024-01-31,PAM,48.7
2024-02-01,PAM,49.17
2024-02-02,PAM,48.59
2024-02-05,PAM,46.9
2024-02-06,PAM,46.85
2024-02-07,PAM,44.22
2024-02-08,PAM,43.37
2024-02-09,PAM,44.08
2024-02-12,PAM,43.36
2024-02-13,PAM,43.34
2024-02-14,PAM,43.93
2024-02-15,PAM,43.38
2024-02-16,PAM,42.34
2024-02-20,PAM,42.06
2024-02-21,PAM,42.21
2024-02-22,PAM,43.6
2024-02-23,PAM,44.54
2024-02-26,PAM,43.45
2024-02-27,PAM,42.35
2024-02-28,PAM,41.57
2024-02-29,PAM,42.02
2024-03-01,PAM,42.69
2024-03-04,PAM,41.63
2024-03-05,PAM,41.41
2024-03-06,PAM,41.85
2024-03-07,PAM,39.3
2024-03-08,PAM,39.61
2024-03-11,PAM,39.02
2024-03-12,PAM,39.37
2024-03-13,PAM,39.16
2024-03-14,PAM,39.16
2024-03-15,PAM,39.64
2024-03-18,PAM,42.53
2024-03-19,PAM,41.91
2024-03-20,PAM,43.66
2024-03-21,PAM,43.4
2024-03-22,PAM,43.68
2024-03-25,PAM,42.83
2024-03-26,PAM,42.55
2024-03-27,PAM,43.5
2024-03-28,PAM,43.14
2024-04-01,PAM,42.71
2024-04-02,PAM,41.74
2024-04-03,PAM,43.78
2024-04-04,PAM,43.52
2024-04-05,PAM,46.6
2024-04-08,PAM,46.04
2024-04-09,PAM,46.5
2024-04-10,PAM,45.65
2024-04-11,PAM,46.12
2024-04-12,PAM,45.18
2024-04-15,PAM,42.45
2024-04-16,PAM,42.07
2024-04-17,PAM,42.02
2024-04-18,PAM,41.89
2024-04-19,PAM,43.08
2024-04-22,PAM,46.25
2024-04-23,PAM,45.1
2024-04-24,PAM,43.57
2024-04-25,PAM,43.86
2024-04-26,PAM,44.04
2024-04-29,PAM,44.84
2024-04-30,PAM,44.37
2024-05-01,PAM,45.39
2024-05-02,PAM,46.56
2024-05-03,PAM,48.74
2024-05-06,PAM,49.6
2024-05-07,PAM,49.85
2024-05-08,PAM,49.49
2024-05-09,PAM,49.01
2024-05-10,PAM,47.09
2024-05-13,PAM,45.94
2024-05-14,PAM,47.51
2024-05-15,PAM,48.79
2024-05-16,PAM,48.31
2024-05-17,PAM,47.89
2024-05-20,PAM,48.87
2024-05-21,PAM,47.27
2024-05-22,PAM,45.03
2024-05-23,PAM,44.36
2024-05-24,PAM,45.72
2024-05-28,PAM,47.66
2024-05-29,PAM,48.53
2024-05-30,PAM,50.21
2024-05-31,PAM,49.35
2024-06-03,PAM,47.45
2024-06-04,PAM,44.19
2024-06-05,PAM,44.37
2024-06-06,PAM,43.72
2024-06-07,PAM,43.45
2024-06-10,PAM,46.17
2024-06-11,PAM,44.64
2024-06-12,PAM,45.21
2024-06-13,PAM,47.11
2024-06-14,PAM,47.28
2024-06-17,PAM,45.15
2024-06-18,PAM,45.59
2024-06-20,PAM,43.63
2024-06-21,PAM,43.97
2024-06-24,PAM,44.41
2024-06-25,PAM,44.39
2024-06-26,PAM,43.73
2024-06-27,PAM,45.62
2024-06-28,PAM,44.26
2024-07-01,PAM,42.69
2024-07-02,PAM,43.28
2024-07-03,PAM,44.63
2024-07-05,PAM,45.09
2024-07-08,PAM,46.3
2024-07-09,PAM,46.27
2024-07-10,PAM,46.5
2024-07-11,PAM,46.7
2024-07-12,PAM,46.88
2024-07-15,PAM,45.4
2024-07-16,PAM,46.0
2024-07-17,PAM,44.8
2024-07-18,PAM,44.8
2024-07-19,PAM,46.14
2024-07-22,PAM,46.55
2024-07-23,PAM,48.09
2024-07-24,PAM,46.87
2024-07-25,PAM,45.64
2024-07-26,PAM,46.06
2024-07-29,PAM,45.36
2024-07-30,PAM,44.0
2024-07-31,PAM,45.43
2024-08-01,PAM,45.28
2024-08-02,PAM,42.73
2024-08-05,PAM,41.97
2024-08-06,PAM,43.13
2024-08-07,PAM,44.21
2024-08-08,PAM,48.8
2024-08-09,PAM,50.99
2024-08-12,PAM,51.83
2024-08-13,PAM,51.7
2024-08-14,PAM,51.86
2024-08-15,PAM,52.79
2024-08-16,PAM,52.52
2024-08-19,PAM,52.87
2024-08-20,PAM,52.6
2024-08-21,PAM,51.59
2024-08-22,PAM,50.57
2024-08-23,PAM,51.14
2024-08-26,PAM,50.81
2024-08-27,PAM,51.5
2024-08-28,PAM,51.97
2024-08-29,PAM,53.0
2024-08-30,PAM,54.42
2024-09-03,PAM,54.86
2024-09-04,PAM,56.68
2024-09-05,PAM,56.67
2024-09-06,PAM,56.18
2024-09-09,PAM,57.76
2024-09-10,PAM,57.23
2024-09-11,PAM,58.69
2024-09-12,PAM,58.99
2024-09-13,PAM,59.14
2024-09-16,PAM,58.76
2024-09-17,PAM,58.57
2024-09-18,PAM,59.44
2024-09-19,PAM,62.41
2024-09-20,PAM,61.86
2024-09-23,PAM,59.98
2024-09-24,PAM,60.18
2024-09-25,PAM,59.4
2024-09-26,PAM,58.24
2024-09-27,PAM,58.62
2024-09-30,PAM,60.04
2024-10-01,PAM,61.03
2024-10-02,PAM,59.98
2024-10-03,PAM,62.12
2024-10-04,PAM,63.06
2024-10-07,PAM,61.02
2024-10-08,PAM,61.73
2024-10-09,PAM,63.79
2024-10-10,PAM,63.67
2024-10-11,PAM,64.97
2024-10-14,PAM,64.88
2024-10-15,PAM,65.6
2024-10-16,PAM,64.36
2024-10-17,PAM,67.85
2024-10-18,PAM,67.63
2024-10-21,PAM,67.66
2024-10-22,PAM,67.66
2024-10-23,PAM,66.56
2024-10-24,PAM,68.18
2024-10-25,PAM,68.61
2024-10-28,PAM,67.0
2024-10-29,PAM,66.4
2024-10-30,PAM,66.74
2024-10-31,PAM,66.93
2024-11-01,PAM,66.02
2024-11-04,PAM,65.72
2024-11-05,PAM,67.69
2024-11-06,PAM,69.23
2024-11-07,PAM,69.42
2024-11-08,PAM,70.16
2024-11-11,PAM,71.07
2024-11-12,PAM,71.69
2024-11-13,PAM,73.97
2024-11-14,PAM,75.84
2024-11-15,PAM,76.38
2024-11-18,PAM,80.02
2024-11-19,PAM,79.41
2024-11-20,PAM,81.89
2024-11-21,PAM,82.28
2024-11-22,PAM,84.93
2024-11-25,PAM,82.63
2024-11-26,PAM,83.93
2024-11-27,PAM,84.2
2024-11-29,PAM,85.59
2024-12-02,PAM,86.93
2024-12-03,PAM,87.1
2024-12-04,PAM,86.06
2024-12-05,PAM,87.02
2024-12-06,PAM,87.42
2024-12-09,PAM,87.86
2024-12-10,PAM,86.73
2024-12-11,PAM,90.51
2024-12-12,PAM,89.66
2024-12-13,PAM,89.39
2024-12-16,PAM,91.79
2024-12-17,PAM,90.69
2024-12-18,PAM,85.65
2024-12-19,PAM,84.97
2024-12-20,PAM,85.92
2024-12-23,PAM,86.67
2024-12-24,PAM,88.21
2024-12-26,PAM,88.11
2024-12-27,PAM,88.39
2024-12-30,PAM,87.76
2024-01-02,GOOG,138.74
2024-01-03,GOOG,139.53
2024-01-04,GOOG,137.22
2024-01-05,GOOG,136.58
2024-01-08,GOOG,139.7
2024-01-09,GOOG,141.72
2024-01-10,GOOG,142.95
2024-01-11,GOOG,142.82
2024-01-12,GOOG,143.39
2024-01-16,GOOG,143.23
2024-01-17,GOOG,142.05
2024-01-18,GOOG,144.13
2024-01-19,GOOG,147.1
2024-01-22,GOOG,146.84
2024-01-23,GOOG,147.8
2024-01-24,GOOG,149.46
2024-01-25,GOOG,152.73
2024-01-26,GOOG,152.88
2024-01-29,GOOG,153.93
2024-01-30,GOOG,152.15
2024-01-31,GOOG,140.96
2024-02-01,GOOG,141.87
2024-02-02,GOOG,142.69
2024-02-05,GOOG,144.07
2024-02-06,GOOG,144.55
2024-02-07,GOOG,145.81
2024-02-08,GOOG,146.35
2024-02-09,GOOG,149.33
2024-02-12,GOOG,147.85
2024-02-13,GOOG,145.51
2024-02-14,GOOG,146.27
2024-02-15,GOOG,143.09
2024-02-16,GOOG,140.92
2024-02-20,GOOG,141.36
2024-02-21,GOOG,142.99
2024-02-22,GOOG,144.46
2024-02-23,GOOG,144.43
2024-02-26,GOOG,137.93
2024-02-27,GOOG,139.27
2024-02-28,GOOG,136.62
2024-02-29,GOOG,138.95
2024-03-01,GOOG,137.26
2024-03-04,GOOG,133.41
2024-03-05,GOOG,132.99
2024-03-06,GOOG,131.78
2024-03-07,GOOG,134.44
2024-03-08,GOOG,135.48
2024-03-11,GOOG,138.12
2024-03-12,GOOG,138.79
2024-03-13,GOOG,139.94
2024-03-14,GOOG,143.49
2024-03-15,GOOG,141.33
2024-03-18,GOOG,147.6
2024-03-19,GOOG,147.05
2024-03-20,GOOG,148.8
2024-03-21,GOOG,147.86
2024-03-22,GOOG,150.87
2024-03-25,GOOG,150.26
2024-03-26,GOOG,150.8
2024-03-27,GOOG,151.04
2024-03-28,GOOG,151.36
2024-04-01,GOOG,155.58
2024-04-02,GOOG,154.95
2024-04-03,GOOG,155.45
2024-04-04,GOOG,151.04
2024-04-05,GOOG,153.03
2024-04-08,GOOG,155.22
2024-04-09,GOOG,157.21
2024-04-10,GOOG,156.73
2024-04-11,GOOG,159.84
2024-04-12,GOOG,158.25
2024-04-15,GOOG,155.41
2024-04-16,GOOG,155.08
2024-04-17,GOOG,155.95
2024-04-18,GOOG,156.53
2024-04-19,GOOG,154.8
2024-04-22,GOOG,157.02
2024-04-23,GOOG,158.98
2024-04-24,GOOG,160.15
2024-04-25,GOOG,157.02
2024-04-26,GOOG,172.66
2024-04-29,GOOG,166.91
2024-04-30,GOOG,163.67
2024-05-01,GOOG,164.59
2024-05-02,GOOG,167.46
2024-05-03,GOOG,167.99
2024-05-06,GOOG,168.83
2024-05-07,GOOG,171.96
2024-05-08,GOOG,170.15
2024-05-09,GOOG,170.57
2024-05-10,GOOG,169.28
2024-05-13,GOOG,169.89
2024-05-14,GOOG,170.91
2024-05-15,GOOG,172.85
2024-05-16,GOOG,174.39
2024-05-17,GOOG,176.24
2024-05-20,GOOG,177.41
2024-05-21,GOOG,178.48
2024-05-22,GOOG,176.95
2024-05-23,GOOG,174.03
2024-05-24,GOOG,175.29
2024-05-28,GOOG,176.97
2024-05-29,GOOG,176.35
2024-05-30,GOOG,172.53
2024-05-31,GOOG,172.93
2024-06-03,GOOG,173.39
2024-06-04,GOOG,174.1
2024-06-05,GOOG,176.02
2024-06-06,GOOG,177.3
2024-06-07,GOOG,174.91
2024-06-10,GOOG,175.79
2024-06-11,GOOG,177.34
2024-06-12,GOOG,178.7
2024-06-13,GOOG,175.9
2024-06-14,GOOG,177.52
2024-06-17,GOOG,177.93
2024-06-18,GOOG,175.61
2024-06-20,GOOG,176.86
2024-06-21,GOOG,179.4
2024-06-24,GOOG,179.93
2024-06-25,GOOG,184.69
2024-06-26,GOOG,184.48
2024-06-27,GOOG,185.97
2024-06-28,GOOG,182.54
2024-07-01,GOOG,183.61
2024-07-02,GOOG,185.72
2024-07-03,GOOG,186.49
2024-07-05,GOOG,191.04
2024-07-08,GOOG,189.57
2024-07-09,GOOG,189.53
2024-07-10,GOOG,191.74
2024-07-11,GOOG,186.41
2024-07-12,GOOG,185.89
2024-07-15,GOOG,187.29
2024-07-16,GOOG,184.61
2024-07-17,GOOG,181.75
2024-07-18,GOOG,178.36
2024-07-19,GOOG,178.53
2024-07-22,GOOG,182.47
2024-07-23,GOOG,182.72
2024-07-24,GOOG,173.54
2024-07-25,GOOG,168.35
2024-07-26,GOOG,167.87
2024-07-29,GOOG,170.31
2024-07-30,GOOG,171.04
2024-07-31,GOOG,172.32
2024-08-01,GOOG,171.63
2024-08-02,GOOG,167.6
2024-08-05,GOOG,159.87
2024-08-06,GOOG,159.77
2024-08-07,GOOG,159.98
2024-08-08,GOOG,163.06
2024-08-09,GOOG,164.6
2024-08-12,GOOG,163.17
2024-08-13,GOOG,165.14
2024-08-14,GOOG,161.26
2024-08-15,GOOG,162.39
2024-08-16,GOOG,163.95
2024-08-19,GOOG,167.6
2024-08-20,GOOG,168.15
2024-08-21,GOOG,166.83
2024-08-22,GOOG,164.7
2024-08-23,GOOG,166.63
2024-08-26,GOOG,167.13
2024-08-27,GOOG,165.59
2024-08-28,GOOG,163.71
2024-08-29,GOOG,162.62
2024-08-30,GOOG,164.32
2024-09-03,GOOG,157.85
2024-09-04,GOOG,157.06
2024-09-05,GOOG,157.84
2024-09-06,GOOG,151.4
2024-09-09,GOOG,149.02
2024-09-10,GOOG,149.49
2024-09-11,GOOG,151.62
2024-09-12,GOOG,155.0
2024-09-13,GOOG,157.82
2024-09-16,GOOG,158.44
2024-09-17,GOOG,159.72
2024-09-18,GOOG,160.25
2024-09-19,GOOG,162.67
2024-09-20,GOOG,164.07
2024-09-23,GOOG,162.5
2024-09-24,GOOG,163.07
2024-09-25,GOOG,162.42
2024-09-26,GOOG,163.26
2024-09-27,GOOG,164.72
2024-09-30,GOOG,166.61
2024-10-01,GOOG,167.84
2024-10-02,GOOG,166.73
2024-10-03,GOOG,166.63
2024-10-04,GOOG,167.98
2024-10-07,GOOG,163.82
2024-10-08,GOOG,165.13
2024-10-09,GOOG,162.49
2024-10-10,GOOG,162.61
2024-10-11,GOOG,163.95
2024-10-14,GOOG,165.77
2024-10-15,GOOG,166.32
2024-10-16,GOOG,166.16
2024-10-17,GOOG,163.94
2024-10-18,GOOG,164.48
2024-10-21,GOOG,165.23
2024-10-22,GOOG,166.24
2024-10-23,GOOG,163.91
2024-10-24,GOOG,163.96
2024-10-25,GOOG,166.41
2024-10-28,GOOG,167.76
2024-10-29,GOOG,170.55
2024-10-30,GOOG,175.53
2024-10-31,GOOG,172.09
2024-11-01,GOOG,172.05
2024-11-04,GOOG,170.09
2024-11-05,GOOG,170.82
2024-11-06,GOOG,177.71
2024-11-07,GOOG,181.65
2024-11-08,GOOG,179.24
2024-11-11,GOOG,181.34
2024-11-12,GOOG,182.68
2024-11-13,GOOG,179.86
2024-11-14,GOOG,176.74
2024-11-15,GOOG,173.29
2024-11-18,GOOG,176.19
2024-11-19,GOOG,178.96
2024-11-20,GOOG,176.72
2024-11-21,GOOG,168.65
2024-11-22,GOOG,165.99
2024-11-25,GOOG,168.84
2024-11-26,GOOG,170.03
2024-11-27,GOOG,170.23
2024-11-29,GOOG,169.9
2024-12-02,GOOG,172.38
2024-12-03,GOOG,172.42
2024-12-04,GOOG,175.48
2024-12-05,GOOG,173.71
2024-12-06,GOOG,175.88
2024-12-09,GOOG,176.69
2024-12-10,GOOG,186.09
2024-12-11,GOOG,196.25
2024-12-12,GOOG,193.18
2024-12-13,GOOG,190.93
2024-12-16,GOOG,197.7
2024-12-17,GOOG,196.66
2024-12-18,GOOG,189.71
2024-12-19,GOOG,189.26
2024-12-20,GOOG,192.51
2024-12-23,GOOG,195.53
2024-12-24,GOOG,197.11
2024-12-26,GOOG,196.64
2024-12-27,GOOG,193.59
2024-12-30,GOOG,192.24
2024-01-02,AMZN,149.93
2024-01-03,AMZN,148.47
2024-01-04,AMZN,144.57
2024-01-05,AMZN,145.24
2024-01-08,AMZN,149.1
2024-01-09,AMZN,151.37
2024-01-10,AMZN,153.73
2024-01-11,AMZN,155.18
2024-01-12,AMZN,154.62
2024-01-16,AMZN,153.16
2024-01-17,AMZN,151.71
2024-01-18,AMZN,153.5
2024-01-19,AMZN,155.34
2024-01-22,AMZN,154.78
2024-01-23,AMZN,156.02
2024-01-24,AMZN,156.87
2024-01-25,AMZN,157.75
2024-01-26,AMZN,159.12
2024-01-29,AMZN,161.26
2024-01-30,AMZN,159.0
2024-01-31,AMZN,155.2
2024-02-01,AMZN,159.28
2024-02-02,AMZN,171.81
2024-02-05,AMZN,170.31
2024-02-06,AMZN,169.15
2024-02-07,AMZN,170.53
2024-02-08,AMZN,169.84
2024-02-09,AMZN,174.45
2024-02-12,AMZN,172.34
2024-02-13,AMZN,168.64
2024-02-14,AMZN,170.98
2024-02-15,AMZN,169.8
2024-02-16,AMZN,169.51
2024-02-20,AMZN,167.08
2024-02-21,AMZN,168.59
2024-02-22,AMZN,174.58
2024-02-23,AMZN,174.99
2024-02-26,AMZN,174.73
2024-02-27,AMZN,173.54
2024-02-28,AMZN,173.16
2024-02-29,AMZN,176.76
2024-03-01,AMZN,178.22
2024-03-04,AMZN,177.58
2024-03-05,AMZN,174.12
2024-03-06,AMZN,173.51
2024-03-07,AMZN,176.82
2024-03-08,AMZN,175.35
2024-03-11,AMZN,171.96
2024-03-12,AMZN,175.39
2024-03-13,AMZN,176.56
2024-03-14,AMZN,178.75
2024-03-15,AMZN,174.42
2024-03-18,AMZN,174.48
2024-03-19,AMZN,175.9
2024-03-20,AMZN,178.15
2024-03-21,AMZN,178.15
2024-03-22,AMZN,178.87
2024-03-25,AMZN,179.71
2024-03-26,AMZN,178.3
2024-03-27,AMZN,179.83
2024-03-28,AMZN,180.38
2024-04-01,AMZN,180.97
2024-04-02,AMZN,180.69
2024-04-03,AMZN,182.41
2024-04-04,AMZN,180.0
2024-04-05,AMZN,185.07
2024-04-08,AMZN,185.19
2024-04-09,AMZN,185.67
2024-04-10,AMZN,185.95
2024-04-11,AMZN,189.05
2024-04-12,AMZN,186.13
2024-04-15,AMZN,183.62
2024-04-16,AMZN,183.32
2024-04-17,AMZN,181.28
2024-04-18,AMZN,179.22
2024-04-19,AMZN,174.63
2024-04-22,AMZN,177.23
2024-04-23,AMZN,179.54
2024-04-24,AMZN,176.59
2024-04-25,AMZN,173.67
2024-04-26,AMZN,179.62
2024-04-29,AMZN,180.96
2024-04-30,AMZN,175.0
2024-05-01,AMZN,179.0
2024-05-02,AMZN,184.72
2024-05-03,AMZN,186.21
2024-05-06,AMZN,188.7
2024-05-07,AMZN,188.76
2024-05-08,AMZN,188.0
2024-05-09,AMZN,189.5
2024-05-10,AMZN,187.48
2024-05-13,AMZN,186.57
2024-05-14,AMZN,187.07
2024-05-15,AMZN,185.99
2024-05-16,AMZN,183.63
2024-05-17,AMZN,184.7
2024-05-20,AMZN,183.54
2024-05-21,AMZN,183.15
2024-05-22,AMZN,183.13
2024-05-23,AMZN,181.05
2024-05-24,AMZN,180.75
2024-05-28,AMZN,182.15
2024-05-29,AMZN,182.02
2024-05-30,AMZN,179.32
2024-05-31,AMZN,176.44
2024-06-03,AMZN,178.34
2024-06-04,AMZN,179.34
2024-06-05,AMZN,181.28
2024-06-06,AMZN,185.0
2024-06-07,AMZN,184.3
2024-06-10,AMZN,187.06
2024-06-11,AMZN,187.23
2024-06-12,AMZN,186.89
2024-06-13,AMZN,183.83
2024-06-14,AMZN,183.66
2024-06-17,AMZN,184.06
2024-06-18,AMZN,182.81
2024-06-20,AMZN,186.1
2024-06-21,AMZN,189.08
2024-06-24,AMZN,185.57
2024-06-25,AMZN,186.34
2024-06-26,AMZN,193.61
2024-06-27,AMZN,197.85
2024-06-28,AMZN,193.25
2024-07-01,AMZN,197.2
2024-07-02,AMZN,200.0
2024-07-03,AMZN,197.59
2024-07-05,AMZN,200.0
2024-07-08,AMZN,199.29
2024-07-09,AMZN,199.34
2024-07-10,AMZN,199.79
2024-07-11,AMZN,195.05
2024-07-12,AMZN,194.49
2024-07-15,AMZN,192.72
2024-07-16,AMZN,193.02
2024-07-17,AMZN,187.93
2024-07-18,AMZN,183.75
2024-07-19,AMZN,183.13
2024-07-22,AMZN,182.55
2024-07-23,AMZN,186.41
2024-07-24,AMZN,180.83
2024-07-25,AMZN,179.85
2024-07-26,AMZN,182.5
2024-07-29,AMZN,183.2
2024-07-30,AMZN,181.71
2024-07-31,AMZN,186.98
2024-08-01,AMZN,184.07
2024-08-02,AMZN,167.9
2024-08-05,AMZN,161.02
2024-08-06,AMZN,161.93
2024-08-07,AMZN,162.77
2024-08-08,AMZN,165.8
2024-08-09,AMZN,166.94
2024-08-12,AMZN,166.8
2024-08-13,AMZN,170.23
2024-08-14,AMZN,170.1
2024-08-15,AMZN,177.59
2024-08-16,AMZN,177.06
2024-08-19,AMZN,178.22
2024-08-20,AMZN,178.88
2024-08-21,AMZN,180.11
2024-08-22,AMZN,176.13
2024-08-23,AMZN,177.04
2024-08-26,AMZN,175.5
2024-08-27,AMZN,173.12
2024-08-28,AMZN,170.8
2024-08-29,AMZN,172.12
2024-08-30,AMZN,178.5
2024-09-03,AMZN,176.25
2024-09-04,AMZN,173.33
2024-09-05,AMZN,177.89
2024-09-06,AMZN,171.39
2024-09-09,AMZN,175.4
2024-09-10,AMZN,179.55
2024-09-11,AMZN,184.52
2024-09-12,AMZN,187.0
2024-09-13,AMZN,186.49
2024-09-16,AMZN,184.89
2024-09-17,AMZN,186.88
2024-09-18,AMZN,186.43
2024-09-19,AMZN,189.87
2024-09-20,AMZN,191.6
2024-09-23,AMZN,193.88
2024-09-24,AMZN,193.96
2024-09-25,AMZN,192.53
2024-09-26,AMZN,191.16
2024-09-27,AMZN,187.97
2024-09-30,AMZN,186.33
2024-10-01,AMZN,185.13
2024-10-02,AMZN,184.76
2024-10-03,AMZN,181.96
2024-10-04,AMZN,186.51
2024-10-07,AMZN,180.8
2024-10-08,AMZN,182.72
2024-10-09,AMZN,185.17
2024-10-10,AMZN,186.65
2024-10-11,AMZN,188.82
2024-10-14,AMZN,187.54
2024-10-15,AMZN,187.69
2024-10-16,AMZN,186.89
2024-10-17,AMZN,187.53
2024-10-18,AMZN,188.99
2024-10-21,AMZN,189.07
2024-10-22,AMZN,189.7
2024-10-23,AMZN,184.71
2024-10-24,AMZN,186.38
2024-10-25,AMZN,187.83
2024-10-28,AMZN,188.39
2024-10-29,AMZN,190.83
2024-10-30,AMZN,192.73
2024-10-31,AMZN,186.4
2024-11-01,AMZN,197.93
2024-11-04,AMZN,195.78
2024-11-05,AMZN,199.5
2024-11-06,AMZN,207.09
2024-11-07,AMZN,210.05
2024-11-08,AMZN,208.18
2024-11-11,AMZN,206.84
2024-11-12,AMZN,208.91
2024-11-13,AMZN,214.1
2024-11-14,AMZN,211.48
2024-11-15,AMZN,202.61
2024-11-18,AMZN,201.7
2024-11-19,AMZN,204.61
2024-11-20,AMZN,202.88
2024-11-21,AMZN,198.38
2024-11-22,AMZN,197.12
2024-11-25,AMZN,201.45
2024-11-26,AMZN,207.86
2024-11-27,AMZN,205.74
2024-11-29,AMZN,207.89
2024-12-02,AMZN,210.71
2024-12-03,AMZN,213.44
2024-12-04,AMZN,218.16
2024-12-05,AMZN,220.55
2024-12-06,AMZN,227.03
2024-12-09,AMZN,226.09
2024-12-10,AMZN,225.04
2024-12-11,AMZN,230.26
2024-12-12,AMZN,228.97
2024-12-13,AMZN,227.46
2024-12-16,AMZN,232.93
2024-12-17,AMZN,231.15
2024-12-18,AMZN,220.52
2024-12-19,AMZN,223.29
2024-12-20,AMZN,224.92
2024-12-23,AMZN,225.06
2024-12-24,AMZN,229.05
2024-12-26,AMZN,227.05
2024-12-27,AMZN,223.75
2024-12-30,AMZN,221.3
2024-01-02,TSLA,248.42
2024-01-03,TSLA,238.45
2024-01-04,TSLA,237.93
2024-01-05,TSLA,237.49
2024-01-08,TSLA,240.45
2024-01-09,TSLA,234.96
2024-01-10,TSLA,233.94
2024-01-11,TSLA,227.22
2024-01-12,TSLA,218.89
2024-01-16,TSLA,219.91
2024-01-17,TSLA,215.55
2024-01-18,TSLA,211.88
2024-01-19,TSLA,212.19
2024-01-22,TSLA,208.8
2024-01-23,TSLA,209.14
2024-01-24,TSLA,207.83
2024-01-25,TSLA,182.63
2024-01-26,TSLA,183.25
2024-01-29,TSLA,190.93
2024-01-30,TSLA,191.59
2024-01-31,TSLA,187.29
2024-02-01,TSLA,188.86
2024-02-02,TSLA,187.91
2024-02-05,TSLA,181.06
2024-02-06,TSLA,185.1
2024-02-07,TSLA,187.58
2024-02-08,TSLA,189.56
2024-02-09,TSLA,193.57
2024-02-12,TSLA,188.13
2024-02-13,TSLA,184.02
2024-02-14,TSLA,188.71
2024-02-15,TSLA,200.45
2024-02-16,TSLA,199.95
2024-02-20,TSLA,193.76
2024-02-21,TSLA,194.77
2024-02-22,TSLA,197.41
2024-02-23,TSLA,191.97
2024-02-26,TSLA,199.4
2024-02-27,TSLA,199.73
2024-02-28,TSLA,202.04
2024-02-29,TSLA,201.88
2024-03-01,TSLA,202.64
2024-03-04,TSLA,188.14
2024-03-05,TSLA,180.74
2024-03-06,TSLA,176.54
2024-03-07,TSLA,178.65
2024-03-08,TSLA,175.34
2024-03-11,TSLA,177.77
2024-03-12,TSLA,177.54
2024-03-13,TSLA,169.48
2024-03-14,TSLA,162.5
2024-03-15,TSLA,163.57
2024-03-18,TSLA,173.8
2024-03-19,TSLA,171.32
2024-03-20,TSLA,175.66
2024-03-21,TSLA,172.82
2024-03-22,TSLA,170.83
2024-03-25,TSLA,172.63
2024-03-26,TSLA,177.67
2024-03-27,TSLA,179.83
2024-03-28,TSLA,175.79
2024-04-01,TSLA,175.22
2024-04-02,TSLA,166.63
2024-04-03,TSLA,168.38
2024-04-04,TSLA,171.11
2024-04-05,TSLA,164.9
2024-04-08,TSLA,172.98
2024-04-09,TSLA,176.88
2024-04-10,TSLA,171.76
2024-04-11,TSLA,174.6
2024-04-12,TSLA,171.05
2024-04-15,TSLA,161.48
2024-04-16,TSLA,157.11
2024-04-17,TSLA,155.45
2024-04-18,TSLA,149.93
2024-04-19,TSLA,147.05
2024-04-22,TSLA,142.05
2024-04-23,TSLA,144.68
2024-04-24,TSLA,162.13
2024-04-25,TSLA,170.18
2024-04-26,TSLA,168.29
2024-04-29,TSLA,194.05
2024-04-30,TSLA,183.28
2024-05-01,TSLA,179.99
2024-05-02,TSLA,180.01
2024-05-03,TSLA,181.19
2024-05-06,TSLA,184.76
2024-05-07,TSLA,177.81
2024-05-08,TSLA,174.72
2024-05-09,TSLA,171.97
2024-05-10,TSLA,168.47
2024-05-13,TSLA,171.89
2024-05-14,TSLA,177.55
2024-05-15,TSLA,173.99
2024-05-16,TSLA,174.84
2024-05-17,TSLA,177.46
2024-05-20,TSLA,174.95
2024-05-21,TSLA,186.6
2024-05-22,TSLA,180.11
2024-05-23,TSLA,173.74
2024-05-24,TSLA,179.24
2024-05-28,TSLA,176.75
2024-05-29,TSLA,176.19
2024-05-30,TSLA,178.79
2024-05-31,TSLA,178.08
2024-06-03,TSLA,176.29
2024-06-04,TSLA,174.77
2024-06-05,TSLA,175.0
2024-06-06,TSLA,177.94
2024-06-07,TSLA,177.48
2024-06-10,TSLA,173.79
2024-06-11,TSLA,170.66
2024-06-12,TSLA,177.29
2024-06-13,TSLA,182.47
2024-06-14,TSLA,178.01
2024-06-17,TSLA,187.44
2024-06-18,TSLA,184.86
2024-06-20,TSLA,181.57
2024-06-21,TSLA,183.01
2024-06-24,TSLA,182.58
2024-06-25,TSLA,187.35
2024-06-26,TSLA,196.37
2024-06-27,TSLA,197.42
2024-06-28,TSLA,197.88
2024-07-01,TSLA,209.86
2024-07-02,TSLA,231.26
2024-07-03,TSLA,246.39
2024-07-05,TSLA,251.52
2024-07-08,TSLA,252.94
2024-07-09,TSLA,262.33
2024-07-10,TSLA,263.26
2024-07-11,TSLA,241.03
2024-07-12,TSLA,248.23
2024-07-15,TSLA,252.64
2024-07-16,TSLA,256.56
2024-07-17,TSLA,248.5
2024-07-18,TSLA,249.23
2024-07-19,TSLA,239.2
2024-07-22,TSLA,251.51
2024-07-23,TSLA,246.38
2024-07-24,TSLA,215.99
2024-07-25,TSLA,220.25
2024-07-26,TSLA,219.8
2024-07-29,TSLA,232.1
2024-07-30,TSLA,222.62
2024-07-31,TSLA,232.07
2024-08-01,TSLA,216.86
2024-08-02,TSLA,207.67
2024-08-05,TSLA,198.88
2024-08-06,TSLA,200.64
2024-08-07,TSLA,191.76
2024-08-08,TSLA,198.84
2024-08-09,TSLA,200.0
2024-08-12,TSLA,197.49
2024-08-13,TSLA,207.83
2024-08-14,TSLA,201.38
2024-08-15,TSLA,214.14
2024-08-16,TSLA,216.12
2024-08-19,TSLA,222.72
2024-08-20,TSLA,221.1
2024-08-21,TSLA,223.27
2024-08-22,TSLA,210.66
2024-08-23,TSLA,220.32
2024-08-26,TSLA,213.21
2024-08-27,TSLA,209.21
2024-08-28,TSLA,205.75
2024-08-29,TSLA,206.28
2024-08-30,TSLA,214.11
2024-09-03,TSLA,210.6
2024-09-04,TSLA,219.41
2024-09-05,TSLA,230.17
2024-09-06,TSLA,210.73
2024-09-09,TSLA,216.27
2024-09-10,TSLA,226.17
2024-09-11,TSLA,228.13
2024-09-12,TSLA,229.81
2024-09-13,TSLA,230.29
2024-09-16,TSLA,226.78
2024-09-17,TSLA,227.87
2024-09-18,TSLA,227.2
2024-09-19,TSLA,243.92
2024-09-20,TSLA,238.25
2024-09-23,TSLA,250.0
2024-09-24,TSLA,254.27
2024-09-25,TSLA,257.02
2024-09-26,TSLA,254.22
2024-09-27,TSLA,260.46
2024-09-30,TSLA,261.63
2024-10-01,TSLA,258.02
2024-10-02,TSLA,249.02
2024-10-03,TSLA,240.66
2024-10-04,TSLA,250.08
2024-10-07,TSLA,240.83
2024-10-08,TSLA,244.5
2024-10-09,TSLA,241.05
2024-10-10,TSLA,238.77
2024-10-11,TSLA,217.8
2024-10-14,TSLA,219.16
2024-10-15,TSLA,219.57
2024-10-16,TSLA,221.33
2024-10-17,TSLA,220.89
2024-10-18,TSLA,220.7
2024-10-21,TSLA,218.85
2024-10-22,TSLA,217.97
2024-10-23,TSLA,213.65
2024-10-24,TSLA,260.48
2024-10-25,TSLA,269.19
2024-10-28,TSLA,262.51
2024-10-29,TSLA,259.52
2024-10-30,TSLA,257.55
2024-10-31,TSLA,249.85
2024-11-01,TSLA,248.98
2024-11-04,TSLA,242.84
2024-11-05,TSLA,251.44
2024-11-06,TSLA,288.53
2024-11-07,TSLA,296.91
2024-11-08,TSLA,321.22
2024-11-11,TSLA,350.0
2024-11-12,TSLA,328.49
2024-11-13,TSLA,330.24
2024-11-14,TSLA,311.18
2024-11-15,TSLA,320.72
2024-11-18,TSLA,338.74
2024-11-19,TSLA,346.0
2024-11-20,TSLA,342.03
2024-11-21,TSLA,339.64
2024-11-22,TSLA,352.56
2024-11-25,TSLA,338.59
2024-11-26,TSLA,338.23
2024-11-27,TSLA,332.89
2024-11-29,TSLA,345.16
2024-12-02,TSLA,357.09
2024-12-03,TSLA,351.42
2024-12-04,TSLA,357.93
2024-12-05,TSLA,369.49
2024-12-06,TSLA,389.22
2024-12-09,TSLA,389.79
2024-12-10,TSLA,400.99
2024-12-11,TSLA,424.77
2024-12-12,TSLA,418.1
2024-12-13,TSLA,436.23
2024-12-16,TSLA,463.02
2024-12-17,TSLA,479.86
2024-12-18,TSLA,440.13
2024-12-19,TSLA,436.17
2024-12-20,TSLA,421.06
2024-12-23,TSLA,430.6
2024-12-24,TSLA,462.28
2024-12-26,TSLA,454.13
2024-12-27,TSLA,431.66
2024-12-30,TSLA,417.41
2024-01-02,MSTR,68.51
2024-01-03,MSTR,63.11
2024-01-04,MSTR,65.58
2024-01-05,MSTR,63.11
2024-01-08,MSTR,59.8
2024-01-09,MSTR,57.73
2024-01-10,MSTR,56.57
2024-01-11,MSTR,53.62
2024-01-12,MSTR,48.55
2024-01-16,MSTR,48.21
2024-01-17,MSTR,49.9
2024-01-18,MSTR,48.66
2024-01-19,MSTR,48.1
2024-01-22,MSTR,47.02
2024-01-23,MSTR,45.02
2024-01-24,MSTR,45.1
2024-01-25,MSTR,45.78
2024-01-26,MSTR,49.45
2024-01-29,MSTR,51.38
2024-01-30,MSTR,51.95
2024-01-31,MSTR,50.12
2024-02-01,MSTR,50.35
2024-02-02,MSTR,50.01
2024-02-05,MSTR,49.06
2024-02-06,MSTR,49.8
2024-02-07,MSTR,50.8
2024-02-08,MSTR,58.78
2024-02-09,MSTR,64.63
2024-02-12,MSTR,71.75
2024-02-13,MSTR,68.6
2024-02-14,MSTR,76.99
2024-02-15,MSTR,71.8
2024-02-16,MSTR,69.96
2024-02-20,MSTR,70.5
2024-02-21,MSTR,67.28
2024-02-22,MSTR,71.32
2024-02-23,MSTR,68.74
2024-02-26,MSTR,79.65
2024-02-27,MSTR,87.18
2024-02-28,MSTR,96.29
2024-02-29,MSTR,102.28
2024-03-01,MSTR,107.94
2024-03-04,MSTR,133.4
2024-03-05,MSTR,105.1
2024-03-06,MSTR,124.62
2024-03-07,MSTR,130.0
2024-03-08,MSTR,142.56
2024-03-11,MSTR,148.42
2024-03-12,MSTR,159.34
2024-03-13,MSTR,176.62
2024-03-14,MSTR,167.68
2024-03-15,MSTR,178.24
2024-03-18,MSTR,150.28
2024-03-19,MSTR,141.75
2024-03-20,MSTR,154.65
2024-03-21,MSTR,159.93
2024-03-22,MSTR,152.3
2024-03-25,MSTR,185.6
2024-03-26,MSTR,187.7
2024-03-27,MSTR,191.92
2024-03-28,MSTR,170.46
2024-04-01,MSTR,163.67
2024-04-02,MSTR,157.88
2024-04-03,MSTR,160.61
2024-04-04,MSTR,161.54
2024-04-05,MSTR,143.9
2024-04-08,MSTR,151.3
2024-04-09,MSTR,144.1
2024-04-10,MSTR,156.6
2024-04-11,MSTR,155.18
2024-04-12,MSTR,147.96
2024-04-15,MSTR,133.59
2024-04-16,MSTR,125.4
2024-04-17,MSTR,118.81
2024-04-18,MSTR,120.82
2024-04-19,MSTR,117.41
2024-04-22,MSTR,132.4
2024-04-23,MSTR,133.86
2024-04-24,MSTR,126.57
2024-04-25,MSTR,124.04
2024-04-26,MSTR,128.24
2024-04-29,MSTR,129.3
2024-04-30,MSTR,106.5
2024-05-01,MSTR,102.83
2024-05-02,MSTR,112.94
2024-05-03,MSTR,122.3
2024-05-06,MSTR,126.88
2024-05-07,MSTR,125.75
2024-05-08,MSTR,123.31
2024-05-09,MSTR,126.36
2024-05-10,MSTR,118.05
2024-05-13,MSTR,124.6
2024-05-14,MSTR,129.76
2024-05-15,MSTR,150.35
2024-05-16,MSTR,144.0
2024-05-17,MSTR,158.45
2024-05-20,MSTR,172.72
2024-05-21,MSTR,165.54
2024-05-22,MSTR,164.7
2024-05-23,MSTR,154.41
2024-05-24,MSTR,168.48
2024-05-28,MSTR,167.54
2024-05-29,MSTR,161.87
2024-05-30,MSTR,154.1
2024-05-31,MSTR,152.45
2024-06-03,MSTR,162.74
2024-06-04,MSTR,163.88
2024-06-05,MSTR,169.47
2024-06-06,MSTR,165.66
2024-06-07,MSTR,159.62
2024-06-10,MSTR,159.99
2024-06-11,MSTR,155.55
2024-06-12,MSTR,160.37
2024-06-13,MSTR,148.39
2024-06-14,MSTR,149.55
2024-06-17,MSTR,150.73
2024-06-18,MSTR,146.94
2024-06-20,MSTR,146.54
2024-06-21,MSTR,148.38
2024-06-24,MSTR,137.21
2024-06-25,MSTR,149.57
2024-06-26,MSTR,145.77
2024-06-27,MSTR,152.54
2024-06-28,MSTR,137.75
2024-07-01,MSTR,136.6
2024-07-02,MSTR,132.02
2024-07-03,MSTR,130.21
2024-07-05,MSTR,128.17
2024-07-08,MSTR,129.06
2024-07-09,MSTR,130.18
2024-07-10,MSTR,130.57
2024-07-11,MSTR,135.86
2024-07-12,MSTR,139.68
2024-07-15,MSTR,161.13
2024-07-16,MSTR,166.43
2024-07-17,MSTR,159.0
2024-07-18,MSTR,155.52
2024-07-19,MSTR,177.85
2024-07-22,MSTR,180.01
2024-07-23,MSTR,172.18
2024-07-24,MSTR,167.27
2024-07-25,MSTR,160.65
2024-07-26,MSTR,175.27
2024-07-29,MSTR,168.49
2024-07-30,MSTR,160.41
2024-07-31,MSTR,161.44
2024-08-01,MSTR,151.18
2024-08-02,MSTR,144.8
2024-08-05,MSTR,130.9
2024-08-06,MSTR,136.92
2024-08-07,MSTR,124.68
2024-08-08,MSTR,135.99
2024-08-09,MSTR,135.37
2024-08-12,MSTR,131.46
2024-08-13,MSTR,135.38
2024-08-14,MSTR,130.37
2024-08-15,MSTR,131.93
2024-08-16,MSTR,133.04
2024-08-19,MSTR,135.35
2024-08-20,MSTR,133.69
2024-08-21,MSTR,141.42
2024-08-22,MSTR,133.81
2024-08-23,MSTR,150.01
2024-08-26,MSTR,146.9
2024-08-27,MSTR,140.01
2024-08-28,MSTR,132.09
2024-08-29,MSTR,132.56
2024-08-30,MSTR,132.42
2024-09-03,MSTR,122.32
2024-09-04,MSTR,124.85
2024-09-05,MSTR,119.57
2024-09-06,MSTR,114.3
2024-09-09,MSTR,124.82
2024-09-10,MSTR,129.64
2024-09-11,MSTR,129.28
2024-09-12,MSTR,130.77
2024-09-13,MSTR,141.47
2024-09-16,MSTR,134.53
2024-09-17,MSTR,131.27
2024-09-18,MSTR,132.67
2024-09-19,MSTR,144.66
2024-09-20,MSTR,144.78
2024-09-23,MSTR,149.97
2024-09-24,MSTR,153.88
2024-09-25,MSTR,151.94
2024-09-26,MSTR,165.98
2024-09-27,MSTR,176.22
2024-09-30,MSTR,168.6
2024-10-01,MSTR,162.69
2024-10-02,MSTR,164.64
2024-10-03,MSTR,163.41
2024-10-04,MSTR,176.51
2024-10-07,MSTR,186.09
2024-10-08,MSTR,192.2
2024-10-09,MSTR,188.91
2024-10-10,MSTR,183.34
2024-10-11,MSTR,212.59
2024-10-14,MSTR,201.67
2024-10-15,MSTR,194.31
2024-10-16,MSTR,194.09
2024-10-17,MSTR,193.42
2024-10-18,MSTR,215.86
2024-10-21,MSTR,219.05
2024-10-22,MSTR,219.7
2024-10-23,MSTR,213.95
2024-10-24,MSTR,235.89
2024-10-25,MSTR,234.34
2024-10-28,MSTR,255.34
2024-10-29,MSTR,258.24
2024-10-30,MSTR,247.31
2024-10-31,MSTR,244.5
2024-11-01,MSTR,229.71
2024-11-04,MSTR,222.99
2024-11-05,MSTR,227.8
2024-11-06,MSTR,257.81
2024-11-07,MSTR,270.81
2024-11-08,MSTR,270.42
2024-11-11,MSTR,340.0
2024-11-12,MSTR,356.59
2024-11-13,MSTR,328.38
2024-11-14,MSTR,327.67
2024-11-15,MSTR,340.65
2024-11-18,MSTR,384.79
2024-11-19,MSTR,430.54
2024-11-20,MSTR,473.83
2024-11-21,MSTR,397.28
2024-11-22,MSTR,421.88
2024-11-25,MSTR,403.45
2024-11-26,MSTR,353.69
2024-11-27,MSTR,388.84
2024-11-29,MSTR,387.47
2024-12-02,MSTR,380.3
2024-12-03,MSTR,373.43
2024-12-04,MSTR,406.0
2024-12-05,MSTR,386.4
2024-12-06,MSTR,395.01
2024-12-09,MSTR,365.34
2024-12-10,MSTR,377.32
2024-12-11,MSTR,411.4
2024-12-12,MSTR,392.19
2024-12-13,MSTR,408.67
2024-12-16,MSTR,408.5
2024-12-17,MSTR,386.42
2024-12-18,MSTR,349.64
2024-12-19,MSTR,326.46
2024-12-20,MSTR,364.2
2024-12-23,MSTR,332.23
2024-12-24,MSTR,358.18
2024-12-26,MSTR,341.05
2024-12-27,MSTR,330.0
2024-12-30,MSTR,302.96
2024-01-02,SPY,463.89
2024-01-03,SPY,460.1
2024-01-04,SPY,458.62
2024-01-05,SPY,459.25
2024-01-08,SPY,465.81
2024-01-09,SPY,465.1
2024-01-10,SPY,467.73
2024-01-11,SPY,467.52
2024-01-12,SPY,467.85
2024-01-16,SPY,466.13
2024-01-17,SPY,463.54
2024-01-18,SPY,467.66
2024-01-19,SPY,473.49
2024-01-22,SPY,474.49
2024-01-23,SPY,475.88
2024-01-24,SPY,476.4
2024-01-25,SPY,478.99
2024-01-26,SPY,478.38
2024-01-29,SPY,482.17
2024-01-30,SPY,481.8
2024-01-31,SPY,473.93
2024-02-01,SPY,480.14
2024-02-02,SPY,485.19
2024-02-05,SPY,483.42
2024-02-06,SPY,484.83
2024-02-07,SPY,488.87
2024-02-08,SPY,489.09
2024-02-09,SPY,491.91
2024-02-12,SPY,491.7
2024-02-13,SPY,484.93
2024-02-14,SPY,489.33
2024-02-15,SPY,492.71
2024-02-16,SPY,490.26
2024-02-20,SPY,487.56
2024-02-21,SPY,488.0
2024-02-22,SPY,498.1
2024-02-23,SPY,498.44
2024-02-26,SPY,496.62
2024-02-27,SPY,497.54
2024-02-28,SPY,496.88
2024-02-29,SPY,498.67
2024-03-01,SPY,503.35
2024-03-04,SPY,502.81
2024-03-05,SPY,497.78
2024-03-06,SPY,500.31
2024-03-07,SPY,505.27
2024-03-08,SPY,502.24
2024-03-11,SPY,501.81
2024-03-12,SPY,507.21
2024-03-13,SPY,506.41
2024-03-14,SPY,505.41
2024-03-15,SPY,501.94
2024-03-18,SPY,504.92
2024-03-19,SPY,507.73
2024-03-20,SPY,512.42
2024-03-21,SPY,514.12
2024-03-22,SPY,513.14
2024-03-25,SPY,511.72
2024-03-26,SPY,510.78
2024-03-27,SPY,515.07
2024-03-28,SPY,514.97
2024-04-01,SPY,514.08
2024-04-02,SPY,510.81
2024-04-03,SPY,511.37
2024-04-04,SPY,505.13
2024-04-05,SPY,510.41
2024-04-08,SPY,510.69
2024-04-09,SPY,511.28
2024-04-10,SPY,506.16
2024-04-11,SPY,509.98
2024-04-12,SPY,502.94
2024-04-15,SPY,496.64
2024-04-16,SPY,495.74
2024-04-17,SPY,492.8
2024-04-18,SPY,491.79
2024-04-19,SPY,487.5
2024-04-22,SPY,491.99
2024-04-23,SPY,497.82
2024-04-24,SPY,497.59
2024-04-25,SPY,495.7
2024-04-26,SPY,500.39
2024-04-29,SPY,502.17
2024-04-30,SPY,494.21
2024-05-01,SPY,492.61
2024-05-02,SPY,497.21
2024-05-03,SPY,503.38
2024-05-06,SPY,508.57
2024-05-07,SPY,509.14
2024-05-08,SPY,509.18
2024-05-09,SPY,512.12
2024-05-10,SPY,512.78
2024-05-13,SPY,512.85
2024-05-14,SPY,515.2
2024-05-15,SPY,521.58
2024-05-16,SPY,520.51
2024-05-17,SPY,521.26
2024-05-20,SPY,521.86
2024-05-21,SPY,523.14
2024-05-22,SPY,521.63
2024-05-23,SPY,517.82
2024-05-24,SPY,521.25
2024-05-28,SPY,521.61
2024-05-29,SPY,517.96
2024-05-30,SPY,514.52
2024-05-31,SPY,519.21
2024-06-03,SPY,519.63
2024-06-04,SPY,520.21
2024-06-05,SPY,526.39
2024-06-06,SPY,526.38
2024-06-07,SPY,525.74
2024-06-10,SPY,527.37
2024-06-11,SPY,528.64
2024-06-12,SPY,532.98
2024-06-13,SPY,534.05
2024-06-14,SPY,534.38
2024-06-17,SPY,538.63
2024-06-18,SPY,540.0
2024-06-20,SPY,538.53
2024-06-21,SPY,537.81
2024-06-24,SPY,536.06
2024-06-25,SPY,538.13
2024-06-26,SPY,538.8
2024-06-27,SPY,539.65
2024-06-28,SPY,537.53
2024-07-01,SPY,538.63
2024-07-02,SPY,542.26
2024-07-03,SPY,544.68
2024-07-05,SPY,547.82
2024-07-08,SPY,548.45
2024-07-09,SPY,548.98
2024-07-10,SPY,554.41
2024-07-11,SPY,549.63
2024-07-12,SPY,553.1
2024-07-15,SPY,554.62
2024-07-16,SPY,557.91
2024-07-17,SPY,550.09
2024-07-18,SPY,545.86
2024-07-19,SPY,542.24
2024-07-22,SPY,547.83
2024-07-23,SPY,546.97
2024-07-24,SPY,534.57
2024-07-25,SPY,531.79
2024-07-26,SPY,537.74
2024-07-29,SPY,538.06
2024-07-30,SPY,535.33
2024-07-31,SPY,544.03
2024-08-01,SPY,536.33
2024-08-02,SPY,526.34
2024-08-05,SPY,511.02
2024-08-06,SPY,515.73
2024-08-07,SPY,512.28
2024-08-08,SPY,524.12
2024-08-09,SPY,526.43
2024-08-12,SPY,526.71
2024-08-13,SPY,535.37
2024-08-14,SPY,537.06
2024-08-15,SPY,546.27
2024-08-16,SPY,547.49
2024-08-19,SPY,552.73
2024-08-20,SPY,551.83
2024-08-21,SPY,553.72
2024-08-22,SPY,549.38
2024-08-23,SPY,555.21
2024-08-26,SPY,553.89
2024-08-27,SPY,554.65
2024-08-28,SPY,551.43
2024-08-29,SPY,551.48
2024-08-30,SPY,556.75
2024-09-03,SPY,545.29
2024-09-04,SPY,544.17
2024-09-05,SPY,542.85
2024-09-06,SPY,533.71
2024-09-09,SPY,539.69
2024-09-10,SPY,542.04
2024-09-11,SPY,547.6
2024-09-12,SPY,552.21
2024-09-13,SPY,555.1
2024-09-16,SPY,555.92
2024-09-17,SPY,556.14
2024-09-18,SPY,554.49
2024-09-19,SPY,563.96
2024-09-20,SPY,562.98
2024-09-23,SPY,564.39
2024-09-24,SPY,566.0
2024-09-25,SPY,564.75
2024-09-26,SPY,566.99
2024-09-27,SPY,566.17
2024-09-30,SPY,568.44
2024-10-01,SPY,563.35
2024-10-02,SPY,563.59
2024-10-03,SPY,562.55
2024-10-04,SPY,567.67
2024-10-07,SPY,562.54
2024-10-08,SPY,567.86
2024-10-09,SPY,571.79
2024-10-10,SPY,570.79
2024-10-11,SPY,574.21
2024-10-14,SPY,578.9
2024-10-15,SPY,574.4
2024-10-16,SPY,576.9
2024-10-17,SPY,576.95
2024-10-18,SPY,579.17
2024-10-21,SPY,578.22
2024-10-22,SPY,577.91
2024-10-23,SPY,572.63
2024-10-24,SPY,573.87
2024-10-25,SPY,573.67
2024-10-28,SPY,575.44
2024-10-29,SPY,576.38
2024-10-30,SPY,574.63
2024-10-31,SPY,563.37
2024-11-01,SPY,565.75
2024-11-04,SPY,564.53
2024-11-05,SPY,571.35
2024-11-06,SPY,585.56
2024-11-07,SPY,590.09
2024-11-08,SPY,592.64
2024-11-11,SPY,593.21
2024-11-12,SPY,591.37
2024-11-13,SPY,591.65
2024-11-14,SPY,587.85
2024-11-15,SPY,580.32
2024-11-18,SPY,582.7
2024-11-19,SPY,584.83
2024-11-20,SPY,585.02
2024-11-21,SPY,588.17
2024-11-22,SPY,589.99
2024-11-25,SPY,591.99
2024-11-26,SPY,595.08
2024-11-27,SPY,593.28
2024-11-29,SPY,596.96
2024-12-02,SPY,598.03
2024-12-03,SPY,598.31
2024-12-04,SPY,602.03
2024-12-05,SPY,601.03
2024-12-06,SPY,602.17
2024-12-09,SPY,599.07
2024-12-10,SPY,597.21
2024-12-11,SPY,601.83
2024-12-12,SPY,598.73
2024-12-13,SPY,598.61
2024-12-16,SPY,601.16
2024-12-17,SPY,598.69
2024-12-18,SPY,580.84
2024-12-19,SPY,580.67
2024-12-20,SPY,587.64
2024-12-23,SPY,591.16
2024-12-24,SPY,597.73
2024-12-26,SPY,597.77
2024-12-27,SPY,591.48
2024-12-30,SPY,584.73
2024-01-02,SPOT,188.8
2024-01-03,SPOT,187.94
2024-01-04,SPOT,192.58
2024-01-05,SPOT,193.52
2024-01-08,SPOT,197.25
2024-01-09,SPOT,193.02
2024-01-10,SPOT,196.79
2024-01-11,SPOT,200.82
2024-01-12,SPOT,203.03
2024-01-16,SPOT,203.35
2024-01-17,SPOT,198.68
2024-01-18,SPOT,204.82
2024-01-19,SPOT,204.71
2024-01-22,SPOT,205.67
2024-01-23,SPOT,206.71
2024-01-24,SPOT,211.14
2024-01-25,SPOT,214.18
2024-01-26,SPOT,214.29
2024-01-29,SPOT,218.61
2024-01-30,SPOT,217.62
2024-01-31,SPOT,215.35
2024-02-01,SPOT,218.96
2024-02-02,SPOT,222.47
2024-02-05,SPOT,223.25
2024-02-06,SPOT,231.92
2024-02-07,SPOT,240.83
2024-02-08,SPOT,240.01
2024-02-09,SPOT,240.77
2024-02-12,SPOT,234.68
2024-02-13,SPOT,238.0
2024-02-14,SPOT,244.17
2024-02-15,SPOT,245.51
2024-02-16,SPOT,246.25
2024-02-20,SPOT,243.4
2024-02-21,SPOT,245.09
2024-02-22,SPOT,248.12
2024-02-23,SPOT,256.1
2024-02-26,SPOT,254.99
2024-02-27,SPOT,253.02
2024-02-28,SPOT,252.25
2024-02-29,SPOT,256.41
2024-03-01,SPOT,263.75
2024-03-04,SPOT,270.0
2024-03-05,SPOT,267.0
2024-03-06,SPOT,268.03
2024-03-07,SPOT,270.35
2024-03-08,SPOT,259.4
2024-03-11,SPOT,254.45
2024-03-12,SPOT,258.09
2024-03-13,SPOT,257.26
2024-03-14,SPOT,257.13
2024-03-15,SPOT,254.89
2024-03-18,SPOT,254.15
2024-03-19,SPOT,252.76
2024-03-20,SPOT,261.72
2024-03-21,SPOT,259.64
2024-03-22,SPOT,264.95
2024-03-25,SPOT,261.92
2024-03-26,SPOT,262.81
2024-03-27,SPOT,260.2
2024-03-28,SPOT,263.9
2024-04-01,SPOT,266.43
2024-04-02,SPOT,269.58
2024-04-03,SPOT,291.77
2024-04-04,SPOT,295.96
2024-04-05,SPOT,310.31
2024-04-08,SPOT,309.07
2024-04-09,SPOT,300.73
2024-04-10,SPOT,299.99
2024-04-11,SPOT,303.57
2024-04-12,SPOT,300.45
2024-04-15,SPOT,290.52
2024-04-16,SPOT,298.08
2024-04-17,SPOT,293.58
2024-04-18,SPOT,289.2
2024-04-19,SPOT,275.83
2024-04-22,SPOT,272.24
2024-04-23,SPOT,303.31
2024-04-24,SPOT,281.23
2024-04-25,SPOT,289.02
2024-04-26,SPOT,289.59
2024-04-29,SPOT,286.24
2024-04-30,SPOT,280.44
2024-05-01,SPOT,284.54
2024-05-02,SPOT,294.17
2024-05-03,SPOT,296.07
2024-05-06,SPOT,299.48
2024-05-07,SPOT,298.05
2024-05-08,SPOT,298.65
2024-05-09,SPOT,298.66
2024-05-10,SPOT,294.6
2024-05-13,SPOT,289.71
2024-05-14,SPOT,290.12
2024-05-15,SPOT,303.04
2024-05-16,SPOT,298.12
2024-05-17,SPOT,302.82
2024-05-20,SPOT,308.21
2024-05-21,SPOT,304.93
2024-05-22,SPOT,298.76
2024-05-23,SPOT,300.51
2024-05-24,SPOT,308.16
2024-05-28,SPOT,310.29
2024-05-29,SPOT,307.52
2024-05-30,SPOT,304.69
2024-05-31,SPOT,296.78
2024-06-03,SPOT,313.62
2024-06-04,SPOT,326.68
2024-06-05,SPOT,324.75
2024-06-06,SPOT,319.51
2024-06-07,SPOT,308.21
2024-06-10,SPOT,309.0
2024-06-11,SPOT,310.0
2024-06-12,SPOT,315.49
2024-06-13,SPOT,306.01
2024-06-14,SPOT,313.02
2024-06-17,SPOT,311.22
2024-06-18,SPOT,309.9
2024-06-20,SPOT,313.89
2024-06-21,SPOT,317.74
2024-06-24,SPOT,314.99
2024-06-25,SPOT,321.28
2024-06-26,SPOT,318.96
2024-06-27,SPOT,315.38
2024-06-28,SPOT,313.79
2024-07-01,SPOT,313.84
2024-07-02,SPOT,315.55
2024-07-03,SPOT,314.8
2024-07-05,SPOT,316.85
2024-07-08,SPOT,313.71
2024-07-09,SPOT,311.55
2024-07-10,SPOT,304.99
2024-07-11,SPOT,300.98
2024-07-12,SPOT,302.27
2024-07-15,SPOT,302.15
2024-07-16,SPOT,298.5
2024-07-17,SPOT,294.74
2024-07-18,SPOT,290.16
2024-07-19,SPOT,295.09
2024-07-22,SPOT,295.45
2024-07-23,SPOT,330.79
2024-07-24,SPOT,336.52
2024-07-25,SPOT,328.95
2024-07-26,SPOT,321.88
2024-07-29,SPOT,323.74
2024-07-30,SPOT,330.35
2024-07-31,SPOT,343.94
2024-08-01,SPOT,336.5
2024-08-02,SPOT,330.85
2024-08-05,SPOT,324.03
2024-08-06,SPOT,327.3
2024-08-07,SPOT,323.34
2024-08-08,SPOT,338.32
2024-08-09,SPOT,339.9
2024-08-12,SPOT,340.36
2024-08-13,SPOT,334.74
2024-08-14,SPOT,334.35
2024-08-15,SPOT,335.59
2024-08-16,SPOT,337.38
2024-08-19,SPOT,344.69
2024-08-20,SPOT,346.28
2024-08-21,SPOT,343.69
2024-08-22,SPOT,342.2
2024-08-23,SPOT,342.49
2024-08-26,SPOT,336.07
2024-08-27,SPOT,339.47
2024-08-28,SPOT,337.56
2024-08-29,SPOT,340.73
2024-08-30,SPOT,342.88
2024-09-03,SPOT,328.6
2024-09-04,SPOT,329.25
2024-09-05,SPOT,328.63
2024-09-06,SPOT,322.77
2024-09-09,SPOT,324.07
2024-09-10,SPOT,327.0
2024-09-11,SPOT,336.66
2024-09-12,SPOT,337.51
2024-09-13,SPOT,337.9
2024-09-16,SPOT,338.83
2024-09-17,SPOT,342.15
2024-09-18,SPOT,343.97
2024-09-19,SPOT,360.22
2024-09-20,SPOT,365.17
2024-09-23,SPOT,369.01
2024-09-24,SPOT,380.36
2024-09-25,SPOT,383.96
2024-09-26,SPOT,379.16
2024-09-27,SPOT,369.2
2024-09-30,SPOT,368.53
2024-10-01,SPOT,375.4
2024-10-02,SPOT,374.75
2024-10-03,SPOT,372.6
2024-10-04,SPOT,371.45
2024-10-07,SPOT,362.95
2024-10-08,SPOT,370.38
2024-10-09,SPOT,373.98
2024-10-10,SPOT,378.0
2024-10-11,SPOT,373.7
2024-10-14,SPOT,372.5
2024-10-15,SPOT,372.6
2024-10-16,SPOT,371.69
2024-10-17,SPOT,366.75
2024-10-18,SPOT,378.88
2024-10-21,SPOT,381.97
2024-10-22,SPOT,387.63
2024-10-23,SPOT,379.84
2024-10-24,SPOT,376.87
2024-10-25,SPOT,379.16
2024-10-28,SPOT,384.36
2024-10-29,SPOT,391.23
2024-10-30,SPOT,394.02
2024-10-31,SPOT,385.1
2024-11-01,SPOT,384.5
2024-11-04,SPOT,377.73
2024-11-05,SPOT,382.63
2024-11-06,SPOT,391.16
2024-11-07,SPOT,399.84
2024-11-08,SPOT,400.68
2024-11-11,SPOT,410.19
2024-11-12,SPOT,419.39
2024-11-13,SPOT,467.37
2024-11-14,SPOT,477.5
2024-11-15,SPOT,458.32
2024-11-18,SPOT,454.36
2024-11-19,SPOT,463.83
2024-11-20,SPOT,470.01
2024-11-21,SPOT,470.7
2024-11-22,SPOT,475.04
2024-11-25,SPOT,481.38
2024-11-26,SPOT,476.61
2024-11-27,SPOT,475.24
2024-11-29,SPOT,476.96
2024-12-02,SPOT,480.27
2024-12-03,SPOT,493.32
2024-12-04,SPOT,502.38
2024-12-05,SPOT,493.51
2024-12-06,SPOT,498.63
2024-12-09,SPOT,482.52
2024-12-10,SPOT,471.58
2024-12-11,SPOT,476.91
2024-12-12,SPOT,480.11
2024-12-13,SPOT,483.31
2024-12-16,SPOT,484.9
2024-12-17,SPOT,474.37
2024-12-18,SPOT,448.65
2024-12-19,SPOT,454.16
2024-12-20,SPOT,460.88
2024-12-23,SPOT,456.29
2024-12-24,SPOT,461.64
2024-12-26,SPOT,457.98
2024-12-27,SPOT,456.48
2024-12-30,SPOT,451.79
2024-01-02,QQQ,399.17
2024-01-03,QQQ,394.94
2024-01-04,QQQ,392.91
2024-01-05,QQQ,393.38
2024-01-08,QQQ,401.51
2024-01-09,QQQ,402.3
2024-01-10,QQQ,405.03
2024-01-11,QQQ,405.87
2024-01-12,QQQ,406.08
2024-01-16,QQQ,406.04
2024-01-17,QQQ,403.75
2024-01-18,QQQ,409.48
2024-01-19,QQQ,417.6
2024-01-22,QQQ,418.14
2024-01-23,QQQ,419.88
2024-01-24,QQQ,422.21
2024-01-25,QQQ,422.73
2024-01-26,QQQ,420.21
2024-01-29,QQQ,424.51
2024-01-30,QQQ,421.68
2024-01-31,QQQ,413.43
2024-02-01,QQQ,418.29
2024-02-02,QQQ,425.36
2024-02-05,QQQ,424.81
2024-02-06,QQQ,423.95
2024-02-07,QQQ,428.32
2024-02-08,QQQ,429.11
2024-02-09,QQQ,433.33
2024-02-12,QQQ,431.64
2024-02-13,QQQ,424.91
2024-02-14,QQQ,429.54
2024-02-15,QQQ,430.82
2024-02-16,QQQ,426.91
2024-02-20,QQQ,423.69
2024-02-21,QQQ,421.99
2024-02-22,QQQ,434.35
2024-02-23,QQQ,433.07
2024-02-26,QQQ,432.84
2024-02-27,QQQ,433.88
2024-02-28,QQQ,431.57
2024-02-29,QQQ,435.27
2024-03-01,QQQ,441.82
2024-03-04,QQQ,440.25
2024-03-05,QQQ,432.34
2024-03-06,QQQ,435.06
2024-03-07,QQQ,441.66
2024-03-08,QQQ,435.29
2024-03-11,QQQ,433.67
2024-03-12,QQQ,439.89
2024-03-13,QQQ,436.51
2024-03-14,QQQ,435.41
2024-03-15,QQQ,430.23
2024-03-18,QQQ,434.33
2024-03-19,QQQ,435.42
2024-03-20,QQQ,440.58
2024-03-21,QQQ,442.66
2024-03-22,QQQ,443.17
2024-03-25,QQQ,441.56
2024-03-26,QQQ,440.13
2024-03-27,QQQ,441.63
2024-03-28,QQQ,440.82
2024-04-01,QQQ,441.75
2024-04-02,QQQ,437.94
2024-04-03,QQQ,438.92
2024-04-04,QQQ,432.21
2024-04-05,QQQ,437.3
2024-04-08,QQQ,437.43
2024-04-09,QQQ,439.05
2024-04-10,QQQ,435.22
2024-04-11,QQQ,442.17
2024-04-12,QQQ,435.12
2024-04-15,QQQ,427.96
2024-04-16,QQQ,428.0
2024-04-17,QQQ,422.78
2024-04-18,QQQ,420.37
2024-04-19,QQQ,411.67
2024-04-22,QQQ,415.81
2024-04-23,QQQ,422.01
2024-04-24,QQQ,423.44
2024-04-25,QQQ,421.4
2024-04-26,QQQ,427.9
2024-04-29,QQQ,429.64
2024-04-30,QQQ,421.54
2024-05-01,QQQ,418.49
2024-05-02,QQQ,423.83
2024-05-03,QQQ,432.35
2024-05-06,QQQ,437.08
2024-05-07,QQQ,437.15
2024-05-08,QQQ,436.9
2024-05-09,QQQ,437.85
2024-05-10,QQQ,438.88
2024-05-13,QQQ,439.89
2024-05-14,QQQ,442.72
2024-05-15,QQQ,449.64
2024-05-16,QQQ,448.73
2024-05-17,QQQ,448.51
2024-05-20,QQQ,451.64
2024-05-21,QQQ,452.52
2024-05-22,QQQ,452.43
2024-05-23,QQQ,450.4
2024-05-24,QQQ,454.66
2024-05-28,QQQ,456.37
2024-05-29,QQQ,453.16
2024-05-30,QQQ,448.3
2024-05-31,QQQ,447.47
2024-06-03,QQQ,449.87
2024-06-04,QQQ,451.1
2024-06-05,QQQ,460.2
2024-06-06,QQQ,460.04
2024-06-07,QQQ,459.63
2024-06-10,QQQ,461.49
2024-06-11,QQQ,464.65
2024-06-12,QQQ,470.74
2024-06-13,QQQ,473.29
2024-06-14,QQQ,475.74
2024-06-17,QQQ,481.57
2024-06-18,QQQ,481.72
2024-06-20,QQQ,478.01
2024-06-21,QQQ,476.73
2024-06-24,QQQ,471.3
2024-06-25,QQQ,476.69
2024-06-26,QQQ,477.67
2024-06-27,QQQ,478.91
2024-06-28,QQQ,476.42
2024-07-01,QQQ,479.22
2024-07-02,QQQ,484.25
2024-07-03,QQQ,488.28
2024-07-05,QQQ,493.38
2024-07-08,QQQ,494.55
2024-07-09,QQQ,494.98
2024-07-10,QQQ,500.14
2024-07-11,QQQ,489.17
2024-07-12,QQQ,492.04
2024-07-15,QQQ,493.37
2024-07-16,QQQ,493.55
2024-07-17,QQQ,479.07
2024-07-18,QQQ,476.8
2024-07-19,QQQ,472.57
2024-07-22,QQQ,479.61
2024-07-23,QQQ,477.92
2024-07-24,QQQ,460.78
2024-07-25,QQQ,455.7
2024-07-26,QQQ,460.37
2024-07-29,QQQ,461.3
2024-07-30,QQQ,454.96
2024-07-31,QQQ,468.43
2024-08-01,QQQ,457.08
2024-08-02,QQQ,446.23
2024-08-05,QQQ,432.93
2024-08-06,QQQ,437.06
2024-08-07,QQQ,432.33
2024-08-08,QQQ,445.56
2024-08-09,QQQ,447.88
2024-08-12,QQQ,448.85
2024-08-13,QQQ,459.98
2024-08-14,QQQ,460.13
2024-08-15,QQQ,471.76
2024-08-16,QQQ,472.36
2024-08-19,QQQ,478.57
2024-08-20,QQQ,477.56
2024-08-21,QQQ,479.79
2024-08-22,QQQ,472.19
2024-08-23,QQQ,477.31
2024-08-26,QQQ,472.67
2024-08-27,QQQ,474.08
2024-08-28,QQQ,468.7
2024-08-29,QQQ,468.02
2024-08-30,QQQ,473.6
2024-09-03,QQQ,459.22
2024-09-04,QQQ,458.02
2024-09-05,QQQ,458.45
2024-09-06,QQQ,446.17
2024-09-09,QQQ,451.91
2024-09-10,QQQ,456.09
2024-09-11,QQQ,465.99
2024-09-12,QQQ,470.56
2024-09-13,QQQ,472.67
2024-09-16,QQQ,470.58
2024-09-17,QQQ,470.83
2024-09-18,QQQ,468.79
2024-09-19,QQQ,480.65
2024-09-20,QQQ,479.73
2024-09-23,QQQ,481.0
2024-09-24,QQQ,483.32
2024-09-25,QQQ,483.77
2024-09-26,QQQ,487.41
2024-09-27,QQQ,484.7
2024-09-30,QQQ,486.01
2024-10-01,QQQ,479.24
2024-10-02,QQQ,479.92
2024-10-03,QQQ,479.56
2024-10-04,QQQ,485.27
2024-10-07,QQQ,480.07
2024-10-08,QQQ,487.24
2024-10-09,QQQ,491.07
2024-10-10,QQQ,490.51
2024-10-11,QQQ,491.28
2024-10-14,QQQ,495.4
2024-10-15,QQQ,488.78
2024-10-16,QQQ,488.84
2024-10-17,QQQ,489.18
2024-10-18,QQQ,492.39
2024-10-21,QQQ,493.33
2024-10-22,QQQ,493.87
2024-10-23,QQQ,486.3
2024-10-24,QQQ,490.24
2024-10-25,QQQ,493.23
2024-10-28,QQQ,493.31
2024-10-29,QQQ,498.05
2024-10-30,QQQ,494.29
2024-10-31,QQQ,481.81
2024-11-01,QQQ,485.38
2024-11-04,QQQ,483.96
2024-11-05,QQQ,490.14
2024-11-06,QQQ,503.45
2024-11-07,QQQ,511.38
2024-11-08,QQQ,511.97
2024-11-11,QQQ,511.67
2024-11-12,QQQ,510.75
2024-11-13,QQQ,510.09
2024-11-14,QQQ,506.55
2024-11-15,QQQ,494.48
2024-11-18,QQQ,497.91
2024-11-19,QQQ,501.34
2024-11-20,QQQ,501.05
2024-11-21,QQQ,502.85
2024-11-22,QQQ,503.66
2024-11-25,QQQ,504.45
2024-11-26,QQQ,507.16
2024-11-27,QQQ,503.17
2024-11-29,QQQ,507.59
2024-12-02,QQQ,513.12
2024-12-03,QQQ,514.69
2024-12-04,QQQ,521.05
2024-12-05,QQQ,519.61
2024-12-06,QQQ,524.26
2024-12-09,QQQ,520.18
2024-12-10,QQQ,518.41
2024-12-11,QQQ,527.69
2024-12-12,QQQ,524.28
2024-12-13,QQQ,528.29
2024-12-16,QQQ,535.9
2024-12-17,QQQ,533.54
2024-12-18,QQQ,514.29
2024-12-19,QQQ,512.0
2024-12-20,QQQ,516.47
2024-12-23,QQQ,521.51
2024-12-24,QQQ,528.58
2024-12-26,QQQ,528.22
2024-12-27,QQQ,521.2
2024-12-30,QQQ,514.26
2024-01-02,KO,57.22
2024-01-03,KO,57.35
2024-01-04,KO,57.16
2024-01-05,KO,57.07
2024-01-08,KO,57.49
2024-01-09,KO,57.39
2024-01-10,KO,57.58
2024-01-11,KO,57.21
2024-01-12,KO,57.76
2024-01-16,KO,57.38
2024-01-17,KO,57.38
2024-01-18,KO,57.54
2024-01-19,KO,57.22
2024-01-22,KO,56.98
2024-01-23,KO,57.24
2024-01-24,KO,56.34
2024-01-25,KO,56.58
2024-01-26,KO,56.78
2024-01-29,KO,57.13
2024-01-30,KO,57.29
2024-01-31,KO,56.9
2024-02-01,KO,58.32
2024-02-02,KO,57.9
2024-02-05,KO,57.43
2024-02-06,KO,57.33
2024-02-07,KO,57.38
2024-02-08,KO,57.22
2024-02-09,KO,56.97
2024-02-12,KO,57.1
2024-02-13,KO,56.77
2024-02-14,KO,56.71
2024-02-15,KO,56.81
2024-02-16,KO,56.8
2024-02-20,KO,58.06
2024-02-21,KO,58.57
2024-02-22,KO,58.49
2024-02-23,KO,58.54
2024-02-26,KO,58.07
2024-02-27,KO,57.71
2024-02-28,KO,57.77
2024-02-29,KO,57.41
2024-03-01,KO,56.94
2024-03-04,KO,57.21
2024-03-05,KO,56.93
2024-03-06,KO,56.96
2024-03-07,KO,56.85
2024-03-08,KO,56.93
2024-03-11,KO,57.62
2024-03-12,KO,57.87
2024-03-13,KO,58.46
2024-03-14,KO,58.33
2024-03-15,KO,57.73
2024-03-18,KO,57.97
2024-03-19,KO,58.07
2024-03-20,KO,58.57
2024-03-21,KO,58.3
2024-03-22,KO,58.32
2024-03-25,KO,58.23
2024-03-26,KO,58.37
2024-03-27,KO,58.84
2024-03-28,KO,58.98
2024-04-01,KO,58.5
2024-04-02,KO,57.99
2024-04-03,KO,57.68
2024-04-04,KO,57.17
2024-04-05,KO,57.37
2024-04-08,KO,57.14
2024-04-09,KO,57.58
2024-04-10,KO,56.81
2024-04-11,KO,56.93
2024-04-12,KO,56.19
2024-04-15,KO,56.05
2024-04-16,KO,55.98
2024-04-17,KO,56.41
2024-04-18,KO,56.8
2024-04-19,KO,58.01
2024-04-22,KO,58.38
2024-04-23,KO,58.46
2024-04-24,KO,59.34
2024-04-25,KO,59.52
2024-04-26,KO,59.52
2024-04-29,KO,59.81
2024-04-30,KO,59.55
2024-05-01,KO,59.71
2024-05-02,KO,59.76
2024-05-03,KO,59.94
2024-05-06,KO,60.11
2024-05-07,KO,60.37
2024-05-08,KO,60.59
2024-05-09,KO,60.62
2024-05-10,KO,60.99
2024-05-13,KO,61.3
2024-05-14,KO,60.84
2024-05-15,KO,60.86
2024-05-16,KO,61.05
2024-05-17,KO,60.77
2024-05-20,KO,60.32
2024-05-21,KO,60.65
2024-05-22,KO,60.74
2024-05-23,KO,59.86
2024-05-24,KO,59.77
2024-05-28,KO,59.6
2024-05-29,KO,59.49
2024-05-30,KO,59.75
2024-05-31,KO,60.67
2024-06-03,KO,60.67
2024-06-04,KO,61.64
2024-06-05,KO,61.63
2024-06-06,KO,61.85
2024-06-07,KO,61.62
2024-06-10,KO,61.31
2024-06-11,KO,61.27
2024-06-12,KO,60.62
2024-06-13,KO,60.73
2024-06-14,KO,60.77
2024-06-17,KO,60.84
2024-06-18,KO,60.85
2024-06-20,KO,60.41
2024-06-21,KO,60.99
2024-06-24,KO,62.15
2024-06-25,KO,62.03
2024-06-26,KO,62.23
2024-06-27,KO,62.09
2024-06-28,KO,61.84
2024-07-01,KO,61.48
2024-07-02,KO,61.36
2024-07-03,KO,61.53
2024-07-05,KO,61.95
2024-07-08,KO,61.17
2024-07-09,KO,60.91
2024-07-10,KO,61.04
2024-07-11,KO,61.31
2024-07-12,KO,61.89
2024-07-15,KO,61.61
2024-07-16,KO,62.44
2024-07-17,KO,63.36
2024-07-18,KO,63.34
2024-07-19,KO,63.43
2024-07-22,KO,62.93
2024-07-23,KO,63.11
2024-07-24,KO,63.94
2024-07-25,KO,64.19
2024-07-26,KO,65.14
2024-07-29,KO,64.93
2024-07-30,KO,65.76
2024-07-31,KO,64.84
2024-08-01,KO,66.03
2024-08-02,KO,67.36
2024-08-05,KO,66.17
2024-08-06,KO,66.12
2024-08-07,KO,66.51
2024-08-08,KO,66.78
2024-08-09,KO,66.73
2024-08-12,KO,66.23
2024-08-13,KO,66.51
2024-08-14,KO,66.63
2024-08-15,KO,66.7
2024-08-16,KO,67.21
2024-08-19,KO,67.02
2024-08-20,KO,67.41
2024-08-21,KO,67.59
2024-08-22,KO,67.36
2024-08-23,KO,67.81
2024-08-26,KO,68.83
2024-08-27,KO,69.47
2024-08-28,KO,69.71
2024-08-29,KO,70.0
2024-08-30,KO,70.41
2024-09-03,KO,70.94
2024-09-04,KO,70.5
2024-09-05,KO,69.15
2024-09-06,KO,69.12
2024-09-09,KO,69.81
2024-09-10,KO,69.52
2024-09-11,KO,69.06
2024-09-12,KO,69.21
2024-09-13,KO,69.86
2024-09-16,KO,70.53
2024-09-17,KO,70.24
2024-09-18,KO,70.19
2024-09-19,KO,69.08
2024-09-20,KO,70.08
2024-09-23,KO,70.17
2024-09-24,KO,69.78
2024-09-25,KO,69.9
2024-09-26,KO,69.85
2024-09-27,KO,70.23
2024-09-30,KO,70.3
2024-10-01,KO,70.15
2024-10-02,KO,69.47
2024-10-03,KO,68.99
2024-10-04,KO,68.64
2024-10-07,KO,67.51
2024-10-08,KO,67.68
2024-10-09,KO,68.06
2024-10-10,KO,67.74
2024-10-11,KO,68.06
2024-10-14,KO,68.81
2024-10-15,KO,68.81
2024-10-16,KO,69.03
2024-10-17,KO,68.38
2024-10-18,KO,68.91
2024-10-21,KO,67.94
2024-10-22,KO,67.94
2024-10-23,KO,66.53
2024-10-24,KO,65.84
2024-10-25,KO,65.46
2024-10-28,KO,65.22
2024-10-29,KO,64.13
2024-10-30,KO,64.49
2024-10-31,KO,63.89
2024-11-01,KO,63.6
2024-11-04,KO,63.69
2024-11-05,KO,63.95
2024-11-06,KO,62.31
2024-11-07,KO,62.28
2024-11-08,KO,62.53
2024-11-11,KO,61.98
2024-11-12,KO,61.83
2024-11-13,KO,61.63
2024-11-14,KO,61.19
2024-11-15,KO,60.4
2024-11-18,KO,60.51
2024-11-19,KO,61.23
2024-11-20,KO,61.62
2024-11-21,KO,62.37
2024-11-22,KO,62.53
2024-11-25,KO,62.98
2024-11-26,KO,63.15
2024-11-27,KO,63.03
2024-11-29,KO,63.16
2024-12-02,KO,62.74
2024-12-03,KO,62.61
2024-12-04,KO,61.32
2024-12-05,KO,62.02
2024-12-06,KO,61.63
2024-12-09,KO,61.7
2024-12-10,KO,62.01
2024-12-11,KO,61.74
2024-12-12,KO,62.92
2024-12-13,KO,62.22
2024-12-16,KO,61.65
2024-12-17,KO,62.49
2024-12-18,KO,61.95
2024-12-19,KO,61.55
2024-12-20,KO,61.65
2024-12-23,KO,61.49
2024-12-24,KO,61.94
2024-12-26,KO,61.67
2024-12-27,KO,61.55
2024-12-30,KO,61.14
2024-01-02,DIA,367.87
2024-01-03,DIA,365.06
2024-01-04,DIA,365.39
2024-01-05,DIA,365.48
2024-01-08,DIA,367.63
2024-01-09,DIA,366.01
2024-01-10,DIA,367.74
2024-01-11,DIA,367.95
2024-01-12,DIA,366.72
2024-01-16,DIA,364.53
2024-01-17,DIA,363.61
2024-01-18,DIA,365.65
2024-01-19,DIA,369.56
2024-01-22,DIA,370.99
2024-01-23,DIA,369.99
2024-01-24,DIA,369.06
2024-01-25,DIA,371.39
2024-01-26,DIA,371.99
2024-01-29,DIA,374.15
2024-01-30,DIA,375.31
2024-01-31,DIA,372.26
2024-02-01,DIA,375.9
2024-02-02,DIA,377.19
2024-02-05,DIA,374.42
2024-02-06,DIA,375.88
2024-02-07,DIA,377.43
2024-02-08,DIA,378.1
2024-02-09,DIA,377.48
2024-02-12,DIA,378.84
2024-02-13,DIA,373.68
2024-02-14,DIA,375.11
2024-02-15,DIA,378.98
2024-02-16,DIA,377.56
2024-02-20,DIA,377.07
2024-02-21,DIA,377.42
2024-02-22,DIA,381.81
2024-02-23,DIA,382.54
2024-02-26,DIA,381.98
2024-02-27,DIA,380.95
2024-02-28,DIA,380.89
2024-02-29,DIA,381.24
2024-03-01,DIA,382.57
2024-03-04,DIA,381.51
2024-03-05,DIA,377.56
2024-03-06,DIA,378.53
2024-03-07,DIA,379.77
2024-03-08,DIA,379.32
2024-03-11,DIA,379.74
2024-03-12,DIA,382.06
2024-03-13,DIA,382.48
2024-03-14,DIA,381.35
2024-03-15,DIA,379.26
2024-03-18,DIA,379.98
2024-03-19,DIA,383.08
2024-03-20,DIA,387.09
2024-03-21,DIA,389.79
2024-03-22,DIA,386.64
2024-03-25,DIA,385.09
2024-03-26,DIA,384.99
2024-03-27,DIA,389.61
2024-03-28,DIA,389.8
2024-04-01,DIA,387.42
2024-04-02,DIA,383.8
2024-04-03,DIA,383.43
2024-04-04,DIA,378.3
2024-04-05,DIA,381.08
2024-04-08,DIA,381.32
2024-04-09,DIA,381.06
2024-04-10,DIA,376.82
2024-04-11,DIA,376.85
2024-04-12,DIA,372.27
2024-04-15,DIA,369.76
2024-04-16,DIA,370.42
2024-04-17,DIA,369.9
2024-04-18,DIA,370.28
2024-04-19,DIA,372.4
2024-04-22,DIA,374.92
2024-04-23,DIA,377.52
2024-04-24,DIA,376.95
2024-04-25,DIA,373.5
2024-04-26,DIA,374.86
2024-04-29,DIA,376.32
2024-04-30,DIA,370.76
2024-05-01,DIA,371.51
2024-05-02,DIA,374.78
2024-05-03,DIA,379.23
2024-05-06,DIA,380.88
2024-05-07,DIA,381.16
2024-05-08,DIA,382.87
2024-05-09,DIA,386.32
2024-05-10,DIA,387.48
2024-05-13,DIA,386.77
2024-05-14,DIA,387.87
2024-05-15,DIA,391.5
2024-05-16,DIA,391.43
2024-05-17,DIA,392.74
2024-05-20,DIA,390.92
2024-05-21,DIA,391.59
2024-05-22,DIA,389.51
2024-05-23,DIA,383.62
2024-05-24,DIA,383.6
2024-05-28,DIA,381.6
2024-05-29,DIA,377.65
2024-05-30,DIA,374.6
2024-05-31,DIA,380.54
2024-06-03,DIA,379.28
2024-06-04,DIA,380.52
2024-06-05,DIA,381.53
2024-06-06,DIA,382.31
2024-06-07,DIA,381.49
2024-06-10,DIA,382.27
2024-06-11,DIA,380.98
2024-06-12,DIA,380.7
2024-06-13,DIA,379.91
2024-06-14,DIA,379.49
2024-06-17,DIA,381.58
2024-06-18,DIA,382.13
2024-06-20,DIA,385.0
2024-06-21,DIA,385.14
2024-06-24,DIA,387.74
2024-06-25,DIA,384.83
2024-06-26,DIA,385.05
2024-06-27,DIA,385.36
2024-06-28,DIA,384.94
2024-07-01,DIA,385.26
2024-07-02,DIA,387.06
2024-07-03,DIA,386.61
2024-07-05,DIA,387.47
2024-07-08,DIA,387.23
2024-07-09,DIA,386.72
2024-07-10,DIA,390.97
2024-07-11,DIA,391.33
2024-07-12,DIA,393.98
2024-07-15,DIA,395.99
2024-07-16,DIA,403.17
2024-07-17,DIA,405.41
2024-07-18,DIA,400.28
2024-07-19,DIA,396.76
2024-07-22,DIA,397.94
2024-07-23,DIA,397.29
2024-07-24,DIA,392.55
2024-07-25,DIA,393.35
2024-07-26,DIA,399.73
2024-07-29,DIA,399.28
2024-07-30,DIA,401.15
2024-07-31,DIA,402.21
2024-08-01,DIA,397.04
2024-08-02,DIA,391.03
2024-08-05,DIA,380.87
2024-08-06,DIA,383.97
2024-08-07,DIA,381.81
2024-08-08,DIA,388.46
2024-08-09,DIA,389.08
2024-08-12,DIA,387.72
2024-08-13,DIA,391.68
2024-08-14,DIA,393.94
2024-08-15,DIA,399.64
2024-08-16,DIA,400.81
2024-08-19,DIA,403.15
2024-08-20,DIA,402.61
2024-08-21,DIA,403.03
2024-08-22,DIA,401.54
2024-08-23,DIA,405.83
2024-08-26,DIA,406.71
2024-08-27,DIA,406.88
2024-08-28,DIA,405.35
2024-08-29,DIA,407.88
2024-08-30,DIA,410.15
2024-09-03,DIA,404.27
2024-09-04,DIA,404.44
2024-09-05,DIA,402.51
2024-09-06,DIA,398.58
2024-09-09,DIA,403.09
2024-09-10,DIA,402.31
2024-09-11,DIA,403.31
2024-09-12,DIA,405.97
2024-09-13,DIA,408.9
2024-09-16,DIA,411.3
2024-09-17,DIA,411.18
2024-09-18,DIA,410.13
2024-09-19,DIA,415.27
2024-09-20,DIA,415.67
2024-09-23,DIA,416.21
2024-09-24,DIA,417.22
2024-09-25,DIA,414.24
2024-09-26,DIA,416.71
2024-09-27,DIA,418.03
2024-09-30,DIA,418.19
2024-10-01,DIA,416.59
2024-10-02,DIA,417.0
2024-10-03,DIA,415.09
2024-10-04,DIA,418.48
2024-10-07,DIA,414.73
2024-10-08,DIA,415.9
2024-10-09,DIA,420.1
2024-10-10,DIA,419.72
2024-10-11,DIA,423.74
2024-10-14,DIA,425.87
2024-10-15,DIA,422.56
2024-10-16,DIA,425.71
2024-10-17,DIA,427.42
2024-10-18,DIA,427.75
2024-10-21,DIA,424.52
2024-10-22,DIA,424.46
2024-10-23,DIA,420.36
2024-10-24,DIA,418.99
2024-10-25,DIA,416.38
2024-10-28,DIA,419.28
2024-10-29,DIA,417.73
2024-10-30,DIA,416.98
2024-10-31,DIA,412.95
2024-11-01,DIA,415.67
2024-11-04,DIA,413.33
2024-11-05,DIA,417.53
2024-11-06,DIA,432.29
2024-11-07,DIA,432.45
2024-11-08,DIA,435.14
2024-11-11,DIA,438.0
2024-11-12,DIA,434.42
2024-11-13,DIA,434.84
2024-11-14,DIA,432.75
2024-11-15,DIA,429.86
2024-11-18,DIA,429.54
2024-11-19,DIA,428.21
2024-11-20,DIA,429.64
2024-11-21,DIA,434.27
2024-11-22,DIA,438.42
2024-11-25,DIA,442.77
2024-11-26,DIA,444.08
2024-11-27,DIA,442.95
2024-11-29,DIA,445.27
2024-12-02,DIA,443.94
2024-12-03,DIA,443.1
2024-12-04,DIA,446.12
2024-12-05,DIA,443.87
2024-12-06,DIA,442.37
2024-12-09,DIA,440.32
2024-12-10,DIA,438.94
2024-12-11,DIA,437.78
2024-12-12,DIA,435.56
2024-12-13,DIA,434.67
2024-12-16,DIA,433.68
2024-12-17,DIA,430.91
2024-12-18,DIA,419.68
2024-12-19,DIA,419.99
2024-12-20,DIA,425.18
2024-12-23,DIA,425.53
2024-12-24,DIA,429.11
2024-12-26,DIA,429.81
2024-12-27,DIA,426.63
2024-12-30,DIA,422.43
2024-01-02,META,344.4
2024-01-03,META,342.59
2024-01-04,META,345.23
2024-01-05,META,350.03
2024-01-08,META,356.7
2024-01-09,META,355.48
2024-01-10,META,368.45
2024-01-11,META,367.65
2024-01-12,META,372.45
2024-01-16,META,365.46
2024-01-17,META,366.36
2024-01-18,META,374.08
2024-01-19,META,381.36
2024-01-22,META,379.7
2024-01-23,META,383.1
2024-01-24,META,388.57
2024-01-25,META,391.03
2024-01-26,META,391.99
2024-01-29,META,398.83
2024-01-30,META,397.88
2024-01-31,META,388.01
2024-02-01,META,392.63
2024-02-02,META,472.4
2024-02-05,META,456.9
2024-02-06,META,452.24
2024-02-07,META,467.03
2024-02-08,META,467.44
2024-02-09,META,465.56
2024-02-12,META,466.34
2024-02-13,META,457.61
2024-02-14,META,470.7
2024-02-15,META,481.39
2024-02-16,META,470.74
2024-02-20,META,469.18
2024-02-21,META,465.97
2024-02-22,META,483.99
2024-02-23,META,481.9
2024-02-26,META,479.62
2024-02-27,META,484.91
2024-02-28,META,481.89
2024-02-29,META,487.97
2024-03-01,META,500.09
2024-03-04,META,496.0
2024-03-05,META,488.06
2024-03-06,META,493.91
2024-03-07,META,509.94
2024-03-08,META,503.72
2024-03-11,META,481.46
2024-03-12,META,497.55
2024-03-13,META,493.39
2024-03-14,META,489.67
2024-03-15,META,481.97
2024-03-18,META,494.79
2024-03-19,META,494.06
2024-03-20,META,503.3
2024-03-21,META,505.53
2024-03-22,META,507.34
2024-03-25,META,500.81
2024-03-26,META,493.71
2024-03-27,META,491.69
2024-03-28,META,483.44
2024-04-01,META,489.19
2024-04-02,META,495.18
2024-04-03,META,504.51
2024-04-04,META,508.67
2024-04-05,META,525.02
2024-04-08,META,516.96
2024-04-09,META,514.63
2024-04-10,META,517.54
2024-04-11,META,520.86
2024-04-12,META,509.65
2024-04-15,META,498.03
2024-04-16,META,497.56
2024-04-17,META,492.0
2024-04-18,META,499.59
2024-04-19,META,478.95
2024-04-22,META,479.61
2024-04-23,META,493.92
2024-04-24,META,491.33
2024-04-25,META,439.44
2024-04-26,META,441.34
2024-04-29,META,430.72
2024-04-30,META,428.28
2024-05-01,META,437.26
2024-05-02,META,439.74
2024-05-03,META,449.97
2024-05-06,META,463.63
2024-05-07,META,466.18
2024-05-08,META,470.52
2024-05-09,META,473.33
2024-05-10,META,474.1
2024-05-13,META,465.95
2024-05-14,META,469.77
2024-05-15,META,479.42
2024-05-16,META,471.15
2024-05-17,META,469.83
2024-05-20,META,466.78
2024-05-21,META,462.59
2024-05-22,META,465.72
2024-05-23,META,463.73
2024-05-24,META,476.12
2024-05-28,META,477.81
2024-05-29,META,472.27
2024-05-30,META,464.99
2024-05-31,META,464.78
2024-06-03,META,475.39
2024-06-04,META,474.89
2024-06-05,META,492.88
2024-06-06,META,491.59
2024-06-07,META,490.79
2024-06-10,META,500.39
2024-06-11,META,505.24
2024-06-12,META,506.6
2024-06-13,META,501.88
2024-06-14,META,502.44
2024-06-17,META,504.9
2024-06-18,META,497.79
2024-06-20,META,499.99
2024-06-21,META,493.09
2024-06-24,META,497.21
2024-06-25,META,508.86
2024-06-26,META,511.37
2024-06-27,META,517.79
2024-06-28,META,502.5
2024-07-01,META,502.96
2024-07-02,META,507.76
2024-07-03,META,508.22
2024-07-05,META,538.07
2024-07-08,META,527.51
2024-07-09,META,528.19
2024-07-10,META,532.87
2024-07-11,META,510.95
2024-07-12,META,497.17
2024-07-15,META,494.47
2024-07-16,META,488.12
2024-07-17,META,460.41
2024-07-18,META,474.23
2024-07-19,META,475.16
2024-07-22,META,485.74
2024-07-23,META,487.02
2024-07-24,META,459.7
2024-07-25,META,451.86
2024-07-26,META,464.11
2024-07-29,META,464.12
2024-07-30,META,461.61
2024-07-31,META,473.21
2024-08-01,META,496.04
2024-08-02,META,486.47
2024-08-05,META,474.11
2024-08-06,META,492.4
2024-08-07,META,487.25
2024-08-08,META,507.89
2024-08-09,META,516.0
2024-08-12,META,514.19
2024-08-13,META,526.74
2024-08-14,META,524.96
2024-08-15,META,535.5
2024-08-16,META,525.62
2024-08-19,META,527.47
2024-08-20,META,524.93
2024-08-21,META,533.33
2024-08-22,META,530.11
2024-08-23,META,526.2
2024-08-26,META,519.34
2024-08-27,META,517.33
2024-08-28,META,515.02
2024-08-29,META,516.45
2024-08-30,META,519.53
2024-09-03,META,510.01
2024-09-04,META,510.99
2024-09-05,META,515.1
2024-09-06,META,498.56
2024-09-09,META,503.07
2024-09-10,META,503.07
2024-09-11,META,510.08
2024-09-12,META,523.81
2024-09-13,META,522.83
2024-09-16,META,531.97
2024-09-17,META,535.0
2024-09-18,META,536.63
2024-09-19,META,557.72
2024-09-20,META,559.97
2024-09-23,META,563.02
2024-09-24,META,561.94
2024-09-25,META,566.91
2024-09-26,META,566.44
2024-09-27,META,565.96
2024-09-30,META,571.03
2024-10-01,META,575.05
2024-10-02,META,571.4
2024-10-03,META,581.34
2024-10-04,META,594.47
2024-10-07,META,583.34
2024-10-08,META,591.43
2024-10-09,META,589.06
2024-10-10,META,582.39
2024-10-11,META,588.5
2024-10-14,META,588.97
2024-10-15,META,584.83
2024-10-16,META,575.37
2024-10-17,META,575.51
2024-10-18,META,575.05
2024-10-21,META,573.74
2024-10-22,META,580.58
2024-10-23,META,562.3
2024-10-24,META,566.38
2024-10-25,META,571.84
2024-10-28,META,576.74
2024-10-29,META,591.82
2024-10-30,META,590.34
2024-10-31,META,566.18
2024-11-01,META,565.76
2024-11-04,META,559.3
2024-11-05,META,571.02
2024-11-06,META,570.64
2024-11-07,META,590.24
2024-11-08,META,587.89
2024-11-11,META,581.73
2024-11-12,META,583.38
2024-11-13,META,578.57
2024-11-14,META,575.74
2024-11-15,META,552.72
2024-11-18,META,553.04
2024-11-19,META,559.71
2024-11-20,META,564.13
2024-11-21,META,561.7
2024-11-22,META,557.76
2024-11-25,META,563.72
2024-11-26,META,572.13
2024-11-27,META,567.8
2024-11-29,META,572.91
2024-12-02,META,591.37
2024-12-03,META,612.14
2024-12-04,META,612.27
2024-12-05,META,607.43
2024-12-06,META,622.23
2024-12-09,META,612.06
2024-12-10,META,617.8
2024-12-11,META,631.12
2024-12-12,META,629.24
2024-12-13,META,618.82
2024-12-16,META,623.21
2024-12-17,META,618.41
2024-12-18,META,596.2
2024-12-19,META,594.58
2024-12-20,META,584.28
2024-12-23,META,598.86
2024-12-24,META,606.74
2024-12-26,META,602.35
2024-12-27,META,598.82
2024-12-30,META,590.26
2024-01-02,BRK-B,362.46
2024-01-03,BRK-B,366.75
2024-01-04,BRK-B,363.68
2024-01-05,BRK-B,365.59
2024-01-08,BRK-B,368.18
2024-01-09,BRK-B,366.9
2024-01-10,BRK-B,367.92
2024-01-11,BRK-B,363.34
2024-01-12,BRK-B,363.62
2024-01-16,BRK-B,361.1
2024-01-17,BRK-B,359.29
2024-01-18,BRK-B,362.38
2024-01-19,BRK-B,366.99
2024-01-22,BRK-B,368.06
2024-01-23,BRK-B,372.14
2024-01-24,BRK-B,376.59
2024-01-25,BRK-B,380.85
2024-01-26,BRK-B,385.4
2024-01-29,BRK-B,383.18
2024-01-30,BRK-B,387.15
2024-01-31,BRK-B,383.74
2024-02-01,BRK-B,386.44
2024-02-02,BRK-B,390.75
2024-02-05,BRK-B,390.76
2024-02-06,BRK-B,393.74
2024-02-07,BRK-B,397.66
2024-02-08,BRK-B,397.49
2024-02-09,BRK-B,398.36
2024-02-12,BRK-B,397.71
2024-02-13,BRK-B,394.8
2024-02-14,BRK-B,398.68
2024-02-15,BRK-B,403.45
2024-02-16,BRK-B,405.99
2024-02-20,BRK-B,407.15
2024-02-21,BRK-B,409.25
2024-02-22,BRK-B,415.16
2024-02-23,BRK-B,417.22
2024-02-26,BRK-B,409.14
2024-02-27,BRK-B,408.91
2024-02-28,BRK-B,412.14
2024-02-29,BRK-B,409.4
2024-03-01,BRK-B,407.11
2024-03-04,BRK-B,403.39
2024-03-05,BRK-B,400.74
2024-03-06,BRK-B,403.96
2024-03-07,BRK-B,402.39
2024-03-08,BRK-B,403.15
2024-03-11,BRK-B,404.76
2024-03-12,BRK-B,404.98
2024-03-13,BRK-B,408.13
2024-03-14,BRK-B,406.73
2024-03-15,BRK-B,408.13
2024-03-18,BRK-B,408.41
2024-03-19,BRK-B,411.76
2024-03-20,BRK-B,416.11
2024-03-21,BRK-B,413.78
2024-03-22,BRK-B,411.6
2024-03-25,BRK-B,409.92
2024-03-26,BRK-B,411.57
2024-03-27,BRK-B,416.93
2024-03-28,BRK-B,420.52
2024-04-01,BRK-B,420.2
2024-04-02,BRK-B,418.92
2024-04-03,BRK-B,420.24
2024-04-04,BRK-B,415.32
2024-04-05,BRK-B,418.62
2024-04-08,BRK-B,415.97
2024-04-09,BRK-B,414.69
2024-04-10,BRK-B,409.11
2024-04-11,BRK-B,407.61
2024-04-12,BRK-B,403.26
2024-04-15,BRK-B,400.26
2024-04-16,BRK-B,396.92
2024-04-17,BRK-B,397.74
2024-04-18,BRK-B,399.89
2024-04-19,BRK-B,405.08
2024-04-22,BRK-B,408.78
2024-04-23,BRK-B,408.74
2024-04-24,BRK-B,405.95
2024-04-25,BRK-B,404.91
2024-04-26,BRK-B,402.1
2024-04-29,BRK-B,400.96
2024-04-30,BRK-B,396.73
2024-05-01,BRK-B,398.58
2024-05-02,BRK-B,400.6
2024-05-03,BRK-B,400.87
2024-05-06,BRK-B,404.92
2024-05-07,BRK-B,406.14
2024-05-08,BRK-B,406.37
2024-05-09,BRK-B,408.82
2024-05-10,BRK-B,412.05
2024-05-13,BRK-B,411.22
2024-05-14,BRK-B,410.24
2024-05-15,BRK-B,412.76
2024-05-16,BRK-B,413.12
2024-05-17,BRK-B,416.94
2024-05-20,BRK-B,413.0
2024-05-21,BRK-B,414.37
2024-05-22,BRK-B,413.99
2024-05-23,BRK-B,405.88
2024-05-24,BRK-B,407.41
2024-05-28,BRK-B,403.9
2024-05-29,BRK-B,404.09
2024-05-30,BRK-B,408.61
2024-05-31,BRK-B,414.4
2024-06-03,BRK-B,414.79
2024-06-04,BRK-B,409.53
2024-06-05,BRK-B,409.85
2024-06-06,BRK-B,411.08
2024-06-07,BRK-B,413.72
2024-06-10,BRK-B,410.81
2024-06-11,BRK-B,408.5
2024-06-12,BRK-B,408.77
2024-06-13,BRK-B,405.92
2024-06-14,BRK-B,405.54
2024-06-17,BRK-B,407.32
2024-06-18,BRK-B,407.95
2024-06-20,BRK-B,409.15
2024-06-21,BRK-B,409.62
2024-06-24,BRK-B,413.98
2024-06-25,BRK-B,410.97
2024-06-26,BRK-B,410.26
2024-06-27,BRK-B,407.95
2024-06-28,BRK-B,406.8
2024-07-01,BRK-B,405.19
2024-07-02,BRK-B,407.1
2024-07-03,BRK-B,405.77
2024-07-05,BRK-B,411.17
2024-07-08,BRK-B,409.08
2024-07-09,BRK-B,410.52
2024-07-10,BRK-B,413.79
2024-07-11,BRK-B,418.78
2024-07-12,BRK-B,424.44
2024-07-15,BRK-B,434.42
2024-07-16,BRK-B,438.9
2024-07-17,BRK-B,445.61
2024-07-18,BRK-B,441.82
2024-07-19,BRK-B,434.47
2024-07-22,BRK-B,435.98
2024-07-23,BRK-B,434.01
2024-07-24,BRK-B,432.8
2024-07-25,BRK-B,433.29
2024-07-26,BRK-B,437.66
2024-07-29,BRK-B,438.31
2024-07-30,BRK-B,441.26
2024-07-31,BRK-B,438.5
2024-08-01,BRK-B,431.81
2024-08-02,BRK-B,428.36
2024-08-05,BRK-B,413.72
2024-08-06,BRK-B,422.14
2024-08-07,BRK-B,427.02
2024-08-08,BRK-B,431.54
2024-08-09,BRK-B,431.67
2024-08-12,BRK-B,430.39
2024-08-13,BRK-B,432.41
2024-08-14,BRK-B,438.47
2024-08-15,BRK-B,440.84
2024-08-16,BRK-B,444.51
2024-08-19,BRK-B,448.77
2024-08-20,BRK-B,448.36
2024-08-21,BRK-B,446.6
2024-08-22,BRK-B,449.03
2024-08-23,BRK-B,453.38
2024-08-26,BRK-B,454.49
2024-08-27,BRK-B,460.63
2024-08-28,BRK-B,464.59
2024-08-29,BRK-B,468.37
2024-08-30,BRK-B,475.92
2024-09-03,BRK-B,476.83
2024-09-04,BRK-B,478.57
2024-09-05,BRK-B,464.92
2024-09-06,BRK-B,459.42
2024-09-09,BRK-B,459.61
2024-09-10,BRK-B,458.92
2024-09-11,BRK-B,453.1
2024-09-12,BRK-B,450.87
2024-09-13,BRK-B,447.61
2024-09-16,BRK-B,451.78
2024-09-17,BRK-B,456.68
2024-09-18,BRK-B,456.6
2024-09-19,BRK-B,459.71
2024-09-20,BRK-B,455.31
2024-09-23,BRK-B,454.98
2024-09-24,BRK-B,454.56
2024-09-25,BRK-B,452.36
2024-09-26,BRK-B,454.18
2024-09-27,BRK-B,457.47
2024-09-30,BRK-B,460.26
2024-10-01,BRK-B,457.41
2024-10-02,BRK-B,456.67
2024-10-03,BRK-B,452.96
2024-10-04,BRK-B,461.97
2024-10-07,BRK-B,453.5
2024-10-08,BRK-B,453.8
2024-10-09,BRK-B,455.9
2024-10-10,BRK-B,454.93
2024-10-11,BRK-B,460.21
2024-10-14,BRK-B,459.98
2024-10-15,BRK-B,462.68
2024-10-16,BRK-B,465.69
2024-10-17,BRK-B,465.85
2024-10-18,BRK-B,464.8
2024-10-21,BRK-B,464.16
2024-10-22,BRK-B,461.45
2024-10-23,BRK-B,460.61
2024-10-24,BRK-B,457.77
2024-10-25,BRK-B,454.01
2024-10-28,BRK-B,458.49
2024-10-29,BRK-B,454.62
2024-10-30,BRK-B,454.96
2024-10-31,BRK-B,450.92
2024-11-01,BRK-B,452.14
2024-11-04,BRK-B,442.29
2024-11-05,BRK-B,445.06
2024-11-06,BRK-B,468.9
2024-11-07,BRK-B,460.13
2024-11-08,BRK-B,463.41
2024-11-11,BRK-B,467.36
2024-11-12,BRK-B,466.29
2024-11-13,BRK-B,468.1
2024-11-14,BRK-B,467.7
2024-11-15,BRK-B,470.28
2024-11-18,BRK-B,472.2
2024-11-19,BRK-B,468.86
2024-11-20,BRK-B,468.83
2024-11-21,BRK-B,472.06
2024-11-22,BRK-B,476.57
2024-11-25,BRK-B,477.43
2024-11-26,BRK-B,478.56
2024-11-27,BRK-B,483.08
2024-11-29,BRK-B,483.02
2024-12-02,BRK-B,477.33
2024-12-03,BRK-B,470.19
2024-12-04,BRK-B,468.32
2024-12-05,BRK-B,470.57
2024-12-06,BRK-B,470.5
2024-12-09,BRK-B,463.87
2024-12-10,BRK-B,462.49
2024-12-11,BRK-B,461.39
2024-12-12,BRK-B,458.63
2024-12-13,BRK-B,457.9
2024-12-16,BRK-B,455.2
2024-12-17,BRK-B,455.66
2024-12-18,BRK-B,446.59
2024-12-19,BRK-B,449.34
2024-12-20,BRK-B,453.2
2024-12-23,BRK-B,454.35
2024-12-24,BRK-B,458.66
2024-12-26,BRK-B,459.08
2024-12-27,BRK-B,456.51
2024-12-30,BRK-B,452.16
2024-01-02,PLTR,16.58
2024-01-03,PLTR,16.09
2024-01-04,PLTR,16.25
2024-01-05,PLTR,15.98
2024-01-08,PLTR,16.67
2024-01-09,PLTR,16.39
2024-01-10,PLTR,16.79
2024-01-11,PLTR,16.68
2024-01-12,PLTR,16.76
2024-01-16,PLTR,16.53
2024-01-17,PLTR,16.39
2024-01-18,PLTR,16.4
2024-01-19,PLTR,16.78
2024-01-22,PLTR,17.6
2024-01-23,PLTR,17.33
2024-01-24,PLTR,16.75
2024-01-25,PLTR,16.46
2024-01-26,PLTR,16.35
2024-01-29,PLTR,17.09
2024-01-30,PLTR,16.74
2024-01-31,PLTR,16.09
2024-02-01,PLTR,16.33
2024-02-02,PLTR,17.02
2024-02-05,PLTR,16.72
2024-02-06,PLTR,21.87
2024-02-07,PLTR,23.6
2024-02-08,PLTR,24.51
2024-02-09,PLTR,24.38
2024-02-12,PLTR,25.05
2024-02-13,PLTR,24.01
2024-02-14,PLTR,25.19
2024-02-15,PLTR,25.41
2024-02-16,PLTR,24.44
2024-02-20,PLTR,23.4
2024-02-21,PLTR,22.74
2024-02-22,PLTR,23.59
2024-02-23,PLTR,22.97
2024-02-26,PLTR,23.56
2024-02-27,PLTR,24.53
2024-02-28,PLTR,24.42
2024-02-29,PLTR,25.08
2024-03-01,PLTR,24.93
2024-03-04,PLTR,24.04
2024-03-05,PLTR,23.81
2024-03-06,PLTR,26.16
2024-03-07,PLTR,26.46
2024-03-08,PLTR,26.04
2024-03-11,PLTR,25.35
2024-03-12,PLTR,24.7
2024-03-13,PLTR,25.0
2024-03-14,PLTR,24.43
2024-03-15,PLTR,23.49
2024-03-18,PLTR,24.0
2024-03-19,PLTR,23.8
2024-03-20,PLTR,24.57
2024-03-21,PLTR,24.49
2024-03-22,PLTR,24.18
2024-03-25,PLTR,24.51
2024-03-26,PLTR,24.89
2024-03-27,PLTR,24.51
2024-03-28,PLTR,23.01
2024-04-01,PLTR,22.86
2024-04-02,PLTR,22.72
2024-04-03,PLTR,22.7
2024-04-04,PLTR,22.48
2024-04-05,PLTR,22.96
2024-04-08,PLTR,23.0
2024-04-09,PLTR,22.81
2024-04-10,PLTR,22.42
2024-04-11,PLTR,22.84
2024-04-12,PLTR,22.67
2024-04-15,PLTR,21.9
2024-04-16,PLTR,21.88
2024-04-17,PLTR,21.31
2024-04-18,PLTR,21.13
2024-04-19,PLTR,20.47
2024-04-22,PLTR,20.97
2024-04-23,PLTR,21.64
2024-04-24,PLTR,21.59
2024-04-25,PLTR,21.71
2024-04-26,PLTR,22.52
2024-04-29,PLTR,22.83
2024-04-30,PLTR,21.97
2024-05-01,PLTR,22.12
2024-05-02,PLTR,22.55
2024-05-03,PLTR,23.33
2024-05-06,PLTR,25.21
2024-05-07,PLTR,21.4
2024-05-08,PLTR,21.56
2024-05-09,PLTR,21.14
2024-05-10,PLTR,20.6
2024-05-13,PLTR,20.94
2024-05-14,PLTR,21.44
2024-05-15,PLTR,21.67
2024-05-16,PLTR,21.65
2024-05-17,PLTR,21.76
2024-05-20,PLTR,21.62
2024-05-21,PLTR,21.24
2024-05-22,PLTR,21.17
2024-05-23,PLTR,20.72
2024-05-24,PLTR,21.01
2024-05-28,PLTR,21.05
2024-05-29,PLTR,20.94
2024-05-30,PLTR,21.73
2024-05-31,PLTR,21.68
2024-06-03,PLTR,21.32
2024-06-04,PLTR,22.1
2024-06-05,PLTR,22.96
2024-06-06,PLTR,23.79
2024-06-07,PLTR,23.31
2024-06-10,PLTR,23.13
2024-06-11,PLTR,23.85
2024-06-12,PLTR,23.77
2024-06-13,PLTR,23.27
2024-06-14,PLTR,23.57
2024-06-17,PLTR,25.02
2024-06-18,PLTR,25.82
2024-06-20,PLTR,25.56
2024-06-21,PLTR,23.84
2024-06-24,PLTR,24.16
2024-06-25,PLTR,24.56
2024-06-26,PLTR,24.1
2024-06-27,PLTR,25.22
2024-06-28,PLTR,25.33
2024-07-01,PLTR,25.88
2024-07-02,PLTR,25.83
2024-07-03,PLTR,25.85
2024-07-05,PLTR,27.23
2024-07-08,PLTR,27.7
2024-07-09,PLTR,27.39
2024-07-10,PLTR,28.42
2024-07-11,PLTR,27.64
2024-07-12,PLTR,28.07
2024-07-15,PLTR,28.67
2024-07-16,PLTR,28.67
2024-07-17,PLTR,28.22
2024-07-18,PLTR,28.64
2024-07-19,PLTR,28.58
2024-07-22,PLTR,28.46
2024-07-23,PLTR,28.81
2024-07-24,PLTR,26.6
2024-07-25,PLTR,26.63
2024-07-26,PLTR,27.18
2024-07-29,PLTR,27.08
2024-07-30,PLTR,26.37
2024-07-31,PLTR,26.89
2024-08-01,PLTR,26.08
2024-08-02,PLTR,24.74
2024-08-05,PLTR,24.09
2024-08-06,PLTR,26.59
2024-08-07,PLTR,26.32
2024-08-08,PLTR,29.28
2024-08-09,PLTR,30.01
2024-08-12,PLTR,29.38
2024-08-13,PLTR,30.39
2024-08-14,PLTR,31.0
2024-08-15,PLTR,31.22
2024-08-16,PLTR,32.08
2024-08-19,PLTR,32.5
2024-08-20,PLTR,32.32
2024-08-21,PLTR,32.54
2024-08-22,PLTR,31.92
2024-08-23,PLTR,31.78
2024-08-26,PLTR,30.85
2024-08-27,PLTR,30.84
2024-08-28,PLTR,30.36
2024-08-29,PLTR,31.0
2024-08-30,PLTR,31.48
2024-09-03,PLTR,30.51
2024-09-04,PLTR,30.59
2024-09-05,PLTR,30.16
2024-09-06,PLTR,30.33
2024-09-09,PLTR,34.6
2024-09-10,PLTR,34.76
2024-09-11,PLTR,34.85
2024-09-12,PLTR,34.91
2024-09-13,PLTR,35.59
2024-09-16,PLTR,36.31
2024-09-17,PLTR,36.45
2024-09-18,PLTR,36.38
2024-09-19,PLTR,36.83
2024-09-20,PLTR,37.2
2024-09-23,PLTR,37.95
2024-09-24,PLTR,36.9
2024-09-25,PLTR,37.12
2024-09-26,PLTR,37.1
2024-09-27,PLTR,36.84
2024-09-30,PLTR,37.2
2024-10-01,PLTR,36.46
2024-10-02,PLTR,37.49
2024-10-03,PLTR,39.24
2024-10-04,PLTR,40.01
2024-10-07,PLTR,38.89
2024-10-08,PLTR,41.45
2024-10-09,PLTR,43.13
2024-10-10,PLTR,43.52
2024-10-11,PLTR,43.51
2024-10-14,PLTR,43.4
2024-10-15,PLTR,42.43
2024-10-16,PLTR,41.93
2024-10-17,PLTR,42.0
2024-10-18,PLTR,42.97
2024-10-21,PLTR,42.7
2024-10-22,PLTR,42.94
2024-10-23,PLTR,42.59
2024-10-24,PLTR,43.56
2024-10-25,PLTR,44.86
2024-10-28,PLTR,44.97
2024-10-29,PLTR,44.93
2024-10-30,PLTR,43.69
2024-10-31,PLTR,41.56
2024-11-01,PLTR,41.92
2024-11-04,PLTR,41.41
2024-11-05,PLTR,51.13
2024-11-06,PLTR,55.53
2024-11-07,PLTR,55.88
2024-11-08,PLTR,58.39
2024-11-11,PLTR,60.24
2024-11-12,PLTR,59.85
2024-11-13,PLTR,60.7
2024-11-14,PLTR,59.18
2024-11-15,PLTR,65.77
2024-11-18,PLTR,61.26
2024-11-19,PLTR,62.98
2024-11-20,PLTR,62.12
2024-11-21,PLTR,61.36
2024-11-22,PLTR,64.35
2024-11-25,PLTR,64.65
2024-11-26,PLTR,65.74
2024-11-27,PLTR,66.05
2024-11-29,PLTR,67.08
2024-12-02,PLTR,66.39
2024-12-03,PLTR,70.96
2024-12-04,PLTR,69.85
2024-12-05,PLTR,71.87
2024-12-06,PLTR,76.34
2024-12-09,PLTR,72.46
2024-12-10,PLTR,70.89
2024-12-11,PLTR,72.51
2024-12-12,PLTR,73.2
2024-12-13,PLTR,76.07
2024-12-16,PLTR,75.75
2024-12-17,PLTR,74.39
2024-12-18,PLTR,71.51
2024-12-19,PLTR,74.21
2024-12-20,PLTR,80.55
2024-12-23,PLTR,80.69
2024-12-24,PLTR,82.38
2024-12-26,PLTR,82.14
2024-12-27,PLTR,79.08
2024-12-30,PLTR,77.18
2024-01-02,PEP,164.27
2024-01-03,PEP,164.31
2024-01-04,PEP,162.91
2024-01-05,PEP,160.5
2024-01-08,PEP,160.66
2024-01-09,PEP,158.82
2024-01-10,PEP,158.58
2024-01-11,PEP,157.83
2024-01-12,PEP,158.92
2024-01-16,PEP,157.87
2024-01-17,PEP,158.13
2024-01-18,PEP,158.82
2024-01-19,PEP,157.5
2024-01-22,PEP,156.86
2024-01-23,PEP,159.27
2024-01-24,PEP,157.33
2024-01-25,PEP,158.24
2024-01-26,PEP,159.48
2024-01-29,PEP,159.75
2024-01-30,PEP,161.15
2024-01-31,PEP,160.11
2024-02-01,PEP,163.12
2024-02-02,PEP,162.43
2024-02-05,PEP,162.38
2024-02-06,PEP,162.86
2024-02-07,PEP,162.91
2024-02-08,PEP,165.17
2024-02-09,PEP,159.3
2024-02-12,PEP,162.09
2024-02-13,PEP,160.45
2024-02-14,PEP,159.15
2024-02-15,PEP,159.48
2024-02-16,PEP,158.01
2024-02-20,PEP,160.23
2024-02-21,PEP,160.4
2024-02-22,PEP,159.85
2024-02-23,PEP,161.13
2024-02-26,PEP,159.86
2024-02-27,PEP,159.76
2024-02-28,PEP,158.69
2024-02-29,PEP,158.28
2024-03-01,PEP,157.56
2024-03-04,PEP,158.31
2024-03-05,PEP,155.12
2024-03-06,PEP,156.04
2024-03-07,PEP,156.15
2024-03-08,PEP,156.09
2024-03-11,PEP,157.7
2024-03-12,PEP,157.51
2024-03-13,PEP,158.24
2024-03-14,PEP,157.74
2024-03-15,PEP,157.63
2024-03-18,PEP,163.95
2024-03-19,PEP,164.46
2024-03-20,PEP,164.52
2024-03-21,PEP,165.09
2024-03-22,PEP,164.68
2024-03-25,PEP,165.23
2024-03-26,PEP,165.36
2024-03-27,PEP,166.16
2024-03-28,PEP,167.54
2024-04-01,PEP,165.59
2024-04-02,PEP,164.12
2024-04-03,PEP,162.44
2024-04-04,PEP,162.41
2024-04-05,PEP,161.92
2024-04-08,PEP,162.34
2024-04-09,PEP,163.33
2024-04-10,PEP,161.74
2024-04-11,PEP,161.17
2024-04-12,PEP,160.92
2024-04-15,PEP,159.82
2024-04-16,PEP,160.35
2024-04-17,PEP,162.24
2024-04-18,PEP,164.91
2024-04-19,PEP,166.7
2024-04-22,PEP,168.93
2024-04-23,PEP,163.91
2024-04-24,PEP,169.84
2024-04-25,PEP,169.14
2024-04-26,PEP,168.08
2024-04-29,PEP,168.62
2024-04-30,PEP,168.4
2024-05-01,PEP,167.67
2024-05-02,PEP,167.96
2024-05-03,PEP,168.63
2024-05-06,PEP,168.31
2024-05-07,PEP,170.42
2024-05-08,PEP,169.84
2024-05-09,PEP,170.46
2024-05-10,PEP,172.11
2024-05-13,PEP,173.18
2024-05-14,PEP,172.19
2024-05-15,PEP,171.8
2024-05-16,PEP,175.29
2024-05-17,PEP,174.41
2024-05-20,PEP,172.61
2024-05-21,PEP,173.35
2024-05-22,PEP,174.32
2024-05-23,PEP,171.62
2024-05-24,PEP,170.39
2024-05-28,PEP,165.98
2024-05-29,PEP,163.84
2024-05-30,PEP,163.2
2024-05-31,PEP,165.52
2024-06-03,PEP,163.92
2024-06-04,PEP,166.47
2024-06-05,PEP,166.08
2024-06-06,PEP,165.81
2024-06-07,PEP,165.03
2024-06-10,PEP,160.07
2024-06-11,PEP,159.27
2024-06-12,PEP,158.07
2024-06-13,PEP,157.59
2024-06-14,PEP,158.05
2024-06-17,PEP,160.3
2024-06-18,PEP,160.63
2024-06-20,PEP,160.82
2024-06-21,PEP,161.4
2024-06-24,PEP,162.17
2024-06-25,PEP,161.47
2024-06-26,PEP,160.88
2024-06-27,PEP,160.42
2024-06-28,PEP,159.13
2024-07-01,PEP,157.16
2024-07-02,PEP,157.83
2024-07-03,PEP,156.89
2024-07-05,PEP,158.61
2024-07-08,PEP,156.42
2024-07-09,PEP,156.21
2024-07-10,PEP,157.84
2024-07-11,PEP,158.19
2024-07-12,PEP,160.53
2024-07-15,PEP,158.1
2024-07-16,PEP,158.97
2024-07-17,PEP,163.92
2024-07-18,PEP,164.38
2024-07-19,PEP,163.41
2024-07-22,PEP,161.77
2024-07-23,PEP,160.44
2024-07-24,PEP,162.26
2024-07-25,PEP,165.01
2024-07-26,PEP,166.68
2024-07-29,PEP,167.12
2024-07-30,PEP,167.09
2024-07-31,PEP,166.6
2024-08-01,PEP,168.81
2024-08-02,PEP,171.78
2024-08-05,PEP,167.92
2024-08-06,PEP,166.43
2024-08-07,PEP,165.75
2024-08-08,PEP,166.31
2024-08-09,PEP,166.33
2024-08-12,PEP,165.4
2024-08-13,PEP,166.31
2024-08-14,PEP,167.6
2024-08-15,PEP,166.46
2024-08-16,PEP,166.55
2024-08-19,PEP,167.71
2024-08-20,PEP,169.67
2024-08-21,PEP,169.05
2024-08-22,PEP,169.56
2024-08-23,PEP,169.69
2024-08-26,PEP,169.79
2024-08-27,PEP,169.14
2024-08-28,PEP,167.81
2024-08-29,PEP,166.04
2024-08-30,PEP,166.8
2024-09-03,PEP,171.3
2024-09-04,PEP,172.25
2024-09-05,PEP,173.0
2024-09-06,PEP,172.41
2024-09-09,PEP,173.24
2024-09-10,PEP,172.87
2024-09-11,PEP,170.89
2024-09-12,PEP,172.32
2024-09-13,PEP,172.43
2024-09-16,PEP,172.28
2024-09-17,PEP,171.95
2024-09-18,PEP,170.34
2024-09-19,PEP,169.8
2024-09-20,PEP,166.42
2024-09-23,PEP,167.33
2024-09-24,PEP,165.2
2024-09-25,PEP,164.69
2024-09-26,PEP,164.97
2024-09-27,PEP,165.27
2024-09-30,PEP,165.32
2024-10-01,PEP,166.62
2024-10-02,PEP,164.84
2024-10-03,PEP,163.84
2024-10-04,PEP,163.3
2024-10-07,PEP,162.56
2024-10-08,PEP,165.68
2024-10-09,PEP,167.74
2024-10-10,PEP,168.18
2024-10-11,PEP,169.95
2024-10-14,PEP,171.2
2024-10-15,PEP,171.01
2024-10-16,PEP,169.63
2024-10-17,PEP,169.81
2024-10-18,PEP,170.19
2024-10-21,PEP,170.14
2024-10-22,PEP,169.52
2024-10-23,PEP,168.14
2024-10-24,PEP,167.37
2024-10-25,PEP,167.01
2024-10-28,PEP,165.12
2024-10-29,PEP,162.84
2024-10-30,PEP,161.59
2024-10-31,PEP,161.46
2024-11-01,PEP,160.99
2024-11-04,PEP,161.72
2024-11-05,PEP,163.18
2024-11-06,PEP,160.13
2024-11-07,PEP,159.44
2024-11-08,PEP,160.52
2024-11-11,PEP,159.69
2024-11-12,PEP,159.77
2024-11-13,PEP,160.16
2024-11-14,PEP,160.56
2024-11-15,PEP,154.21
2024-11-18,PEP,153.93
2024-11-19,PEP,152.36
2024-11-20,PEP,154.33
2024-11-21,PEP,155.88
2024-11-22,PEP,157.5
2024-11-25,PEP,158.52
2024-11-26,PEP,157.65
2024-11-27,PEP,158.2
2024-11-29,PEP,158.91
2024-12-02,PEP,158.52
2024-12-03,PEP,157.2
2024-12-04,PEP,155.73
2024-12-05,PEP,156.03
2024-12-06,PEP,154.71
2024-12-09,PEP,156.36
2024-12-10,PEP,156.72
2024-12-11,PEP,153.71
2024-12-12,PEP,155.8
2024-12-13,PEP,154.89
2024-12-16,PEP,152.97
2024-12-17,PEP,153.09
2024-12-18,PEP,151.42
2024-12-19,PEP,148.51
2024-12-20,PEP,149.81
2024-12-23,PEP,148.34
2024-12-24,PEP,149.83
2024-12-26,PEP,149.46
2024-12-27,PEP,149.91
2024-12-30,PEP,148.76
2024-01-02,GGAL,15.66
2024-01-03,GGAL,15.5
2024-01-04,GGAL,15.0
2024-01-05,GGAL,15.23
2024-01-08,GGAL,15.33
2024-01-09,GGAL,14.3
2024-01-10,GGAL,14.86
2024-01-11,GGAL,14.57
2024-01-12,GGAL,14.76
2024-01-16,GGAL,14.48
2024-01-17,GGAL,15.01
2024-01-18,GGAL,15.39
2024-01-19,GGAL,15.87
2024-01-22,GGAL,16.79
2024-01-23,GGAL,16.98
2024-01-24,GGAL,17.55
2024-01-25,GGAL,18.76
2024-01-26,GGAL,19.65
2024-01-29,GGAL,19.65
2024-01-30,GGAL,19.85
2024-01-31,GGAL,19.96
2024-02-01,GGAL,20.16
2024-02-02,GGAL,20.22
2024-02-05,GGAL,19.18
2024-02-06,GGAL,19.08
2024-02-07,GGAL,17.84
2024-02-08,GGAL,16.76
2024-02-09,GGAL,17.55
2024-02-12,GGAL,17.78
2024-02-13,GGAL,17.89
2024-02-14,GGAL,18.33
2024-02-15,GGAL,18.61
2024-02-16,GGAL,18.99
2024-02-20,GGAL,19.18
2024-02-21,GGAL,19.19
2024-02-22,GGAL,19.86
2024-02-23,GGAL,20.28
2024-02-26,GGAL,20.94
2024-02-27,GGAL,19.96
2024-02-28,GGAL,20.08
2024-02-29,GGAL,20.32
2024-03-01,GGAL,20.58
2024-03-04,GGAL,20.05
2024-03-05,GGAL,19.52
2024-03-06,GGAL,21.11
2024-03-07,GGAL,21.17
2024-03-08,GGAL,20.86
2024-03-11,GGAL,20.11
2024-03-12,GGAL,21.04
2024-03-13,GGAL,22.44
2024-03-14,GGAL,21.57
2024-03-15,GGAL,22.01
2024-03-18,GGAL,22.88
2024-03-19,GGAL,22.5
2024-03-20,GGAL,23.4
2024-03-21,GGAL,23.97
2024-03-22,GGAL,24.08
2024-03-25,GGAL,24.15
2024-03-26,GGAL,23.7
2024-03-27,GGAL,24.15
2024-03-28,GGAL,23.47
2024-04-01,GGAL,23.82
2024-04-02,GGAL,23.01
2024-04-03,GGAL,24.1
2024-04-04,GGAL,23.82
2024-04-05,GGAL,25.27
2024-04-08,GGAL,25.61
2024-04-09,GGAL,26.47
2024-04-10,GGAL,26.64
2024-04-11,GGAL,27.49
2024-04-12,GGAL,27.34
2024-04-15,GGAL,25.49
2024-04-16,GGAL,25.64
2024-04-17,GGAL,25.56
2024-04-18,GGAL,25.88
2024-04-19,GGAL,26.28
2024-04-22,GGAL,28.64
2024-04-23,GGAL,28.19
2024-04-24,GGAL,26.84
2024-04-25,GGAL,27.23
2024-04-26,GGAL,28.35
2024-04-29,GGAL,28.87
2024-04-30,GGAL,29.95
2024-05-01,GGAL,29.89
2024-05-02,GGAL,29.45
2024-05-03,GGAL,31.69
2024-05-06,GGAL,33.98
2024-05-07,GGAL,32.92
2024-05-08,GGAL,33.29
2024-05-09,GGAL,32.79
2024-05-10,GGAL,32.29
2024-05-13,GGAL,32.0
2024-05-14,GGAL,32.75
2024-05-15,GGAL,34.02
2024-05-16,GGAL,33.81
2024-05-17,GGAL,33.86
2024-05-20,GGAL,34.43
2024-05-21,GGAL,33.41
2024-05-22,GGAL,31.01
2024-05-23,GGAL,28.62
2024-05-24,GGAL,29.98
2024-05-28,GGAL,30.54
2024-05-29,GGAL,31.55
2024-05-30,GGAL,34.06
2024-05-31,GGAL,33.1
2024-06-03,GGAL,32.87
2024-06-04,GGAL,30.69
2024-06-05,GGAL,30.7
2024-06-06,GGAL,29.1
2024-06-07,GGAL,29.25
2024-06-10,GGAL,30.81
2024-06-11,GGAL,29.95
2024-06-12,GGAL,31.63
2024-06-13,GGAL,32.81
2024-06-14,GGAL,32.42
2024-06-17,GGAL,31.75
2024-06-18,GGAL,32.46
2024-06-20,GGAL,30.75
2024-06-21,GGAL,30.53
2024-06-24,GGAL,30.66
2024-06-25,GGAL,31.08
2024-06-26,GGAL,29.39
2024-06-27,GGAL,30.13
2024-06-28,GGAL,29.1
2024-07-01,GGAL,26.35
2024-07-02,GGAL,26.77
2024-07-03,GGAL,27.14
2024-07-05,GGAL,27.1
2024-07-08,GGAL,27.17
2024-07-09,GGAL,27.45
2024-07-10,GGAL,28.1
2024-07-11,GGAL,27.61
2024-07-12,GGAL,27.29
2024-07-15,GGAL,26.11
2024-07-16,GGAL,27.24
2024-07-17,GGAL,26.15
2024-07-18,GGAL,26.18
2024-07-19,GGAL,26.86
2024-07-22,GGAL,26.93
2024-07-23,GGAL,28.09
2024-07-24,GGAL,27.31
2024-07-25,GGAL,27.01
2024-07-26,GGAL,27.61
2024-07-29,GGAL,26.89
2024-07-30,GGAL,26.34
2024-07-31,GGAL,28.24
2024-08-01,GGAL,27.65
2024-08-02,GGAL,25.98
2024-08-05,GGAL,25.94
2024-08-06,GGAL,27.34
2024-08-07,GGAL,27.95
2024-08-08,GGAL,31.94
2024-08-09,GGAL,33.37
2024-08-12,GGAL,33.37
2024-08-13,GGAL,33.54
2024-08-14,GGAL,34.54
2024-08-15,GGAL,34.59
2024-08-16,GGAL,34.28
2024-08-19,GGAL,34.48
2024-08-20,GGAL,34.59
2024-08-21,GGAL,33.71
2024-08-22,GGAL,32.96
2024-08-23,GGAL,34.52
2024-08-26,GGAL,33.63
2024-08-27,GGAL,34.77
2024-08-28,GGAL,35.02
2024-08-29,GGAL,37.5
2024-08-30,GGAL,38.98
2024-09-03,GGAL,40.1
2024-09-04,GGAL,42.04
2024-09-05,GGAL,41.79
2024-09-06,GGAL,40.88
2024-09-09,GGAL,42.09
2024-09-10,GGAL,41.35
2024-09-11,GGAL,42.96
2024-09-12,GGAL,43.27
2024-09-13,GGAL,44.85
2024-09-16,GGAL,44.12
2024-09-17,GGAL,44.93
2024-09-18,GGAL,45.91
2024-09-19,GGAL,46.88
2024-09-20,GGAL,46.41
2024-09-23,GGAL,45.41
2024-09-24,GGAL,44.15
2024-09-25,GGAL,42.93
2024-09-26,GGAL,43.0
2024-09-27,GGAL,43.57
2024-09-30,GGAL,41.89
2024-10-01,GGAL,42.21
2024-10-02,GGAL,41.74
2024-10-03,GGAL,43.2
2024-10-04,GGAL,43.28
2024-10-07,GGAL,42.32
2024-10-08,GGAL,43.97
2024-10-09,GGAL,46.36
2024-10-10,GGAL,47.71
2024-10-11,GGAL,49.53
2024-10-14,GGAL,49.21
2024-10-15,GGAL,49.41
2024-10-16,GGAL,48.61
2024-10-17,GGAL,48.59
2024-10-18,GGAL,50.38
2024-10-21,GGAL,50.39
2024-10-22,GGAL,50.3
2024-10-23,GGAL,49.53
2024-10-24,GGAL,52.68
2024-10-25,GGAL,53.63
2024-10-28,GGAL,53.85
2024-10-29,GGAL,53.28
2024-10-30,GGAL,52.01
2024-10-31,GGAL,52.47
2024-11-01,GGAL,51.68
2024-11-04,GGAL,51.5
2024-11-05,GGAL,51.54
2024-11-06,GGAL,54.68
2024-11-07,GGAL,54.5
2024-11-08,GGAL,53.56
2024-11-11,GGAL,53.55
2024-11-12,GGAL,54.49
2024-11-13,GGAL,54.77
2024-11-14,GGAL,54.45
2024-11-15,GGAL,56.02
2024-11-18,GGAL,58.88
2024-11-19,GGAL,56.76
2024-11-20,GGAL,57.39
2024-11-21,GGAL,55.66
2024-11-22,GGAL,55.22
2024-11-25,GGAL,55.25
2024-11-26,GGAL,56.46
2024-11-27,GGAL,55.84
2024-11-29,GGAL,56.17
2024-12-02,GGAL,58.95
2024-12-03,GGAL,57.83
2024-12-04,GGAL,55.85
2024-12-05,GGAL,57.95
2024-12-06,GGAL,58.64
2024-12-09,GGAL,58.0
2024-12-10,GGAL,57.67
2024-12-11,GGAL,61.48
2024-12-12,GGAL,61.29
2024-12-13,GGAL,62.02
2024-12-16,GGAL,67.44
2024-12-17,GGAL,68.39
2024-12-18,GGAL,63.03
2024-12-19,GGAL,61.01
2024-12-20,GGAL,63.29
2024-12-23,GGAL,62.81
2024-12-24,GGAL,64.56
2024-12-26,GGAL,64.41
2024-12-27,GGAL,63.99
2024-12-30,GGAL,62.52
2024-01-02,HUT,12.6
2024-01-03,HUT,12.33
2024-01-04,HUT,12.53
2024-01-05,HUT,11.9
2024-01-08,HUT,12.0
2024-01-09,HUT,11.73
2024-01-10,HUT,12.11
2024-01-11,HUT,11.24
2024-01-12,HUT,9.9
2024-01-16,HUT,9.62
2024-01-17,HUT,9.28
2024-01-18,HUT,7.12
2024-01-19,HUT,6.91
2024-01-22,HUT,6.72
2024-01-23,HUT,6.33
2024-01-24,HUT,6.35
2024-01-25,HUT,7.47
2024-01-26,HUT,8.45
2024-01-29,HUT,8.42
2024-01-30,HUT,7.82
2024-01-31,HUT,7.47
2024-02-01,HUT,7.47
2024-02-02,HUT,7.28
2024-02-05,HUT,6.88
2024-02-06,HUT,6.88
2024-02-07,HUT,6.77
2024-02-08,HUT,7.47
2024-02-09,HUT,8.35
2024-02-12,HUT,9.06
2024-02-13,HUT,8.53
2024-02-14,HUT,10.23
2024-02-15,HUT,9.97
2024-02-16,HUT,10.08
2024-02-20,HUT,9.43
2024-02-21,HUT,8.74
2024-02-22,HUT,8.27
2024-02-23,HUT,7.82
2024-02-26,HUT,9.22
2024-02-27,HUT,9.29
2024-02-28,HUT,8.73
2024-02-29,HUT,8.49
2024-03-01,HUT,8.92
2024-03-04,HUT,8.36
2024-03-05,HUT,7.52
2024-03-06,HUT,7.87
2024-03-07,HUT,7.72
2024-03-08,HUT,7.93
2024-03-11,HUT,7.08
2024-03-12,HUT,7.13
2024-03-13,HUT,7.73
2024-03-14,HUT,7.24
2024-03-15,HUT,7.54
2024-03-18,HUT,7.79
2024-03-19,HUT,8.05
2024-03-20,HUT,9.08
2024-03-21,HUT,8.88
2024-03-22,HUT,8.72
2024-03-25,HUT,9.4
2024-03-26,HUT,9.88
2024-03-27,HUT,9.86
2024-03-28,HUT,11.04
2024-04-01,HUT,10.82
2024-04-02,HUT,9.38
2024-04-03,HUT,9.69
2024-04-04,HUT,9.69
2024-04-05,HUT,8.98
2024-04-08,HUT,9.0
2024-04-09,HUT,8.62
2024-04-10,HUT,8.53
2024-04-11,HUT,8.11
2024-04-12,HUT,7.72
2024-04-15,HUT,7.24
2024-04-16,HUT,7.24
2024-04-17,HUT,7.44
2024-04-18,HUT,7.88
2024-04-19,HUT,8.05
2024-04-22,HUT,9.22
2024-04-23,HUT,9.63
2024-04-24,HUT,8.98
2024-04-25,HUT,8.86
2024-04-26,HUT,8.81
2024-04-29,HUT,8.34
2024-04-30,HUT,7.86
2024-05-01,HUT,7.99
2024-05-02,HUT,8.16
2024-05-03,HUT,8.27
2024-05-06,HUT,8.85
2024-05-07,HUT,8.19
2024-05-08,HUT,8.19
2024-05-09,HUT,8.15
2024-05-10,HUT,7.99
2024-05-13,HUT,7.87
2024-05-14,HUT,7.79
2024-05-15,HUT,8.83
2024-05-16,HUT,8.92
2024-05-17,HUT,9.16
2024-05-20,HUT,9.95
2024-05-21,HUT,9.7
2024-05-22,HUT,9.85
2024-05-23,HUT,8.86
2024-05-24,HUT,9.28
2024-05-28,HUT,9.2
2024-05-29,HUT,8.92
2024-05-30,HUT,8.99
2024-05-31,HUT,8.69
2024-06-03,HUT,8.96
2024-06-04,HUT,9.56
2024-06-05,HUT,10.04
2024-06-06,HUT,10.47
2024-06-07,HUT,9.68
2024-06-10,HUT,9.85
2024-06-11,HUT,9.93
2024-06-12,HUT,10.93
2024-06-13,HUT,11.51
2024-06-14,HUT,11.28
2024-06-17,HUT,12.24
2024-06-18,HUT,11.96
2024-06-20,HUT,13.01
2024-06-21,HUT,12.35
2024-06-24,HUT,12.53
2024-06-25,HUT,14.62
2024-06-26,HUT,15.32
2024-06-27,HUT,15.2
2024-06-28,HUT,14.99
2024-07-01,HUT,15.25
2024-07-02,HUT,15.67
2024-07-03,HUT,16.16
2024-07-05,HUT,16.49
2024-07-08,HUT,17.48
2024-07-09,HUT,16.03
2024-07-10,HUT,15.24
2024-07-11,HUT,14.92
2024-07-12,HUT,16.96
2024-07-15,HUT,20.0
2024-07-16,HUT,20.93
2024-07-17,HUT,19.73
2024-07-18,HUT,18.13
2024-07-19,HUT,19.52
2024-07-22,HUT,20.26
2024-07-23,HUT,19.9
2024-07-24,HUT,18.02
2024-07-25,HUT,14.79
2024-07-26,HUT,15.17
2024-07-29,HUT,14.83
2024-07-30,HUT,13.97
2024-07-31,HUT,14.64
2024-08-01,HUT,13.9
2024-08-02,HUT,12.4
2024-08-05,HUT,11.59
2024-08-06,HUT,12.31
2024-08-07,HUT,11.13
2024-08-08,HUT,12.42
2024-08-09,HUT,11.97
2024-08-12,HUT,11.39
2024-08-13,HUT,10.96
2024-08-14,HUT,10.97
2024-08-15,HUT,11.65
2024-08-16,HUT,11.54
2024-08-19,HUT,12.22
2024-08-20,HUT,11.56
2024-08-21,HUT,12.19
2024-08-22,HUT,11.45
2024-08-23,HUT,12.57
2024-08-26,HUT,12.08
2024-08-27,HUT,11.24
2024-08-28,HUT,10.34
2024-08-29,HUT,10.38
2024-08-30,HUT,10.11
2024-09-03,HUT,9.09
2024-09-04,HUT,9.19
2024-09-05,HUT,9.5
2024-09-06,HUT,9.0
2024-09-09,HUT,9.97
2024-09-10,HUT,10.44
2024-09-11,HUT,10.58
2024-09-12,HUT,10.89
2024-09-13,HUT,11.24
2024-09-16,HUT,11.03
2024-09-17,HUT,11.42
2024-09-18,HUT,11.02
2024-09-19,HUT,11.43
2024-09-20,HUT,11.17
2024-09-23,HUT,11.57
2024-09-24,HUT,12.5
2024-09-25,HUT,12.53
2024-09-26,HUT,12.63
2024-09-27,HUT,13.08
2024-09-30,HUT,12.26
2024-10-01,HUT,11.56
2024-10-02,HUT,11.98
2024-10-03,HUT,11.73
2024-10-04,HUT,12.02
2024-10-07,HUT,11.72
2024-10-08,HUT,11.34
2024-10-09,HUT,10.97
2024-10-10,HUT,11.12
2024-10-11,HUT,11.72
2024-10-14,HUT,12.18
2024-10-15,HUT,11.77
2024-10-16,HUT,12.9
2024-10-17,HUT,12.67
2024-10-18,HUT,14.47
2024-10-21,HUT,15.33
2024-10-22,HUT,15.66
2024-10-23,HUT,15.11
2024-10-24,HUT,15.31
2024-10-25,HUT,14.9
2024-10-28,HUT,17.21
2024-10-29,HUT,17.18
2024-10-30,HUT,18.16
2024-10-31,HUT,15.79
2024-11-01,HUT,16.02
2024-11-04,HUT,15.56
2024-11-05,HUT,16.74
2024-11-06,HUT,18.59
2024-11-07,HUT,18.97
2024-11-08,HUT,19.58
2024-11-11,HUT,24.59
2024-11-12,HUT,23.86
2024-11-13,HUT,24.78
2024-11-14,HUT,23.14
2024-11-15,HUT,25.26
2024-11-18,HUT,25.04
2024-11-19,HUT,25.32
2024-11-20,HUT,24.46
2024-11-21,HUT,23.48
2024-11-22,HUT,25.92
2024-11-25,HUT,25.24
2024-11-26,HUT,24.42
2024-11-27,HUT,28.45
2024-11-29,HUT,28.02
2024-12-02,HUT,25.93
2024-12-03,HUT,25.06
2024-12-04,HUT,27.03
2024-12-05,HUT,27.67
2024-12-06,HUT,30.24
2024-12-09,HUT,27.2
2024-12-10,HUT,25.62
2024-12-11,HUT,26.69
2024-12-12,HUT,27.32
2024-12-13,HUT,27.33
2024-12-16,HUT,29.06
2024-12-17,HUT,29.62
2024-12-18,HUT,26.13
2024-12-19,HUT,23.8
2024-12-20,HUT,23.68
2024-12-23,HUT,21.65
2024-12-24,HUT,24.28
2024-12-26,HUT,23.89
2024-12-27,HUT,22.32
2024-12-30,HUT,21.51
2024-01-02,COIN,156.88
2024-01-03,COIN,152.24
2024-01-04,COIN,155.6
2024-01-05,COIN,153.98
2024-01-08,COIN,159.42
2024-01-09,COIN,151.99
2024-01-10,COIN,151.29
2024-01-11,COIN,141.16
2024-01-12,COIN,130.78
2024-01-16,COIN,133.88
2024-01-17,COIN,133.86
2024-01-18,COIN,124.34
2024-01-19,COIN,124.75
2024-01-22,COIN,128.21
2024-01-23,COIN,124.19
2024-01-24,COIN,121.34
2024-01-25,COIN,121.01
2024-01-26,COIN,125.2
2024-01-29,COIN,132.82
2024-01-30,COIN,130.82
2024-01-31,COIN,128.2
2024-02-01,COIN,128.95
2024-02-02,COIN,129.22
2024-02-05,COIN,117.3
2024-02-06,COIN,119.79
2024-02-07,COIN,122.07
2024-02-08,COIN,132.55
2024-02-09,COIN,141.99
2024-02-12,COIN,147.31
2024-02-13,COIN,140.39
2024-02-14,COIN,160.38
2024-02-15,COIN,165.67
2024-02-16,COIN,180.31
2024-02-20,COIN,173.3
2024-02-21,COIN,162.41
2024-02-22,COIN,170.91
2024-02-23,COIN,165.98
2024-02-26,COIN,193.94
2024-02-27,COIN,199.22
2024-02-28,COIN,200.8
2024-02-29,COIN,203.56
2024-03-01,COIN,205.77
2024-03-04,COIN,229.15
2024-03-05,COIN,216.77
2024-03-06,COIN,238.55
2024-03-07,COIN,242.62
2024-03-08,COIN,256.62
2024-03-11,COIN,254.17
2024-03-12,COIN,256.14
2024-03-13,COIN,251.73
2024-03-14,COIN,233.67
2024-03-15,COIN,242.36
2024-03-18,COIN,239.62
2024-03-19,COIN,230.12
2024-03-20,COIN,256.88
2024-03-21,COIN,262.0
2024-03-22,COIN,255.51
2024-03-25,COIN,279.71
2024-03-26,COIN,266.81
2024-03-27,COIN,256.7
2024-03-28,COIN,265.12
2024-04-01,COIN,252.11
2024-04-02,COIN,245.84
2024-04-03,COIN,251.58
2024-04-04,COIN,249.61
2024-04-05,COIN,240.9
2024-04-08,COIN,256.99
2024-04-09,COIN,242.95
2024-04-10,COIN,250.99
2024-04-11,COIN,263.01
2024-04-12,COIN,245.75
2024-04-15,COIN,223.41
2024-04-16,COIN,218.83
2024-04-17,COIN,213.78
2024-04-18,COIN,218.08
2024-04-19,COIN,211.01
2024-04-22,COIN,225.86
2024-04-23,COIN,236.43
2024-04-24,COIN,224.37
2024-04-25,COIN,223.61
2024-04-26,COIN,236.32
2024-04-29,COIN,218.16
2024-04-30,COIN,203.93
2024-05-01,COIN,210.09
2024-05-02,COIN,228.85
2024-05-03,COIN,223.25
2024-05-06,COIN,226.93
2024-05-07,COIN,214.34
2024-05-08,COIN,211.2
2024-05-09,COIN,210.45
2024-05-10,COIN,200.92
2024-05-13,COIN,199.51
2024-05-14,COIN,203.05
2024-05-15,COIN,219.91
2024-05-16,COIN,199.17
2024-05-17,COIN,207.6
2024-05-20,COIN,225.19
2024-05-21,COIN,225.78
2024-05-22,COIN,231.51
2024-05-23,COIN,218.86
2024-05-24,COIN,237.65
2024-05-28,COIN,245.0
2024-05-29,COIN,236.65
2024-05-30,COIN,234.76
2024-05-31,COIN,225.92
2024-06-03,COIN,231.39
2024-06-04,COIN,244.2
2024-06-05,COIN,251.4
2024-06-06,COIN,257.08
2024-06-07,COIN,244.16
2024-06-10,COIN,249.81
2024-06-11,COIN,244.2
2024-06-12,COIN,254.96
2024-06-13,COIN,247.64
2024-06-14,COIN,244.5
2024-06-17,COIN,245.1
2024-06-18,COIN,235.95
2024-06-20,COIN,235.03
2024-06-21,COIN,225.86
2024-06-24,COIN,212.31
2024-06-25,COIN,221.71
2024-06-26,COIN,214.58
2024-06-27,COIN,224.0
2024-06-28,COIN,222.23
2024-07-01,COIN,233.37
2024-07-02,COIN,227.51
2024-07-03,COIN,224.94
2024-07-05,COIN,223.68
2024-07-08,COIN,220.56
2024-07-09,COIN,219.97
2024-07-10,COIN,219.56
2024-07-11,COIN,214.63
2024-07-12,COIN,218.02
2024-07-15,COIN,242.85
2024-07-16,COIN,251.49
2024-07-17,COIN,249.1
2024-07-18,COIN,233.24
2024-07-19,COIN,257.79
2024-07-22,COIN,265.15
2024-07-23,COIN,257.63
2024-07-24,COIN,245.06
2024-07-25,COIN,231.52
2024-07-26,COIN,242.93
2024-07-29,COIN,234.2
2024-07-30,COIN,224.46
2024-07-31,COIN,224.36
2024-08-01,COIN,212.64
2024-08-02,COIN,204.44
2024-08-05,COIN,189.47
2024-08-06,COIN,194.17
2024-08-07,COIN,178.91
2024-08-08,COIN,192.32
2024-08-09,COIN,196.29
2024-08-12,COIN,191.74
2024-08-13,COIN,197.94
2024-08-14,COIN,195.96
2024-08-15,COIN,197.12
2024-08-16,COIN,205.31
2024-08-19,COIN,204.46
2024-08-20,COIN,197.25
2024-08-21,COIN,206.23
2024-08-22,COIN,198.43
2024-08-23,COIN,211.4
2024-08-26,COIN,204.0
2024-08-27,COIN,198.3
2024-08-28,COIN,190.2
2024-08-29,COIN,188.28
2024-08-30,COIN,183.36
2024-09-03,COIN,169.13
2024-09-04,COIN,163.22
2024-09-05,COIN,159.7
2024-09-06,COIN,147.35
2024-09-09,COIN,155.05
2024-09-10,COIN,158.46
2024-09-11,COIN,157.15
2024-09-12,COIN,162.89
2024-09-13,COIN,163.05
2024-09-16,COIN,161.5
2024-09-17,COIN,162.45
2024-09-18,COIN,162.64
2024-09-19,COIN,168.24
2024-09-20,COIN,170.09
2024-09-23,COIN,170.22
2024-09-24,COIN,171.68
2024-09-25,COIN,167.08
2024-09-26,COIN,179.93
2024-09-27,COIN,191.23
2024-09-30,COIN,178.17
2024-10-01,COIN,165.01
2024-10-02,COIN,164.47
2024-10-03,COIN,163.1
2024-10-04,COIN,170.91
2024-10-07,COIN,168.92
2024-10-08,COIN,167.69
2024-10-09,COIN,166.97
2024-10-10,COIN,164.27
2024-10-11,COIN,176.38
2024-10-14,COIN,196.35
2024-10-15,COIN,196.34
2024-10-16,COIN,210.48
2024-10-17,COIN,204.2
2024-10-18,COIN,220.21
2024-10-21,COIN,213.72
2024-10-22,COIN,210.72
2024-10-23,COIN,198.93
2024-10-24,COIN,209.16
2024-10-25,COIN,205.04
2024-10-28,COIN,216.1
2024-10-29,COIN,219.66
2024-10-30,COIN,211.74
2024-10-31,COIN,179.25
2024-11-01,COIN,182.88
2024-11-04,COIN,186.27
2024-11-05,COIN,193.96
2024-11-06,COIN,254.31
2024-11-07,COIN,255.58
2024-11-08,COIN,270.74
2024-11-11,COIN,324.24
2024-11-12,COIN,319.13
2024-11-13,COIN,284.72
2024-11-14,COIN,278.84
2024-11-15,COIN,305.85
2024-11-18,COIN,325.41
2024-11-19,COIN,324.57
2024-11-20,COIN,320.01
2024-11-21,COIN,295.23
2024-11-22,COIN,304.64
2024-11-25,COIN,312.22
2024-11-26,COIN,293.29
2024-11-27,COIN,310.98
2024-11-29,COIN,296.2
2024-12-02,COIN,302.4
2024-12-03,COIN,309.35
2024-12-04,COIN,330.94
2024-12-05,COIN,320.57
2024-12-06,COIN,343.62
2024-12-09,COIN,310.52
2024-12-10,COIN,302.42
2024-12-11,COIN,313.81
2024-12-12,COIN,312.96
2024-12-13,COIN,310.58
2024-12-16,COIN,315.31
2024-12-17,COIN,311.64
2024-12-18,COIN,279.86
2024-12-19,COIN,273.92
2024-12-20,COIN,278.71
2024-12-23,COIN,268.15
2024-12-24,COIN,279.62
2024-12-26,COIN,274.41
2024-12-27,COIN,265.71
2024-12-30,COIN,255.56
2024-01-02,MRVL,57.82
2024-01-03,MRVL,56.42
2024-01-04,MRVL,57.78
2024-01-05,MRVL,59.62
2024-01-08,MRVL,63.79
2024-01-09,MRVL,63.16
2024-01-10,MRVL,63.12
2024-01-11,MRVL,65.54
2024-01-12,MRVL,65.35
2024-01-16,MRVL,65.2
2024-01-17,MRVL,65.04
2024-01-18,MRVL,67.87
2024-01-19,MRVL,70.73
2024-01-22,MRVL,69.76
2024-01-23,MRVL,70.25
2024-01-24,MRVL,71.92
2024-01-25,MRVL,69.65
2024-01-26,MRVL,67.7
2024-01-29,MRVL,69.79
2024-01-30,MRVL,68.49
2024-01-31,MRVL,67.36
2024-02-01,MRVL,66.54
2024-02-02,MRVL,67.2
2024-02-05,MRVL,66.69
2024-02-06,MRVL,66.75
2024-02-07,MRVL,69.03
2024-02-08,MRVL,70.67
2024-02-09,MRVL,68.49
2024-02-12,MRVL,70.07
2024-02-13,MRVL,67.79
2024-02-14,MRVL,68.62
2024-02-15,MRVL,67.11
2024-02-16,MRVL,65.96
2024-02-20,MRVL,64.72
2024-02-21,MRVL,65.2
2024-02-22,MRVL,69.52
2024-02-23,MRVL,67.25
2024-02-26,MRVL,68.28
2024-02-27,MRVL,68.79
2024-02-28,MRVL,67.21
2024-02-29,MRVL,71.31
2024-03-01,MRVL,77.23
2024-03-04,MRVL,78.96
2024-03-05,MRVL,78.34
2024-03-06,MRVL,80.97
2024-03-07,MRVL,84.67
2024-03-08,MRVL,75.05
2024-03-11,MRVL,72.0
2024-03-12,MRVL,71.41
2024-03-13,MRVL,67.3
2024-03-14,MRVL,65.75
2024-03-15,MRVL,66.54
2024-03-18,MRVL,66.87
2024-03-19,MRVL,64.74
2024-03-20,MRVL,65.22
2024-03-21,MRVL,66.26
2024-03-22,MRVL,66.21
2024-03-25,MRVL,65.79
2024-03-26,MRVL,67.92
2024-03-27,MRVL,71.95
2024-03-28,MRVL,70.53
2024-04-01,MRVL,72.84
2024-04-02,MRVL,73.23
2024-04-03,MRVL,72.67
2024-04-04,MRVL,70.53
2024-04-05,MRVL,72.29
2024-04-08,MRVL,71.56
2024-04-09,MRVL,72.98
2024-04-10,MRVL,71.08
2024-04-11,MRVL,71.24
2024-04-12,MRVL,69.87
2024-04-15,MRVL,67.6
2024-04-16,MRVL,68.0
2024-04-17,MRVL,66.21
2024-04-18,MRVL,64.97
2024-04-19,MRVL,61.87
2024-04-22,MRVL,62.62
2024-04-23,MRVL,63.6
2024-04-24,MRVL,64.58
2024-04-25,MRVL,67.2
2024-04-26,MRVL,69.33
2024-04-29,MRVL,68.47
2024-04-30,MRVL,65.64
2024-05-01,MRVL,63.56
2024-05-02,MRVL,66.4
2024-05-03,MRVL,68.23
2024-05-06,MRVL,69.53
2024-05-07,MRVL,68.4
2024-05-08,MRVL,67.83
2024-05-09,MRVL,67.4
2024-05-10,MRVL,68.19
2024-05-13,MRVL,68.74
2024-05-14,MRVL,67.74
2024-05-15,MRVL,69.86
2024-05-16,MRVL,72.78
2024-05-17,MRVL,71.62
2024-05-20,MRVL,74.16
2024-05-21,MRVL,73.0
2024-05-22,MRVL,73.38
2024-05-23,MRVL,74.71
2024-05-24,MRVL,76.36
2024-05-28,MRVL,78.01
2024-05-29,MRVL,75.47
2024-05-30,MRVL,76.53
2024-05-31,MRVL,68.53
2024-06-03,MRVL,67.93
2024-06-04,MRVL,66.11
2024-06-05,MRVL,69.51
2024-06-06,MRVL,67.82
2024-06-07,MRVL,67.71
2024-06-10,MRVL,69.18
2024-06-11,MRVL,70.11
2024-06-12,MRVL,73.06
2024-06-13,MRVL,72.57
2024-06-14,MRVL,72.97
2024-06-17,MRVL,71.52
2024-06-18,MRVL,72.84
2024-06-20,MRVL,72.94
2024-06-21,MRVL,71.59
2024-06-24,MRVL,67.49
2024-06-25,MRVL,67.98
2024-06-26,MRVL,67.99
2024-06-27,MRVL,68.45
2024-06-28,MRVL,69.61
2024-07-01,MRVL,70.71
2024-07-02,MRVL,71.31
2024-07-03,MRVL,71.9
2024-07-05,MRVL,71.78
2024-07-08,MRVL,74.6
2024-07-09,MRVL,73.54
2024-07-10,MRVL,74.57
2024-07-11,MRVL,71.88
2024-07-12,MRVL,73.35
2024-07-15,MRVL,73.36
2024-07-16,MRVL,75.35
2024-07-17,MRVL,67.71
2024-07-18,MRVL,67.99
2024-07-19,MRVL,66.29
2024-07-22,MRVL,68.78
2024-07-23,MRVL,68.17
2024-07-24,MRVL,64.14
2024-07-25,MRVL,63.78
2024-07-26,MRVL,65.5
2024-07-29,MRVL,64.27
2024-07-30,MRVL,62.59
2024-07-31,MRVL,66.76
2024-08-01,MRVL,62.85
2024-08-02,MRVL,59.06
2024-08-05,MRVL,57.48
2024-08-06,MRVL,58.03
2024-08-07,MRVL,55.97
2024-08-08,MRVL,60.96
2024-08-09,MRVL,60.36
2024-08-12,MRVL,60.31
2024-08-13,MRVL,63.84
2024-08-14,MRVL,63.58
2024-08-15,MRVL,69.1
2024-08-16,MRVL,69.09
2024-08-19,MRVL,70.81
2024-08-20,MRVL,69.18
2024-08-21,MRVL,71.11
2024-08-22,MRVL,68.43
2024-08-23,MRVL,71.6
2024-08-26,MRVL,68.59
2024-08-27,MRVL,69.48
2024-08-28,MRVL,68.22
2024-08-29,MRVL,69.61
2024-08-30,MRVL,75.99
2024-09-03,MRVL,69.79
2024-09-04,MRVL,70.64
2024-09-05,MRVL,69.66
2024-09-06,MRVL,65.98
2024-09-09,MRVL,68.7
2024-09-10,MRVL,71.36
2024-09-11,MRVL,74.64
2024-09-12,MRVL,74.06
2024-09-13,MRVL,74.24
2024-09-16,MRVL,73.16
2024-09-17,MRVL,72.53
2024-09-18,MRVL,71.32
2024-09-19,MRVL,74.63
2024-09-20,MRVL,73.63
2024-09-23,MRVL,71.57
2024-09-24,MRVL,70.97
2024-09-25,MRVL,70.95
2024-09-26,MRVL,73.21
2024-09-27,MRVL,70.76
2024-09-30,MRVL,71.88
2024-10-01,MRVL,70.08
2024-10-02,MRVL,71.8
2024-10-03,MRVL,72.0
2024-10-04,MRVL,73.17
2024-10-07,MRVL,73.48
2024-10-08,MRVL,72.87
2024-10-09,MRVL,72.6
2024-10-10,MRVL,72.3
2024-10-11,MRVL,73.83
2024-10-14,MRVL,77.49
2024-10-15,MRVL,79.21
2024-10-16,MRVL,81.48
2024-10-17,MRVL,79.71
2024-10-18,MRVL,79.65
2024-10-21,MRVL,81.63
2024-10-22,MRVL,83.15
2024-10-23,MRVL,81.63
2024-10-24,MRVL,81.73
2024-10-25,MRVL,81.41
2024-10-28,MRVL,83.23
2024-10-29,MRVL,84.66
2024-10-30,MRVL,82.6
2024-10-31,MRVL,79.91
2024-11-01,MRVL,84.56
2024-11-04,MRVL,84.17
2024-11-05,MRVL,86.98
2024-11-06,MRVL,90.41
2024-11-07,MRVL,93.71
2024-11-08,MRVL,93.57
2024-11-11,MRVL,92.02
2024-11-12,MRVL,92.55
2024-11-13,MRVL,89.85
2024-11-14,MRVL,90.48
2024-11-15,MRVL,87.61
2024-11-18,MRVL,88.49
2024-11-19,MRVL,89.12
2024-11-20,MRVL,89.64
2024-11-21,MRVL,92.71
2024-11-22,MRVL,92.28
2024-11-25,MRVL,92.01
2024-11-26,MRVL,92.91
2024-11-27,MRVL,89.88
2024-11-29,MRVL,92.46
2024-12-02,MRVL,96.62
2024-12-03,MRVL,95.67
2024-12-04,MRVL,117.86
2024-12-05,MRVL,113.09
2024-12-06,MRVL,113.23
2024-12-09,MRVL,106.77
2024-12-10,MRVL,106.42
2024-12-11,MRVL,111.09
2024-12-12,MRVL,108.74
2024-12-13,MRVL,120.47
2024-12-16,MRVL,124.47
2024-12-17,MRVL,111.97
2024-12-18,MRVL,105.02
2024-12-19,MRVL,108.84
2024-12-20,MRVL,111.62
2024-12-23,MRVL,113.48
2024-12-24,MRVL,115.66
2024-12-26,MRVL,115.43
2024-12-27,MRVL,113.34
2024-12-30,MRVL,111.39
2024-01-02,PFE,27.05
2024-01-03,PFE,27.05
2024-01-04,PFE,26.46
2024-01-05,PFE,26.81
2024-01-08,PFE,26.91
2024-01-09,PFE,26.75
2024-01-10,PFE,26.37
2024-01-11,PFE,25.84
2024-01-12,PFE,26.11
2024-01-16,PFE,25.76
2024-01-17,PFE,25.61
2024-01-18,PFE,25.55
2024-01-19,PFE,25.73
2024-01-22,PFE,25.75
2024-01-23,PFE,25.86
2024-01-24,PFE,25.77
2024-01-25,PFE,25.37
2024-01-26,PFE,25.37
2024-01-29,PFE,25.38
2024-01-30,PFE,24.95
2024-01-31,PFE,25.01
2024-02-01,PFE,25.2
2024-02-02,PFE,24.87
2024-02-05,PFE,24.53
2024-02-06,PFE,25.39
2024-02-07,PFE,25.45
2024-02-08,PFE,25.46
2024-02-09,PFE,25.45
2024-02-12,PFE,25.54
2024-02-13,PFE,24.9
2024-02-14,PFE,25.03
2024-02-15,PFE,25.4
2024-02-16,PFE,25.5
2024-02-20,PFE,25.48
2024-02-21,PFE,25.55
2024-02-22,PFE,25.44
2024-02-23,PFE,25.63
2024-02-26,PFE,25.1
2024-02-27,PFE,24.83
2024-02-28,PFE,24.97
2024-02-29,PFE,24.53
2024-03-01,PFE,24.55
2024-03-04,PFE,23.91
2024-03-05,PFE,24.08
2024-03-06,PFE,25.11
2024-03-07,PFE,24.74
2024-03-08,PFE,25.14
2024-03-11,PFE,26.2
2024-03-12,PFE,25.86
2024-03-13,PFE,26.06
2024-03-14,PFE,25.98
2024-03-15,PFE,25.8
2024-03-18,PFE,25.6
2024-03-19,PFE,25.51
2024-03-20,PFE,25.58
2024-03-21,PFE,25.54
2024-03-22,PFE,25.26
2024-03-25,PFE,25.33
2024-03-26,PFE,25.48
2024-03-27,PFE,25.65
2024-03-28,PFE,25.62
2024-04-01,PFE,25.6
2024-04-02,PFE,25.44
2024-04-03,PFE,25.14
2024-04-04,PFE,24.61
2024-04-05,PFE,24.62
2024-04-08,PFE,24.54
2024-04-09,PFE,24.73
2024-04-10,PFE,24.3
2024-04-11,PFE,24.32
2024-04-12,PFE,23.88
2024-04-15,PFE,23.93
2024-04-16,PFE,23.72
2024-04-17,PFE,23.47
2024-04-18,PFE,23.45
2024-04-19,PFE,24.01
2024-04-22,PFE,24.25
2024-04-23,PFE,24.3
2024-04-24,PFE,24.26
2024-04-25,PFE,23.33
2024-04-26,PFE,23.45
2024-04-29,PFE,23.68
2024-04-30,PFE,23.66
2024-05-01,PFE,25.1
2024-05-02,PFE,25.58
2024-05-03,PFE,25.68
2024-05-06,PFE,26.0
2024-05-07,PFE,25.64
2024-05-08,PFE,26.1
2024-05-09,PFE,26.41
2024-05-10,PFE,26.25
2024-05-13,PFE,26.66
2024-05-14,PFE,26.6
2024-05-15,PFE,27.01
2024-05-16,PFE,27.11
2024-05-17,PFE,26.85
2024-05-20,PFE,26.74
2024-05-21,PFE,26.77
2024-05-22,PFE,27.74
2024-05-23,PFE,26.89
2024-05-24,PFE,27.07
2024-05-28,PFE,26.53
2024-05-29,PFE,26.08
2024-05-30,PFE,26.43
2024-05-31,PFE,26.86
2024-06-03,PFE,27.47
2024-06-04,PFE,27.64
2024-06-05,PFE,27.7
2024-06-06,PFE,27.0
2024-06-07,PFE,26.79
2024-06-10,PFE,26.31
2024-06-11,PFE,26.27
2024-06-12,PFE,25.93
2024-06-13,PFE,25.92
2024-06-14,PFE,25.8
2024-06-17,PFE,25.29
2024-06-18,PFE,25.69
2024-06-20,PFE,26.0
2024-06-21,PFE,26.0
2024-06-24,PFE,26.58
2024-06-25,PFE,26.24
2024-06-26,PFE,25.7
2024-06-27,PFE,26.06
2024-06-28,PFE,26.23
2024-07-01,PFE,26.45
2024-07-02,PFE,26.09
2024-07-03,PFE,25.96
2024-07-05,PFE,26.29
2024-07-08,PFE,26.18
2024-07-09,PFE,25.98
2024-07-10,PFE,26.57
2024-07-11,PFE,26.86
2024-07-12,PFE,27.11
2024-07-15,PFE,27.28
2024-07-16,PFE,27.65
2024-07-17,PFE,28.15
2024-07-18,PFE,27.85
2024-07-19,PFE,28.09
2024-07-22,PFE,27.74
2024-07-23,PFE,27.65
2024-07-24,PFE,28.1
2024-07-25,PFE,28.29
2024-07-26,PFE,29.25
2024-07-29,PFE,29.2
2024-07-30,PFE,29.84
2024-07-31,PFE,29.03
2024-08-01,PFE,29.13
2024-08-02,PFE,28.93
2024-08-05,PFE,28.27
2024-08-06,PFE,27.87
2024-08-07,PFE,27.42
2024-08-08,PFE,27.34
2024-08-09,PFE,27.14
2024-08-12,PFE,27.04
2024-08-13,PFE,27.42
2024-08-14,PFE,27.45
2024-08-15,PFE,27.29
2024-08-16,PFE,26.9
2024-08-19,PFE,27.38
2024-08-20,PFE,27.47
2024-08-21,PFE,27.59
2024-08-22,PFE,27.36
2024-08-23,PFE,27.47
2024-08-26,PFE,27.49
2024-08-27,PFE,27.4
2024-08-28,PFE,27.33
2024-08-29,PFE,27.3
2024-08-30,PFE,27.58
2024-09-03,PFE,26.9
2024-09-04,PFE,26.99
2024-09-05,PFE,27.1
2024-09-06,PFE,27.15
2024-09-09,PFE,27.96
2024-09-10,PFE,28.27
2024-09-11,PFE,28.19
2024-09-12,PFE,27.72
2024-09-13,PFE,27.82
2024-09-16,PFE,28.58
2024-09-17,PFE,28.36
2024-09-18,PFE,28.28
2024-09-19,PFE,28.19
2024-09-20,PFE,27.97
2024-09-23,PFE,27.86
2024-09-24,PFE,28.04
2024-09-25,PFE,27.5
2024-09-26,PFE,27.54
2024-09-27,PFE,27.65
2024-09-30,PFE,27.51
2024-10-01,PFE,27.25
2024-10-02,PFE,27.2
2024-10-03,PFE,26.94
2024-10-04,PFE,27.17
2024-10-07,PFE,27.76
2024-10-08,PFE,27.74
2024-10-09,PFE,28.7
2024-10-10,PFE,27.89
2024-10-11,PFE,27.72
2024-10-14,PFE,27.64
2024-10-15,PFE,27.98
2024-10-16,PFE,28.2
2024-10-17,PFE,27.82
2024-10-18,PFE,27.78
2024-10-21,PFE,27.5
2024-10-22,PFE,27.41
2024-10-23,PFE,27.43
2024-10-24,PFE,27.22
2024-10-25,PFE,27.04
2024-10-28,PFE,27.43
2024-10-29,PFE,27.05
2024-10-30,PFE,27.11
2024-10-31,PFE,26.9
2024-11-01,PFE,26.7
2024-11-04,PFE,26.39
2024-11-05,PFE,26.61
2024-11-06,PFE,26.01
2024-11-07,PFE,26.1
2024-11-08,PFE,25.79
2024-11-11,PFE,25.33
2024-11-12,PFE,25.28
2024-11-13,PFE,25.79
2024-11-14,PFE,25.12
2024-11-15,PFE,23.94
2024-11-18,PFE,24.0
2024-11-19,PFE,24.23
2024-11-20,PFE,24.08
2024-11-21,PFE,24.26
2024-11-22,PFE,24.76
2024-11-25,PFE,25.26
2024-11-26,PFE,24.88
2024-11-27,PFE,24.93
2024-11-29,PFE,25.3
2024-12-02,PFE,24.92
2024-12-03,PFE,24.67
2024-12-04,PFE,24.36
2024-12-05,PFE,24.81
2024-12-06,PFE,24.84
2024-12-09,PFE,25.19
2024-12-10,PFE,24.68
2024-12-11,PFE,24.36
2024-12-12,PFE,24.49
2024-12-13,PFE,24.69
2024-12-16,PFE,24.37
2024-12-17,PFE,25.51
2024-12-18,PFE,24.99
2024-12-19,PFE,24.88
2024-12-20,PFE,25.45
2024-12-23,PFE,25.78
2024-12-24,PFE,25.81
2024-12-26,PFE,25.64
2024-12-27,PFE,25.7
2024-12-30,PFE,25.5
2024-01-02,AVGO,106.52
2024-01-03,AVGO,103.89
2024-01-04,AVGO,102.95
2024-01-05,AVGO,102.98
2024-01-08,AVGO,105.49
2024-01-09,AVGO,106.24
2024-01-10,AVGO,106.05
2024-01-11,AVGO,107.95
2024-01-12,AVGO,108.71
2024-01-16,AVGO,109.42
2024-01-17,AVGO,108.32
2024-01-18,AVGO,112.27
2024-01-19,AVGO,118.87
2024-01-22,AVGO,119.78
2024-01-23,AVGO,120.35
2024-01-24,AVGO,123.06
2024-01-25,AVGO,120.72
2024-01-26,AVGO,118.25
2024-01-29,AVGO,119.51
2024-01-30,AVGO,118.57
2024-01-31,AVGO,115.81
2024-02-01,AVGO,117.77
2024-02-02,AVGO,120.16
2024-02-05,AVGO,122.0
2024-02-06,AVGO,119.99
2024-02-07,AVGO,123.37
2024-02-08,AVGO,125.11
2024-02-09,AVGO,125.96
2024-02-12,AVGO,124.15
2024-02-13,AVGO,122.84
2024-02-14,AVGO,123.88
2024-02-15,AVGO,124.16
2024-02-16,AVGO,122.23
2024-02-20,AVGO,120.38
2024-02-21,AVGO,120.46
2024-02-22,AVGO,128.07
2024-02-23,AVGO,127.23
2024-02-26,AVGO,128.48
2024-02-27,AVGO,127.21
2024-02-28,AVGO,126.55
2024-02-29,AVGO,127.63
2024-03-01,AVGO,137.32
2024-03-04,AVGO,137.62
2024-03-05,AVGO,131.78
2024-03-06,AVGO,132.49
2024-03-07,AVGO,138.09
2024-03-08,AVGO,128.44
2024-03-11,AVGO,126.91
2024-03-12,AVGO,126.79
2024-03-13,AVGO,123.45
2024-03-14,AVGO,123.88
2024-03-15,AVGO,121.25
2024-03-18,AVGO,121.43
2024-03-19,AVGO,121.5
2024-03-20,AVGO,125.76
2024-03-21,AVGO,132.86
2024-03-22,AVGO,133.4
2024-03-25,AVGO,133.21
2024-03-26,AVGO,131.23
2024-03-27,AVGO,129.97
2024-03-28,AVGO,130.63
2024-04-01,AVGO,133.08
2024-04-02,AVGO,131.95
2024-04-03,AVGO,134.36
2024-04-04,AVGO,129.85
2024-04-05,AVGO,132.01
2024-04-08,AVGO,131.69
2024-04-09,AVGO,131.49
2024-04-10,AVGO,130.33
2024-04-11,AVGO,136.26
2024-04-12,AVGO,132.47
2024-04-15,AVGO,129.18
2024-04-16,AVGO,130.99
2024-04-17,AVGO,126.42
2024-04-18,AVGO,124.09
2024-04-19,AVGO,118.74
2024-04-22,AVGO,120.68
2024-04-23,AVGO,123.12
2024-04-24,AVGO,123.87
2024-04-25,AVGO,127.58
2024-04-26,AVGO,132.47
2024-04-29,AVGO,131.93
2024-04-30,AVGO,128.15
2024-05-01,AVGO,122.5
2024-05-02,AVGO,122.07
2024-05-03,AVGO,125.97
2024-05-06,AVGO,129.14
2024-05-07,AVGO,128.43
2024-05-08,AVGO,130.63
2024-05-09,AVGO,128.69
2024-05-10,AVGO,131.36
2024-05-13,AVGO,131.83
2024-05-14,AVGO,136.02
2024-05-15,AVGO,141.55
2024-05-16,AVGO,139.18
2024-05-17,AVGO,137.52
2024-05-20,AVGO,139.37
2024-05-21,AVGO,137.91
2024-05-22,AVGO,137.22
2024-05-23,AVGO,137.32
2024-05-24,AVGO,138.76
2024-05-28,AVGO,139.21
2024-05-29,AVGO,137.06
2024-05-30,AVGO,134.44
2024-05-31,AVGO,130.94
2024-06-03,AVGO,130.29
2024-06-04,AVGO,131.17
2024-06-05,AVGO,139.27
2024-06-06,AVGO,138.11
2024-06-07,AVGO,138.64
2024-06-10,AVGO,141.97
2024-06-11,AVGO,144.0
2024-06-12,AVGO,147.4
2024-06-13,AVGO,165.48
2024-06-14,AVGO,171.01
2024-06-17,AVGO,180.25
2024-06-18,AVGO,177.66
2024-06-20,AVGO,170.96
2024-06-21,AVGO,163.47
2024-06-24,AVGO,157.43
2024-06-25,AVGO,156.3
2024-06-26,AVGO,157.41
2024-06-27,AVGO,156.88
2024-06-28,AVGO,158.74
2024-07-01,AVGO,162.23
2024-07-02,AVGO,163.88
2024-07-03,AVGO,170.97
2024-07-05,AVGO,168.41
2024-07-08,AVGO,172.62
2024-07-09,AVGO,171.38
2024-07-10,AVGO,172.5
2024-07-11,AVGO,168.67
2024-07-12,AVGO,168.15
2024-07-15,AVGO,169.49
2024-07-16,AVGO,167.47
2024-07-17,AVGO,154.22
2024-07-18,AVGO,158.71
2024-07-19,AVGO,155.58
2024-07-22,AVGO,159.25
2024-07-23,AVGO,161.92
2024-07-24,AVGO,149.63
2024-07-25,AVGO,147.58
2024-07-26,AVGO,149.92
2024-07-29,AVGO,148.53
2024-07-30,AVGO,141.9
2024-07-31,AVGO,158.87
2024-08-01,AVGO,145.36
2024-08-02,AVGO,142.2
2024-08-05,AVGO,140.48
2024-08-06,AVGO,142.3
2024-08-07,AVGO,134.73
2024-08-08,AVGO,144.1
2024-08-09,AVGO,146.59
2024-08-12,AVGO,146.95
2024-08-13,AVGO,154.4
2024-08-14,AVGO,155.91
2024-08-15,AVGO,164.26
2024-08-16,AVGO,163.85
2024-08-19,AVGO,165.82
2024-08-20,AVGO,164.08
2024-08-21,AVGO,163.91
2024-08-22,AVGO,160.51
2024-08-23,AVGO,164.49
2024-08-26,AVGO,157.82
2024-08-27,AVGO,159.57
2024-08-28,AVGO,156.4
2024-08-29,AVGO,155.16
2024-08-30,AVGO,160.99
2024-09-03,AVGO,151.07
2024-09-04,AVGO,152.38
2024-09-05,AVGO,151.1
2024-09-06,AVGO,135.46
2024-09-09,AVGO,139.23
2024-09-10,AVGO,146.54
2024-09-11,AVGO,156.49
2024-09-12,AVGO,162.71
2024-09-13,AVGO,165.8
2024-09-16,AVGO,162.17
2024-09-17,AVGO,160.64
2024-09-18,AVGO,159.85
2024-09-19,AVGO,166.08
2024-09-20,AVGO,169.73
2024-09-23,AVGO,171.55
2024-09-24,AVGO,173.44
2024-09-25,AVGO,174.11
2024-09-26,AVGO,176.66
2024-09-27,AVGO,171.31
2024-09-30,AVGO,171.12
2024-10-01,AVGO,166.13
2024-10-02,AVGO,169.29
2024-10-03,AVGO,170.51
2024-10-04,AVGO,175.22
2024-10-07,AVGO,173.68
2024-10-08,AVGO,179.28
2024-10-09,AVGO,184.46
2024-10-10,AVGO,184.2
2024-10-11,AVGO,180.03
2024-10-14,AVGO,180.85
2024-10-15,AVGO,174.57
2024-10-16,AVGO,175.4
2024-10-17,AVGO,180.07
2024-10-18,AVGO,178.45
2024-10-21,AVGO,178.55
2024-10-22,AVGO,177.94
2024-10-23,AVGO,172.12
2024-10-24,AVGO,169.98
2024-10-25,AVGO,171.61
2024-10-28,AVGO,170.64
2024-10-29,AVGO,177.8
2024-10-30,AVGO,175.22
2024-10-31,AVGO,168.41
2024-11-01,AVGO,167.57
2024-11-04,AVGO,167.2
2024-11-05,AVGO,172.51
2024-11-06,AVGO,178.11
2024-11-07,AVGO,182.34
2024-11-08,AVGO,182.17
2024-11-11,AVGO,177.48
2024-11-12,AVGO,174.81
2024-11-13,AVGO,172.19
2024-11-14,AVGO,169.01
2024-11-15,AVGO,163.52
2024-11-18,AVGO,164.34
2024-11-19,AVGO,164.02
2024-11-20,AVGO,161.94
2024-11-21,AVGO,162.63
2024-11-22,AVGO,162.91
2024-11-25,AVGO,163.5
2024-11-26,AVGO,163.42
2024-11-27,AVGO,158.39
2024-11-29,AVGO,160.78
2024-12-02,AVGO,165.18
2024-12-03,AVGO,166.8
2024-12-04,AVGO,169.19
2024-12-05,AVGO,169.1
2024-12-06,AVGO,178.09
2024-12-09,AVGO,177.51
2024-12-10,AVGO,170.43
2024-12-11,AVGO,181.73
2024-12-12,AVGO,179.21
2024-12-13,AVGO,223.0
2024-12-16,AVGO,248.0
2024-12-17,AVGO,238.3
2024-12-18,AVGO,221.83
2024-12-19,AVGO,216.57
2024-12-20,AVGO,219.02
2024-12-23,AVGO,231.11
2024-12-24,AVGO,238.4
2024-12-26,AVGO,244.05
2024-12-27,AVGO,240.45
2024-12-30,AVGO,234.32
2024-01-02,YPF,16.52
2024-01-03,YPF,16.77
2024-01-04,YPF,16.23
2024-01-05,YPF,16.7
2024-01-08,YPF,16.71
2024-01-09,YPF,16.04
2024-01-10,YPF,15.9
2024-01-11,YPF,15.99
2024-01-12,YPF,15.89
2024-01-16,YPF,14.91
2024-01-17,YPF,15.0
2024-01-18,YPF,15.2
2024-01-19,YPF,15.63
2024-01-22,YPF,15.64
2024-01-23,YPF,15.79
2024-01-24,YPF,16.44
2024-01-25,YPF,17.37
2024-01-26,YPF,17.69
2024-01-29,YPF,17.54
2024-01-30,YPF,17.29
2024-01-31,YPF,17.28
2024-02-01,YPF,17.49
2024-02-02,YPF,17.18
2024-02-05,YPF,16.41
2024-02-06,YPF,16.53
2024-02-07,YPF,16.04
2024-02-08,YPF,15.81
2024-02-09,YPF,16.64
2024-02-12,YPF,16.74
2024-02-13,YPF,16.66
2024-02-14,YPF,17.02
2024-02-15,YPF,17.0
2024-02-16,YPF,16.85
2024-02-20,YPF,16.71
2024-02-21,YPF,16.96
2024-02-22,YPF,18.05
2024-02-23,YPF,18.04
2024-02-26,YPF,17.91
2024-02-27,YPF,17.41
2024-02-28,YPF,17.07
2024-02-29,YPF,17.3
2024-03-01,YPF,17.83
2024-03-04,YPF,18.71
2024-03-05,YPF,18.2
2024-03-06,YPF,18.67
2024-03-07,YPF,18.32
2024-03-08,YPF,17.65
2024-03-11,YPF,17.34
2024-03-12,YPF,17.64
2024-03-13,YPF,18.11
2024-03-14,YPF,18.0
2024-03-15,YPF,18.06
2024-03-18,YPF,19.26
2024-03-19,YPF,18.97
2024-03-20,YPF,19.36
2024-03-21,YPF,20.19
2024-03-22,YPF,20.26
2024-03-25,YPF,20.37
2024-03-26,YPF,19.8
2024-03-27,YPF,20.12
2024-03-28,YPF,19.8
2024-04-01,YPF,19.63
2024-04-02,YPF,19.91
2024-04-03,YPF,20.64
2024-04-04,YPF,20.23
2024-04-05,YPF,21.04
2024-04-08,YPF,21.71
2024-04-09,YPF,21.75
2024-04-10,YPF,21.46
2024-04-11,YPF,21.61
2024-04-12,YPF,21.17
2024-04-15,YPF,20.21
2024-04-16,YPF,20.25
2024-04-17,YPF,19.47
2024-04-18,YPF,19.07
2024-04-19,YPF,19.34
2024-04-22,YPF,20.79
2024-04-23,YPF,20.87
2024-04-24,YPF,20.16
2024-04-25,YPF,20.24
2024-04-26,YPF,21.17
2024-04-29,YPF,21.48
2024-04-30,YPF,21.96
2024-05-01,YPF,22.08
2024-05-02,YPF,22.36
2024-05-03,YPF,23.38
2024-05-06,YPF,23.88
2024-05-07,YPF,24.03
2024-05-08,YPF,24.46
2024-05-09,YPF,24.38
2024-05-10,YPF,22.78
2024-05-13,YPF,22.78
2024-05-14,YPF,23.02
2024-05-15,YPF,23.91
2024-05-16,YPF,23.64
2024-05-17,YPF,23.44
2024-05-20,YPF,23.77
2024-05-21,YPF,23.53
2024-05-22,YPF,21.77
2024-05-23,YPF,21.35
2024-05-24,YPF,21.01
2024-05-28,YPF,22.25
2024-05-29,YPF,22.46
2024-05-30,YPF,23.91
2024-05-31,YPF,23.21
2024-06-03,YPF,22.1
2024-06-04,YPF,20.28
2024-06-05,YPF,20.81
2024-06-06,YPF,20.1
2024-06-07,YPF,20.02
2024-06-10,YPF,20.83
2024-06-11,YPF,20.27
2024-06-12,YPF,20.67
2024-06-13,YPF,21.17
2024-06-14,YPF,20.88
2024-06-17,YPF,20.44
2024-06-18,YPF,21.01
2024-06-20,YPF,20.76
2024-06-21,YPF,20.3
2024-06-24,YPF,20.77
2024-06-25,YPF,20.82
2024-06-26,YPF,20.28
2024-06-27,YPF,20.72
2024-06-28,YPF,20.12
2024-07-01,YPF,19.34
2024-07-02,YPF,20.01
2024-07-03,YPF,20.15
2024-07-05,YPF,20.08
2024-07-08,YPF,20.55
2024-07-09,YPF,20.73
2024-07-10,YPF,21.05
2024-07-11,YPF,21.13
2024-07-12,YPF,21.29
2024-07-15,YPF,20.99
2024-07-16,YPF,20.64
2024-07-17,YPF,19.87
2024-07-18,YPF,19.91
2024-07-19,YPF,20.19
2024-07-22,YPF,20.16
2024-07-23,YPF,20.47
2024-07-24,YPF,19.69
2024-07-25,YPF,19.68
2024-07-26,YPF,19.98
2024-07-29,YPF,19.3
2024-07-30,YPF,18.95
2024-07-31,YPF,19.94
2024-08-01,YPF,19.37
2024-08-02,YPF,18.14
2024-08-05,YPF,18.06
2024-08-06,YPF,18.45
2024-08-07,YPF,19.03
2024-08-08,YPF,19.78
2024-08-09,YPF,20.58
2024-08-12,YPF,21.44
2024-08-13,YPF,21.59
2024-08-14,YPF,21.6
2024-08-15,YPF,21.78
2024-08-16,YPF,21.67
2024-08-19,YPF,21.79
2024-08-20,YPF,21.64
2024-08-21,YPF,21.12
2024-08-22,YPF,20.68
2024-08-23,YPF,21.07
2024-08-26,YPF,21.32
2024-08-27,YPF,21.59
2024-08-28,YPF,21.73
2024-08-29,YPF,22.44
2024-08-30,YPF,23.7
2024-09-03,YPF,23.25
2024-09-04,YPF,24.04
2024-09-05,YPF,23.92
2024-09-06,YPF,23.35
2024-09-09,YPF,23.27
2024-09-10,YPF,22.72
2024-09-11,YPF,22.82
2024-09-12,YPF,23.11
2024-09-13,YPF,23.31
2024-09-16,YPF,23.87
2024-09-17,YPF,23.65
2024-09-18,YPF,23.56
2024-09-19,YPF,24.26
2024-09-20,YPF,23.65
2024-09-23,YPF,22.88
2024-09-24,YPF,22.75
2024-09-25,YPF,22.35
2024-09-26,YPF,22.06
2024-09-27,YPF,21.68
2024-09-30,YPF,21.21
2024-10-01,YPF,21.67
2024-10-02,YPF,21.69
2024-10-03,YPF,22.36
2024-10-04,YPF,22.24
2024-10-07,YPF,21.98
2024-10-08,YPF,22.1
2024-10-09,YPF,23.59
2024-10-10,YPF,24.25
2024-10-11,YPF,24.88
2024-10-14,YPF,25.25
2024-10-15,YPF,25.74
2024-10-16,YPF,24.88
2024-10-17,YPF,25.02
2024-10-18,YPF,25.0
2024-10-21,YPF,24.87
2024-10-22,YPF,24.82
2024-10-23,YPF,24.3
2024-10-24,YPF,25.11
2024-10-25,YPF,25.65
2024-10-28,YPF,25.51
2024-10-29,YPF,24.84
2024-10-30,YPF,24.55
2024-10-31,YPF,24.51
2024-11-01,YPF,25.37
2024-11-04,YPF,26.59
2024-11-05,YPF,27.49
2024-11-06,YPF,28.25
2024-11-07,YPF,29.32
2024-11-08,YPF,29.24
2024-11-11,YPF,29.84
2024-11-12,YPF,29.79
2024-11-13,YPF,30.91
2024-11-14,YPF,32.26
2024-11-15,YPF,32.39
2024-11-18,YPF,34.94
2024-11-19,YPF,35.55
2024-11-20,YPF,37.17
2024-11-21,YPF,37.47
2024-11-22,YPF,40.03
2024-11-25,YPF,39.26
2024-11-26,YPF,40.03
2024-11-27,YPF,39.71
2024-11-29,YPF,40.3
2024-12-02,YPF,40.22
2024-12-03,YPF,40.15
2024-12-04,YPF,38.38
2024-12-05,YPF,38.46
2024-12-06,YPF,38.87
2024-12-09,YPF,40.51
2024-12-10,YPF,40.65
2024-12-11,YPF,43.12
2024-12-12,YPF,43.96
2024-12-13,YPF,44.56
2024-12-16,YPF,44.58
2024-12-17,YPF,44.88
2024-12-18,YPF,41.69
2024-12-19,YPF,41.42
2024-12-20,YPF,42.02
2024-12-23,YPF,42.44
2024-12-24,YPF,42.79
2024-12-26,YPF,43.06
2024-12-27,YPF,42.64
2024-12-30,YPF,42.37
