Date,Ticker,Price
2024-01-02,NVDA,48.14
2024-01-03,NVDA,47.55
2024-01-04,NVDA,47.97
2024-01-05,NVDA,49.07
2024-01-08,NVDA,52.23
2024-01-09,NVDA,53.11
2024-01-10,NVDA,54.32
2024-01-11,NVDA,54.79
2024-01-12,NVDA,54.68
2024-01-16,NVDA,56.35
2024-01-17,NVDA,56.02
2024-01-18,NVDA,57.08
2024-01-19,NVDA,59.46
2024-01-22,NVDA,59.62
2024-01-23,NVDA,59.84
2024-01-24,NVDA,61.33
2024-01-25,NVDA,61.59
2024-01-26,NVDA,61.0
2024-01-29,NVDA,62.43
2024-01-30,NVDA,62.74
2024-01-31,NVDA,61.5
2024-02-01,NVDA,63.0
2024-02-02,NVDA,66.13
2024-02-05,NVDA,69.3
2024-02-06,NVDA,68.19
2024-02-07,NVDA,70.06
2024-02-08,NVDA,69.61
2024-02-09,NVDA,72.1
2024-02-12,NVDA,72.21
2024-02-13,NVDA,72.09
2024-02-14,NVDA,73.86
2024-02-15,NVDA,72.62
2024-02-16,NVDA,72.58
2024-02-20,NVDA,69.42
2024-02-21,NVDA,67.44
2024-02-22,NVDA,78.5
2024-02-23,NVDA,78.78
2024-02-26,NVDA,79.05
2024-02-27,NVDA,78.66
2024-02-28,NVDA,77.62
2024-02-29,NVDA,79.07
2024-03-01,NVDA,82.24
2024-03-04,NVDA,85.19
2024-03-05,NVDA,85.92
2024-03-06,NVDA,88.66
2024-03-07,NVDA,92.63
2024-03-08,NVDA,87.49
2024-03-11,NVDA,85.74
2024-03-12,NVDA,91.87
2024-03-13,NVDA,90.85
2024-03-14,NVDA,87.9
2024-03-15,NVDA,87.8
2024-03-18,NVDA,88.41
2024-03-19,NVDA,89.36
2024-03-20,NVDA,90.33
2024-03-21,NVDA,91.39
2024-03-22,NVDA,94.25
2024-03-25,NVDA,94.96
2024-03-26,NVDA,92.52
2024-03-27,NVDA,90.21
2024-03-28,NVDA,90.31
2024-04-01,NVDA,90.32
2024-04-02,NVDA,89.41
2024-04-03,NVDA,88.92
2024-04-04,NVDA,85.87
2024-04-05,NVDA,87.97
2024-04-08,NVDA,87.09
2024-04-09,NVDA,85.32
2024-04-10,NVDA,87.0
2024-04-11,NVDA,90.57
2024-04-12,NVDA,88.15
2024-04-15,NVDA,85.96
2024-04-16,NVDA,87.38
2024-04-17,NVDA,84.0
2024-04-18,NVDA,84.63
2024-04-19,NVDA,76.17
2024-04-22,NVDA,79.48
2024-04-23,NVDA,82.39
2024-04-24,NVDA,79.64
2024-04-25,NVDA,82.59
2024-04-26,NVDA,87.7
2024-04-29,NVDA,87.72
2024-04-30,NVDA,86.36
2024-05-01,NVDA,83.0
2024-05-02,NVDA,85.78
2024-05-03,NVDA,88.75
2024-05-06,NVDA,92.1
2024-05-07,NVDA,90.51
2024-05-08,NVDA,90.37
2024-05-09,NVDA,88.71
2024-05-10,NVDA,89.84
2024-05-13,NVDA,90.36
2024-05-14,NVDA,91.31
2024-05-15,NVDA,94.59
2024-05-16,NVDA,94.32
2024-05-17,NVDA,92.44
2024-05-20,NVDA,94.74
2024-05-21,NVDA,95.34
2024-05-22,NVDA,94.91
2024-05-23,NVDA,103.75
2024-05-24,NVDA,106.42
2024-05-28,NVDA,113.85
2024-05-29,NVDA,114.77
2024-05-30,NVDA,110.45
2024-05-31,NVDA,109.58
2024-06-03,NVDA,114.95
2024-06-04,NVDA,116.38
2024-06-05,NVDA,122.38
2024-06-06,NVDA,120.94
2024-06-07,NVDA,120.83
2024-06-10,NVDA,121.73
2024-06-11,NVDA,120.87
2024-06-12,NVDA,125.15
2024-06-13,NVDA,129.56
2024-06-14,NVDA,131.83
2024-06-17,NVDA,130.93
2024-06-18,NVDA,135.53
2024-06-20,NVDA,130.73
2024-06-21,NVDA,126.52
2024-06-24,NVDA,118.07
2024-06-25,NVDA,126.04
2024-06-26,NVDA,126.35
2024-06-27,NVDA,123.94
2024-06-28,NVDA,123.49
2024-07-01,NVDA,124.25
2024-07-02,NVDA,122.62
2024-07-03,NVDA,128.23
2024-07-05,NVDA,125.78
2024-07-08,NVDA,128.15
2024-07-09,NVDA,131.33
2024-07-10,NVDA,134.86
2024-07-11,NVDA,127.35
2024-07-12,NVDA,129.19
2024-07-15,NVDA,128.39
2024-07-16,NVDA,126.31
2024-07-17,NVDA,117.95
2024-07-18,NVDA,121.04
2024-07-19,NVDA,117.89
2024-07-22,NVDA,123.49
2024-07-23,NVDA,122.54
2024-07-24,NVDA,114.21
2024-07-25,NVDA,112.24
2024-07-26,NVDA,113.02
2024-07-29,NVDA,111.55
2024-07-30,NVDA,103.69
2024-07-31,NVDA,116.98
2024-08-01,NVDA,109.17
2024-08-02,NVDA,107.23
2024-08-05,NVDA,100.41
2024-08-06,NVDA,104.21
2024-08-07,NVDA,98.87
2024-08-08,NVDA,104.93
2024-08-09,NVDA,104.71
2024-08-12,NVDA,108.98
2024-08-13,NVDA,116.1
2024-08-14,NVDA,118.04
2024-08-15,NVDA,122.81
2024-08-16,NVDA,124.53
2024-08-19,NVDA,129.95
2024-08-20,NVDA,127.2
2024-08-21,NVDA,128.45
2024-08-22,NVDA,123.69
2024-08-23,NVDA,129.32
2024-08-26,NVDA,126.41
2024-08-27,NVDA,128.25
2024-08-28,NVDA,125.56
2024-08-29,NVDA,117.55
2024-08-30,NVDA,119.33
2024-09-03,NVDA,107.96
2024-09-04,NVDA,106.17
2024-09-05,NVDA,107.17
2024-09-06,NVDA,102.79
2024-09-09,NVDA,106.43
2024-09-10,NVDA,108.06
2024-09-11,NVDA,116.87
2024-09-12,NVDA,119.11
2024-09-13,NVDA,119.07
2024-09-16,NVDA,116.75
2024-09-17,NVDA,115.56
2024-09-18,NVDA,113.34
2024-09-19,NVDA,117.84
2024-09-20,NVDA,115.97
2024-09-23,NVDA,116.23
2024-09-24,NVDA,120.84
2024-09-25,NVDA,123.47
2024-09-26,NVDA,124.0
2024-09-27,NVDA,121.37
2024-09-30,NVDA,121.41
2024-10-01,NVDA,116.97
2024-10-02,NVDA,118.82
2024-10-03,NVDA,122.81
2024-10-04,NVDA,124.88
2024-10-07,NVDA,127.68
2024-10-08,NVDA,132.85
2024-10-09,NVDA,132.61
2024-10-10,NVDA,134.77
2024-10-11,NVDA,134.76
2024-10-14,NVDA,138.03
2024-10-15,NVDA,131.56
2024-10-16,NVDA,135.68
2024-10-17,NVDA,136.89
2024-10-18,NVDA,137.96
2024-10-21,NVDA,143.67
2024-10-22,NVDA,143.55
2024-10-23,NVDA,139.52
2024-10-24,NVDA,140.37
2024-10-25,NVDA,141.5
2024-10-28,NVDA,140.48
2024-10-29,NVDA,141.21
2024-10-30,NVDA,139.3
2024-10-31,NVDA,132.72
2024-11-01,NVDA,135.36
2024-11-04,NVDA,136.01
2024-11-05,NVDA,139.87
2024-11-06,NVDA,145.57
2024-11-07,NVDA,148.84
2024-11-08,NVDA,147.59
2024-11-11,NVDA,145.22
2024-11-12,NVDA,148.25
2024-11-13,NVDA,146.23
2024-11-14,NVDA,146.72
2024-11-15,NVDA,141.94
2024-11-18,NVDA,140.11
2024-11-19,NVDA,146.97
2024-11-20,NVDA,145.85
2024-11-21,NVDA,146.63
2024-11-22,NVDA,141.91
2024-11-25,NVDA,135.98
2024-11-26,NVDA,136.88
2024-11-27,NVDA,135.3
2024-11-29,NVDA,138.21
2024-12-02,NVDA,138.59
2024-12-03,NVDA,140.22
2024-12-04,NVDA,145.1
2024-12-05,NVDA,145.03
2024-12-06,NVDA,142.41
2024-12-09,NVDA,138.78
2024-12-10,NVDA,135.04
2024-12-11,NVDA,139.28
2024-12-12,NVDA,137.31
2024-12-13,NVDA,134.22
2024-12-16,NVDA,131.97
2024-12-17,NVDA,130.36
2024-12-18,NVDA,128.88
2024-12-19,NVDA,130.65
2024-12-20,NVDA,134.67
2024-12-23,NVDA,139.64
2024-12-24,NVDA,140.19
2024-12-26,NVDA,139.9
2024-12-27,NVDA,136.98
2024-12-30,NVDA,137.46
2024-01-02,AAPL,183.9
2024-01-03,AAPL,182.53
2024-01-04,AAPL,180.21
2024-01-05,AAPL,179.48
2024-01-08,AAPL,183.82
2024-01-09,AAPL,183.41
2024-01-10,AAPL,184.45
2024-01-11,AAPL,183.85
2024-01-12,AAPL,184.18
2024-01-16,AAPL,181.91
2024-01-17,AAPL,180.97
2024-01-18,AAPL,186.87
2024-01-19,AAPL,189.77
2024-01-22,AAPL,192.08
2024-01-23,AAPL,193.35
2024-01-24,AAPL,192.68
2024-01-25,AAPL,192.35
2024-01-26,AAPL,190.62
2024-01-29,AAPL,189.94
2024-01-30,AAPL,186.28
2024-01-31,AAPL,182.67
2024-02-01,AAPL,185.11
2024-02-02,AAPL,184.11
2024-02-05,AAPL,185.92
2024-02-06,AAPL,187.53
2024-02-07,AAPL,187.64
2024-02-08,AAPL,186.56
2024-02-09,AAPL,187.32
2024-02-12,AAPL,185.64
2024-02-13,AAPL,183.54
2024-02-14,AAPL,182.66
2024-02-15,AAPL,182.37
2024-02-16,AAPL,180.83
2024-02-20,AAPL,180.09
2024-02-21,AAPL,180.84
2024-02-22,AAPL,182.88
2024-02-23,AAPL,181.04
2024-02-26,AAPL,179.69
2024-02-27,AAPL,181.15
2024-02-28,AAPL,179.95
2024-02-29,AAPL,179.29
2024-03-01,AAPL,178.21
2024-03-04,AAPL,173.68
2024-03-05,AAPL,168.74
2024-03-06,AAPL,167.75
2024-03-07,AAPL,167.63
2024-03-08,AAPL,169.35
2024-03-11,AAPL,171.35
2024-03-12,AAPL,171.83
2024-03-13,AAPL,169.75
2024-03-14,AAPL,171.6
2024-03-15,AAPL,171.22
2024-03-18,AAPL,172.31
2024-03-19,AAPL,174.66
2024-03-20,AAPL,177.22
2024-03-21,AAPL,169.98
2024-03-22,AAPL,170.89
2024-03-25,AAPL,169.47
2024-03-26,AAPL,168.34
2024-03-27,AAPL,171.91
2024-03-28,AAPL,170.09
2024-04-01,AAPL,168.65
2024-04-02,AAPL,167.47
2024-04-03,AAPL,168.28
2024-04-04,AAPL,167.45
2024-04-05,AAPL,168.21
2024-04-08,AAPL,167.09
2024-04-09,AAPL,168.3
2024-04-10,AAPL,166.42
2024-04-11,AAPL,173.62
2024-04-12,AAPL,175.12
2024-04-15,AAPL,171.29
2024-04-16,AAPL,168.01
2024-04-17,AAPL,166.64
2024-04-18,AAPL,165.69
2024-04-19,AAPL,163.66
2024-04-22,AAPL,164.5
2024-04-23,AAPL,165.55
2024-04-24,AAPL,167.65
2024-04-25,AAPL,168.52
2024-04-26,AAPL,167.93
2024-04-29,AAPL,172.1
2024-04-30,AAPL,168.95
2024-05-01,AAPL,167.93
2024-05-02,AAPL,171.63
2024-05-03,AAPL,181.9
2024-05-06,AAPL,180.24
2024-05-07,AAPL,180.92
2024-05-08,AAPL,181.26
2024-05-09,AAPL,183.08
2024-05-10,AAPL,181.82
2024-05-13,AAPL,185.02
2024-05-14,AAPL,186.17
2024-05-15,AAPL,188.44
2024-05-16,AAPL,188.56
2024-05-17,AAPL,188.59
2024-05-20,AAPL,189.75
2024-05-21,AAPL,191.05
2024-05-22,AAPL,189.61
2024-05-23,AAPL,185.62
2024-05-24,AAPL,188.7
2024-05-28,AAPL,188.71
2024-05-29,AAPL,189.01
2024-05-30,AAPL,190.0
2024-05-31,AAPL,190.95
2024-06-03,AAPL,192.72
2024-06-04,AAPL,193.04
2024-06-05,AAPL,194.55
2024-06-06,AAPL,193.17
2024-06-07,AAPL,195.56
2024-06-10,AAPL,191.82
2024-06-11,AAPL,205.75
2024-06-12,AAPL,211.63
2024-06-13,AAPL,212.79
2024-06-14,AAPL,211.06
2024-06-17,AAPL,215.21
2024-06-18,AAPL,212.84
2024-06-20,AAPL,208.27
2024-06-21,AAPL,206.09
2024-06-24,AAPL,206.74
2024-06-25,AAPL,207.66
2024-06-26,AAPL,211.81
2024-06-27,AAPL,212.66
2024-06-28,AAPL,209.2
2024-07-01,AAPL,215.29
2024-07-02,AAPL,218.78
2024-07-03,AAPL,220.06
2024-07-05,AAPL,224.81
2024-07-08,AAPL,226.28
2024-07-09,AAPL,227.14
2024-07-10,AAPL,231.41
2024-07-11,AAPL,226.03
2024-07-12,AAPL,228.98
2024-07-15,AAPL,232.82
2024-07-16,AAPL,233.24
2024-07-17,AAPL,227.34
2024-07-18,AAPL,222.67
2024-07-19,AAPL,222.8
2024-07-22,AAPL,222.45
2024-07-23,AAPL,223.49
2024-07-24,AAPL,217.07
2024-07-25,AAPL,216.02
2024-07-26,AAPL,216.49
2024-07-29,AAPL,216.77
2024-07-30,AAPL,217.32
2024-07-31,AAPL,220.58
2024-08-01,AAPL,216.89
2024-08-02,AAPL,218.38
2024-08-05,AAPL,207.86
2024-08-06,AAPL,205.83
2024-08-07,AAPL,208.4
2024-08-08,AAPL,211.87
2024-08-09,AAPL,214.78
2024-08-12,AAPL,216.31
2024-08-13,AAPL,220.03
2024-08-14,AAPL,220.48
2024-08-15,AAPL,223.46
2024-08-16,AAPL,224.78
2024-08-19,AAPL,224.63
2024-08-20,AAPL,225.24
2024-08-21,AAPL,225.13
2024-08-22,AAPL,223.27
2024-08-23,AAPL,225.57
2024-08-26,AAPL,225.91
2024-08-27,AAPL,226.75
2024-08-28,AAPL,225.22
2024-08-29,AAPL,228.5
2024-08-30,AAPL,227.72
2024-09-03,AAPL,221.52
2024-09-04,AAPL,219.61
2024-09-05,AAPL,221.14
2024-09-06,AAPL,219.58
2024-09-09,AAPL,219.67
2024-09-10,AAPL,218.88
2024-09-11,AAPL,221.41
2024-09-12,AAPL,221.52
2024-09-13,AAPL,221.25
2024-09-16,AAPL,215.11
2024-09-17,AAPL,215.58
2024-09-18,AAPL,219.45
2024-09-19,AAPL,227.59
2024-09-20,AAPL,226.92
2024-09-23,AAPL,225.2
2024-09-24,AAPL,226.1
2024-09-25,AAPL,225.1
2024-09-26,AAPL,226.25
2024-09-27,AAPL,226.52
2024-09-30,AAPL,231.7
2024-10-01,AAPL,224.94
2024-10-02,AAPL,225.51
2024-10-03,AAPL,224.41
2024-10-04,AAPL,225.53
2024-10-07,AAPL,220.45
2024-10-08,AAPL,224.51
2024-10-09,AAPL,228.26
2024-10-10,AAPL,227.76
2024-10-11,AAPL,226.28
2024-10-14,AAPL,230.01
2024-10-15,AAPL,232.54
2024-10-16,AAPL,230.48
2024-10-17,AAPL,230.85
2024-10-18,AAPL,233.68
2024-10-21,AAPL,235.16
2024-10-22,AAPL,234.54
2024-10-23,AAPL,229.47
2024-10-24,AAPL,229.28
2024-10-25,AAPL,230.11
2024-10-28,AAPL,232.09
2024-10-29,AAPL,232.36
2024-10-30,AAPL,228.81
2024-10-31,AAPL,224.65
2024-11-01,AAPL,221.66
2024-11-04,AAPL,220.77
2024-11-05,AAPL,222.2
2024-11-06,AAPL,221.47
2024-11-07,AAPL,226.21
2024-11-08,AAPL,225.94
2024-11-11,AAPL,223.22
2024-11-12,AAPL,223.22
2024-11-13,AAPL,224.11
2024-11-14,AAPL,227.19
2024-11-15,AAPL,223.99
2024-11-18,AAPL,226.99
2024-11-19,AAPL,227.25
2024-11-20,AAPL,227.97
2024-11-21,AAPL,227.49
2024-11-22,AAPL,228.84
2024-11-25,AAPL,231.82
2024-11-26,AAPL,234.0
2024-11-27,AAPL,233.87
2024-11-29,AAPL,236.26
2024-12-02,AAPL,238.51
2024-12-03,AAPL,241.56
2024-12-04,AAPL,241.92
2024-12-05,AAPL,241.95
2024-12-06,AAPL,241.75
2024-12-09,AAPL,245.64
2024-12-10,AAPL,246.65
2024-12-11,AAPL,245.38
2024-12-12,AAPL,246.84
2024-12-13,AAPL,247.01
2024-12-16,AAPL,249.91
2024-12-17,AAPL,252.34
2024-12-18,AAPL,246.93
2024-12-19,AAPL,248.67
2024-12-20,AAPL,253.34
2024-12-23,AAPL,254.12
2024-12-24,AAPL,257.04
2024-12-26,AAPL,257.85
2024-12-27,AAPL,254.44
2024-12-30,AAPL,251.06
2024-01-02,PAM,48.22
2024-01-03,PAM,48.49
2024-01-04,PAM,47.74
2024-01-05,PAM,48.17
2024-01-08,PAM,48.8
2024-01-09,PAM,46.45
2024-01-10,PAM,46.86
2024-01-11,PAM,46.6
2024-01-12,PAM,46.91
2024-01-16,PAM,46.72
2024-01-17,PAM,47.15
2024-01-18,PAM,47.23
2024-01-19,PAM,47.78
2024-01-22,PAM,48.13
2024-01-23,PAM,47.34
2024-01-24,PAM,48.05
2024-01-25,PAM,49.79
2024-01-26,PAM,49.94
2024-01-29,PAM,49.09
2024-01-30,PAM,48.78
2024-01-31,PAM,48.7
2024-02-01,PAM,49.17
2024-02-02,PAM,48.59
2024-02-05,PAM,46.9
2024-02-06,PAM,46.85
2024-02-07,PAM,44.22
2024-02-08,PAM,43.37
2024-02-09,PAM,44.08
2024-02-12,PAM,43.36
2024-02-13,PAM,43.34
2024-02-14,PAM,43.93
2024-02-15,PAM,43.38
2024-02-16,PAM,42.34
2024-02-20,PAM,42.06
2024-02-21,PAM,42.21
2024-02-22,PAM,43.6
2024-02-23,PAM,44.54
2024-02-26,PAM,43.45
2024-02-27,PAM,42.35
2024-02-28,PAM,41.57
2024-02-29,PAM,42.02
2024-03-01,PAM,42.69
2024-03-04,PAM,41.63
2024-03-05,PAM,41.41
2024-03-06,PAM,41.85
2024-03-07,PAM,39.3
2024-03-08,PAM,39.61
2024-03-11,PAM,39.02
2024-03-12,PAM,39.37
2024-03-13,PAM,39.16
2024-03-14,PAM,39.16
2024-03-15,PAM,39.64
2024-03-18,PAM,42.53
2024-03-19,PAM,41.91
2024-03-20,PAM,43.66
2024-03-21,PAM,43.4
2024-03-22,PAM,43.68
2024-03-25,PAM,42.83
2024-03-26,PAM,42.55
2024-03-27,PAM,43.5
2024-03-28,PAM,43.14
2024-04-01,PAM,42.71
2024-04-02,PAM,41.74
2024-04-03,PAM,43.78
2024-04-04,PAM,43.52
2024-04-05,PAM,46.6
2024-04-08,PAM,46.04
2024-04-09,PAM,46.5
2024-04-10,PAM,45.65
2024-04-11,PAM,46.12
2024-04-12,PAM,45.18
2024-04-15,PAM,42.45
2024-04-16,PAM,42.07
2024-04-17,PAM,42.02
2024-04-18,PAM,41.89
2024-04-19,PAM,43.08
2024-04-22,PAM,46.25
2024-04-23,PAM,45.1
2024-04-24,PAM,43.57
2024-04-25,PAM,43.86
2024-04-26,PAM,44.04
2024-04-29,PAM,44.84
2024-04-30,PAM,44.37
2024-05-01,PAM,45.39
2024-05-02,PAM,46.56
2024-05-03,PAM,48.74
2024-05-06,PAM,49.6
2024-05-07,PAM,49.85
2024-05-08,PAM,49.49
2024-05-09,PAM,49.01
2024-05-10,PAM,47.09
2024-05-13,PAM,45.94
2024-05-14,PAM,47.51
2024-05-15,PAM,48.79
2024-05-16,PAM,48.31
2024-05-17,PAM,47.89
2024-05-20,PAM,48.87
2024-05-21,PAM,47.27
2024-05-22,PAM,45.03
2024-05-23,PAM,44.36
2024-05-24,PAM,45.72
2024-05-28,PAM,47.66
2024-05-29,PAM,48.53
2024-05-30,PAM,50.21
2024-05-31,PAM,49.35
2024-06-03,PAM,47.45
2024-06-04,PAM,44.19
2024-06-05,PAM,44.37
2024-06-06,PAM,43.72
2024-06-07,PAM,43.45
2024-06-10,PAM,46.17
2024-06-11,PAM,44.64
2024-06-12,PAM,45.21
2024-06-13,PAM,47.11
2024-06-14,PAM,47.28
2024-06-17,PAM,45.15
2024-06-18,PAM,45.59
2024-06-20,PAM,43.63
2024-06-21,PAM,43.97
2024-06-24,PAM,44.41
2024-06-25,PAM,44.39
2024-06-26,PAM,43.73
2024-06-27,PAM,45.62
2024-06-28,PAM,44.26
2024-07-01,PAM,42.69
2024-07-02,PAM,43.28
2024-07-03,PAM,44.63
2024-07-05,PAM,45.09
2024-07-08,PAM,46.3
2024-07-09,PAM,46.27
2024-07-10,PAM,46.5
2024-07-11,PAM,46.7
2024-07-12,PAM,46.88
2024-07-15,PAM,45.4
2024-07-16,PAM,46.0
2024-07-17,PAM,44.8
2024-07-18,PAM,44.8
2024-07-19,PAM,46.14
2024-07-22,PAM,46.55
2024-07-23,PAM,48.09
2024-07-24,PAM,46.87
2024-07-25,PAM,45.64
2024-07-26,PAM,46.06
2024-07-29,PAM,45.36
2024-07-30,PAM,44.0
2024-07-31,PAM,45.43
2024-08-01,PAM,45.28
2024-08-02,PAM,42.73
2024-08-05,PAM,41.97
2024-08-06,PAM,43.13
2024-08-07,PAM,44.21
2024-08-08,PAM,48.8
2024-08-09,PAM,50.99
2024-08-12,PAM,51.83
2024-08-13,PAM,51.7
2024-08-14,PAM,51.86
2024-08-15,PAM,52.79
2024-08-16,PAM,52.52
2024-08-19,PAM,52.87
2024-08-20,PAM,52.6
2024-08-21,PAM,51.59
2024-08-22,PAM,50.57
2024-08-23,PAM,51.14
2024-08-26,PAM,50.81
2024-08-27,PAM,51.5
2024-08-28,PAM,51.97
2024-08-29,PAM,53.0
2024-08-30,PAM,54.42
2024-09-03,PAM,54.86
2024-09-04,PAM,56.68
2024-09-05,PAM,56.67
2024-09-06,PAM,56.18
2024-09-09,PAM,57.76
2024-09-10,PAM,57.23
2024-09-11,PAM,58.69
2024-09-12,PAM,58.99
2024-09-13,PAM,59.14
2024-09-16,PAM,58.76
2024-09-17,PAM,58.57
2024-09-18,PAM,59.44
2024-09-19,PAM,62.41
2024-09-20,PAM,61.86
2024-09-23,PAM,59.98
2024-09-24,PAM,60.18
2024-09-25,PAM,59.4
2024-09-26,PAM,58.24
2024-09-27,PAM,58.62
2024-09-30,PAM,60.04
2024-10-01,PAM,61.03
2024-10-02,PAM,59.98
2024-10-03,PAM,62.12
2024-10-04,PAM,63.06
2024-10-07,PAM,61.02
2024-10-08,PAM,61.73
2024-10-09,PAM,63.79
2024-10-10,PAM,63.67
2024-10-11,PAM,64.97
2024-10-14,PAM,64.88
2024-10-15,PAM,65.6
2024-10-16,PAM,64.36
2024-10-17,PAM,67.85
2024-10-18,PAM,67.63
2024-10-21,PAM,67.66
2024-10-22,PAM,67.66
2024-10-23,PAM,66.56
2024-10-24,PAM,68.18
2024-10-25,PAM,68.61
2024-10-28,PAM,67.0
2024-10-29,PAM,66.4
2024-10-30,PAM,66.74
2024-10-31,PAM,66.93
2024-11-01,PAM,66.02
2024-11-04,PAM,65.72
2024-11-05,PAM,67.69
2024-11-06,PAM,69.23
2024-11-07,PAM,69.42
2024-11-08,PAM,70.16
2024-11-11,PAM,71.07
2024-11-12,PAM,71.69
2024-11-13,PAM,73.97
2024-11-14,PAM,75.84
2024-11-15,PAM,76.38
2024-11-18,PAM,80.02
2024-11-19,PAM,79.41
2024-11-20,PAM,81.89
2024-11-21,PAM,82.28
2024-11-22,PAM,84.93
2024-11-25,PAM,82.63
2024-11-26,PAM,83.93
2024-11-27,PAM,84.2
2024-11-29,PAM,85.59
2024-12-02,PAM,86.93
2024-12-03,PAM,87.1
2024-12-04,PAM,86.06
2024-12-05,PAM,87.02
2024-12-06,PAM,87.42
2024-12-09,PAM,87.86
2024-12-10,PAM,86.73
2024-12-11,PAM,90.51
2024-12-12,PAM,89.66
2024-12-13,PAM,89.39
2024-12-16,PAM,91.79
2024-12-17,PAM,90.69
2024-12-18,PAM,85.65
2024-12-19,PAM,84.97
2024-12-20,PAM,85.92
2024-12-23,PAM,86.67
2024-12-24,PAM,88.21
2024-12-26,PAM,88.11
2024-12-27,PAM,88.39
2024-12-30,PAM,87.76
2024-01-02,GOOG,138.61
2024-01-03,GOOG,139.41
2024-01-04,GOOG,137.1
2024-01-05,GOOG,136.46
2024-01-08,GOOG,139.57
2024-01-09,GOOG,141.59
2024-01-10,GOOG,142.82
2024-01-11,GOOG,142.69
2024-01-12,GOOG,143.26
2024-01-16,GOOG,143.1
2024-01-17,GOOG,141.92
2024-01-18,GOOG,144.0
2024-01-19,GOOG,146.96
2024-01-22,GOOG,146.71
2024-01-23,GOOG,147.67
2024-01-24,GOOG,149.33
2024-01-25,GOOG,152.6
2024-01-26,GOOG,152.74
2024-01-29,GOOG,153.79
2024-01-30,GOOG,152.01
2024-01-31,GOOG,140.84
2024-02-01,GOOG,141.74
2024-02-02,GOOG,142.56
2024-02-05,GOOG,143.94
2024-02-06,GOOG,144.42
2024-02-07,GOOG,145.68
2024-02-08,GOOG,146.22
2024-02-09,GOOG,149.2
2024-02-12,GOOG,147.72
2024-02-13,GOOG,145.38
2024-02-14,GOOG,146.14
2024-02-15,GOOG,142.96
2024-02-16,GOOG,140.8
2024-02-20,GOOG,141.23
2024-02-21,GOOG,142.86
2024-02-22,GOOG,144.33
2024-02-23,GOOG,144.3
2024-02-26,GOOG,137.81
2024-02-27,GOOG,139.15
2024-02-28,GOOG,136.5
2024-02-29,GOOG,138.83
2024-03-01,GOOG,137.14
2024-03-04,GOOG,133.29
2024-03-05,GOOG,132.87
2024-03-06,GOOG,131.66
2024-03-07,GOOG,134.32
2024-03-08,GOOG,135.36
2024-03-11,GOOG,138.0
2024-03-12,GOOG,138.67
2024-03-13,GOOG,139.81
2024-03-14,GOOG,143.36
2024-03-15,GOOG,141.2
2024-03-18,GOOG,147.47
2024-03-19,GOOG,146.91
2024-03-20,GOOG,148.66
2024-03-21,GOOG,147.73
2024-03-22,GOOG,150.74
2024-03-25,GOOG,150.12
2024-03-26,GOOG,150.67
2024-03-27,GOOG,150.91
2024-03-28,GOOG,151.23
2024-04-01,GOOG,155.44
2024-04-02,GOOG,154.81
2024-04-03,GOOG,155.31
2024-04-04,GOOG,150.91
2024-04-05,GOOG,152.89
2024-04-08,GOOG,155.08
2024-04-09,GOOG,157.07
2024-04-10,GOOG,156.59
2024-04-11,GOOG,159.7
2024-04-12,GOOG,158.11
2024-04-15,GOOG,155.27
2024-04-16,GOOG,154.94
2024-04-17,GOOG,155.81
2024-04-18,GOOG,156.39
2024-04-19,GOOG,154.66
2024-04-22,GOOG,156.88
2024-04-23,GOOG,158.83
2024-04-24,GOOG,160.01
2024-04-25,GOOG,156.88
2024-04-26,GOOG,172.51
2024-04-29,GOOG,166.76
2024-04-30,GOOG,163.52
2024-05-01,GOOG,164.44
2024-05-02,GOOG,167.32
2024-05-03,GOOG,167.84
2024-05-06,GOOG,168.68
2024-05-07,GOOG,171.8
2024-05-08,GOOG,170.0
2024-05-09,GOOG,170.41
2024-05-10,GOOG,169.13
2024-05-13,GOOG,169.74
2024-05-14,GOOG,170.76
2024-05-15,GOOG,172.7
2024-05-16,GOOG,174.24
2024-05-17,GOOG,176.08
2024-05-20,GOOG,177.25
2024-05-21,GOOG,178.32
2024-05-22,GOOG,176.79
2024-05-23,GOOG,173.87
2024-05-24,GOOG,175.13
2024-05-28,GOOG,176.81
2024-05-29,GOOG,176.19
2024-05-30,GOOG,172.38
2024-05-31,GOOG,172.78
2024-06-03,GOOG,173.23
2024-06-04,GOOG,173.94
2024-06-05,GOOG,175.87
2024-06-06,GOOG,177.14
2024-06-07,GOOG,174.75
2024-06-10,GOOG,175.63
2024-06-11,GOOG,177.18
2024-06-12,GOOG,178.54
2024-06-13,GOOG,175.74
2024-06-14,GOOG,177.36
2024-06-17,GOOG,177.77
2024-06-18,GOOG,175.45
2024-06-20,GOOG,176.7
2024-06-21,GOOG,179.24
2024-06-24,GOOG,179.77
2024-06-25,GOOG,184.53
2024-06-26,GOOG,184.32
2024-06-27,GOOG,185.8
2024-06-28,GOOG,182.38
2024-07-01,GOOG,183.44
2024-07-02,GOOG,185.55
2024-07-03,GOOG,186.33
2024-07-05,GOOG,190.87
2024-07-08,GOOG,189.4
2024-07-09,GOOG,189.36
2024-07-10,GOOG,191.57
2024-07-11,GOOG,186.24
2024-07-12,GOOG,185.72
2024-07-15,GOOG,187.12
2024-07-16,GOOG,184.45
2024-07-17,GOOG,181.59
2024-07-18,GOOG,178.2
2024-07-19,GOOG,178.37
2024-07-22,GOOG,182.31
2024-07-23,GOOG,182.56
2024-07-24,GOOG,173.38
2024-07-25,GOOG,168.2
2024-07-26,GOOG,167.72
2024-07-29,GOOG,170.16
2024-07-30,GOOG,170.89
2024-07-31,GOOG,172.17
2024-08-01,GOOG,171.47
2024-08-02,GOOG,167.45
2024-08-05,GOOG,159.73
2024-08-06,GOOG,159.63
2024-08-07,GOOG,159.84
2024-08-08,GOOG,162.91
2024-08-09,GOOG,164.45
2024-08-12,GOOG,163.02
2024-08-13,GOOG,164.99
2024-08-14,GOOG,161.11
2024-08-15,GOOG,162.25
2024-08-16,GOOG,163.81
2024-08-19,GOOG,167.45
2024-08-20,GOOG,168.0
2024-08-21,GOOG,166.68
2024-08-22,GOOG,164.55
2024-08-23,GOOG,166.48
2024-08-26,GOOG,166.98
2024-08-27,GOOG,165.44
2024-08-28,GOOG,163.57
2024-08-29,GOOG,162.47
2024-08-30,GOOG,164.17
2024-09-03,GOOG,157.71
2024-09-04,GOOG,156.92
2024-09-05,GOOG,157.7
2024-09-06,GOOG,151.27
2024-09-09,GOOG,148.89
2024-09-10,GOOG,149.36
2024-09-11,GOOG,151.49
2024-09-12,GOOG,154.86
2024-09-13,GOOG,157.68
2024-09-16,GOOG,158.3
2024-09-17,GOOG,159.58
2024-09-18,GOOG,160.11
2024-09-19,GOOG,162.53
2024-09-20,GOOG,163.92
2024-09-23,GOOG,162.36
2024-09-24,GOOG,162.93
2024-09-25,GOOG,162.28
2024-09-26,GOOG,163.12
2024-09-27,GOOG,164.57
2024-09-30,GOOG,166.46
2024-10-01,GOOG,167.69
2024-10-02,GOOG,166.58
2024-10-03,GOOG,166.48
2024-10-04,GOOG,167.83
2024-10-07,GOOG,163.67
2024-10-08,GOOG,164.98
2024-10-09,GOOG,162.35
2024-10-10,GOOG,162.47
2024-10-11,GOOG,163.8
2024-10-14,GOOG,165.63
2024-10-15,GOOG,166.17
2024-10-16,GOOG,166.01
2024-10-17,GOOG,163.79
2024-10-18,GOOG,164.33
2024-10-21,GOOG,165.08
2024-10-22,GOOG,166.09
2024-10-23,GOOG,163.76
2024-10-24,GOOG,163.81
2024-10-25,GOOG,166.26
2024-10-28,GOOG,167.61
2024-10-29,GOOG,170.39
2024-10-30,GOOG,175.37
2024-10-31,GOOG,171.94
2024-11-01,GOOG,171.9
2024-11-04,GOOG,169.94
2024-11-05,GOOG,170.66
2024-11-06,GOOG,177.55
2024-11-07,GOOG,181.49
2024-11-08,GOOG,179.08
2024-11-11,GOOG,181.18
2024-11-12,GOOG,182.52
2024-11-13,GOOG,179.7
2024-11-14,GOOG,176.58
2024-11-15,GOOG,173.13
2024-11-18,GOOG,176.03
2024-11-19,GOOG,178.8
2024-11-20,GOOG,176.56
2024-11-21,GOOG,168.5
2024-11-22,GOOG,165.84
2024-11-25,GOOG,168.69
2024-11-26,GOOG,169.88
2024-11-27,GOOG,170.08
2024-11-29,GOOG,169.75
2024-12-02,GOOG,172.23
2024-12-03,GOOG,172.27
2024-12-04,GOOG,175.32
2024-12-05,GOOG,173.55
2024-12-06,GOOG,175.72
2024-12-09,GOOG,176.53
2024-12-10,GOOG,185.93
2024-12-11,GOOG,196.08
2024-12-12,GOOG,193.0
2024-12-13,GOOG,190.76
2024-12-16,GOOG,197.52
2024-12-17,GOOG,196.48
2024-12-18,GOOG,189.54
2024-12-19,GOOG,189.09
2024-12-20,GOOG,192.34
2024-12-23,GOOG,195.36
2024-12-24,GOOG,196.93
2024-12-26,GOOG,196.46
2024-12-27,GOOG,193.41
2024-12-30,GOOG,192.07
2024-01-02,AMZN,149.93
2024-01-03,AMZN,148.47
2024-01-04,AMZN,144.57
2024-01-05,AMZN,145.24
2024-01-08,AMZN,149.1
2024-01-09,AMZN,151.37
2024-01-10,AMZN,153.73
2024-01-11,AMZN,155.18
2024-01-12,AMZN,154.62
2024-01-16,AMZN,153.16
2024-01-17,AMZN,151.71
2024-01-18,AMZN,153.5
2024-01-19,AMZN,155.34
2024-01-22,AMZN,154.78
2024-01-23,AMZN,156.02
2024-01-24,AMZN,156.87
2024-01-25,AMZN,157.75
2024-01-26,AMZN,159.12
2024-01-29,AMZN,161.26
2024-01-30,AMZN,159.0
2024-01-31,AMZN,155.2
2024-02-01,AMZN,159.28
2024-02-02,AMZN,171.81
2024-02-05,AMZN,170.31
2024-02-06,AMZN,169.15
2024-02-07,AMZN,170.53
2024-02-08,AMZN,169.84
2024-02-09,AMZN,174.45
2024-02-12,AMZN,172.34
2024-02-13,AMZN,168.64
2024-02-14,AMZN,170.98
2024-02-15,AMZN,169.8
2024-02-16,AMZN,169.51
2024-02-20,AMZN,167.08
2024-02-21,AMZN,168.59
2024-02-22,AMZN,174.58
2024-02-23,AMZN,174.99
2024-02-26,AMZN,174.73
2024-02-27,AMZN,173.54
2024-02-28,AMZN,173.16
2024-02-29,AMZN,176.76
2024-03-01,AMZN,178.22
2024-03-04,AMZN,177.58
2024-03-05,AMZN,174.12
2024-03-06,AMZN,173.51
2024-03-07,AMZN,176.82
2024-03-08,AMZN,175.35
2024-03-11,AMZN,171.96
2024-03-12,AMZN,175.39
2024-03-13,AMZN,176.56
2024-03-14,AMZN,178.75
2024-03-15,AMZN,174.42
2024-03-18,AMZN,174.48
2024-03-19,AMZN,175.9
2024-03-20,AMZN,178.15
2024-03-21,AMZN,178.15
2024-03-22,AMZN,178.87
2024-03-25,AMZN,179.71
2024-03-26,AMZN,178.3
2024-03-27,AMZN,179.83
2024-03-28,AMZN,180.38
2024-04-01,AMZN,180.97
2024-04-02,AMZN,180.69
2024-04-03,AMZN,182.41
2024-04-04,AMZN,180.0
2024-04-05,AMZN,185.07
2024-04-08,AMZN,185.19
2024-04-09,AMZN,185.67
2024-04-10,AMZN,185.95
2024-04-11,AMZN,189.05
2024-04-12,AMZN,186.13
2024-04-15,AMZN,183.62
2024-04-16,AMZN,183.32
2024-04-17,AMZN,181.28
2024-04-18,AMZN,179.22
2024-04-19,AMZN,174.63
2024-04-22,AMZN,177.23
2024-04-23,AMZN,179.54
2024-04-24,AMZN,176.59
2024-04-25,AMZN,173.67
2024-04-26,AMZN,179.62
2024-04-29,AMZN,180.96
2024-04-30,AMZN,175.0
2024-05-01,AMZN,179.0
2024-05-02,AMZN,184.72
2024-05-03,AMZN,186.21
2024-05-06,AMZN,188.7
2024-05-07,AMZN,188.76
2024-05-08,AMZN,188.0
2024-05-09,AMZN,189.5
2024-05-10,AMZN,187.48
2024-05-13,AMZN,186.57
2024-05-14,AMZN,187.07
2024-05-15,AMZN,185.99
2024-05-16,AMZN,183.63
2024-05-17,AMZN,184.7
2024-05-20,AMZN,183.54
2024-05-21,AMZN,183.15
2024-05-22,AMZN,183.13
2024-05-23,AMZN,181.05
2024-05-24,AMZN,180.75
2024-05-28,AMZN,182.15
2024-05-29,AMZN,182.02
2024-05-30,AMZN,179.32
2024-05-31,AMZN,176.44
2024-06-03,AMZN,178.34
2024-06-04,AMZN,179.34
2024-06-05,AMZN,181.28
2024-06-06,AMZN,185.0
2024-06-07,AMZN,184.3
2024-06-10,AMZN,187.06
2024-06-11,AMZN,187.23
2024-06-12,AMZN,186.89
2024-06-13,AMZN,183.83
2024-06-14,AMZN,183.66
2024-06-17,AMZN,184.06
2024-06-18,AMZN,182.81
2024-06-20,AMZN,186.1
2024-06-21,AMZN,189.08
2024-06-24,AMZN,185.57
2024-06-25,AMZN,186.34
2024-06-26,AMZN,193.61
2024-06-27,AMZN,197.85
2024-06-28,AMZN,193.25
2024-07-01,AMZN,197.2
2024-07-02,AMZN,200.0
2024-07-03,AMZN,197.59
2024-07-05,AMZN,200.0
2024-07-08,AMZN,199.29
2024-07-09,AMZN,199.34
2024-07-10,AMZN,199.79
2024-07-11,AMZN,195.05
2024-07-12,AMZN,194.49
2024-07-15,AMZN,192.72
2024-07-16,AMZN,193.02
2024-07-17,AMZN,187.93
2024-07-18,AMZN,183.75
2024-07-19,AMZN,183.13
2024-07-22,AMZN,182.55
2024-07-23,AMZN,186.41
2024-07-24,AMZN,180.83
2024-07-25,AMZN,179.85
2024-07-26,AMZN,182.5
2024-07-29,AMZN,183.2
2024-07-30,AMZN,181.71
2024-07-31,AMZN,186.98
2024-08-01,AMZN,184.07
2024-08-02,AMZN,167.9
2024-08-05,AMZN,161.02
2024-08-06,AMZN,161.93
2024-08-07,AMZN,162.77
2024-08-08,AMZN,165.8
2024-08-09,AMZN,166.94
2024-08-12,AMZN,166.8
2024-08-13,AMZN,170.23
2024-08-14,AMZN,170.1
2024-08-15,AMZN,177.59
2024-08-16,AMZN,177.06
2024-08-19,AMZN,178.22
2024-08-20,AMZN,178.88
2024-08-21,AMZN,180.11
2024-08-22,AMZN,176.13
2024-08-23,AMZN,177.04
2024-08-26,AMZN,175.5
2024-08-27,AMZN,173.12
2024-08-28,AMZN,170.8
2024-08-29,AMZN,172.12
2024-08-30,AMZN,178.5
2024-09-03,AMZN,176.25
2024-09-04,AMZN,173.33
2024-09-05,AMZN,177.89
2024-09-06,AMZN,171.39
2024-09-09,AMZN,175.4
2024-09-10,AMZN,179.55
2024-09-11,AMZN,184.52
2024-09-12,AMZN,187.0
2024-09-13,AMZN,186.49
2024-09-16,AMZN,184.89
2024-09-17,AMZN,186.88
2024-09-18,AMZN,186.43
2024-09-19,AMZN,189.87
2024-09-20,AMZN,191.6
2024-09-23,AMZN,193.88
2024-09-24,AMZN,193.96
2024-09-25,AMZN,192.53
2024-09-26,AMZN,191.16
2024-09-27,AMZN,187.97
2024-09-30,AMZN,186.33
2024-10-01,AMZN,185.13
2024-10-02,AMZN,184.76
2024-10-03,AMZN,181.96
2024-10-04,AMZN,186.51
2024-10-07,AMZN,180.8
2024-10-08,AMZN,182.72
2024-10-09,AMZN,185.17
2024-10-10,AMZN,186.65
2024-10-11,AMZN,188.82
2024-10-14,AMZN,187.54
2024-10-15,AMZN,187.69
2024-10-16,AMZN,186.89
2024-10-17,AMZN,187.53
2024-10-18,AMZN,188.99
2024-10-21,AMZN,189.07
2024-10-22,AMZN,189.7
2024-10-23,AMZN,184.71
2024-10-24,AMZN,186.38
2024-10-25,AMZN,187.83
2024-10-28,AMZN,188.39
2024-10-29,AMZN,190.83
2024-10-30,AMZN,192.73
2024-10-31,AMZN,186.4
2024-11-01,AMZN,197.93
2024-11-04,AMZN,195.78
2024-11-05,AMZN,199.5
2024-11-06,AMZN,207.09
2024-11-07,AMZN,210.05
2024-11-08,AMZN,208.18
2024-11-11,AMZN,206.84
2024-11-12,AMZN,208.91
2024-11-13,AMZN,214.1
2024-11-14,AMZN,211.48
2024-11-15,AMZN,202.61
2024-11-18,AMZN,201.7
2024-11-19,AMZN,204.61
2024-11-20,AMZN,202.88
2024-11-21,AMZN,198.38
2024-11-22,AMZN,197.12
2024-11-25,AMZN,201.45
2024-11-26,AMZN,207.86
2024-11-27,AMZN,205.74
2024-11-29,AMZN,207.89
2024-12-02,AMZN,210.71
2024-12-03,AMZN,213.44
2024-12-04,AMZN,218.16
2024-12-05,AMZN,220.55
2024-12-06,AMZN,227.03
2024-12-09,AMZN,226.09
2024-12-10,AMZN,225.04
2024-12-11,AMZN,230.26
2024-12-12,AMZN,228.97
2024-12-13,AMZN,227.46
2024-12-16,AMZN,232.93
2024-12-17,AMZN,231.15
2024-12-18,AMZN,220.52
2024-12-19,AMZN,223.29
2024-12-20,AMZN,224.92
2024-12-23,AMZN,225.06
2024-12-24,AMZN,229.05
2024-12-26,AMZN,227.05
2024-12-27,AMZN,223.75
2024-12-30,AMZN,221.3
2024-01-02,TSLA,248.42
2024-01-03,TSLA,238.45
2024-01-04,TSLA,237.93
2024-01-05,TSLA,237.49
2024-01-08,TSLA,240.45
2024-01-09,TSLA,234.96
2024-01-10,TSLA,233.94
2024-01-11,TSLA,227.22
2024-01-12,TSLA,218.89
2024-01-16,TSLA,219.91
2024-01-17,TSLA,215.55
2024-01-18,TSLA,211.88
2024-01-19,TSLA,212.19
2024-01-22,TSLA,208.8
2024-01-23,TSLA,209.14
2024-01-24,TSLA,207.83
2024-01-25,TSLA,182.63
2024-01-26,TSLA,183.25
2024-01-29,TSLA,190.93
2024-01-30,TSLA,191.59
2024-01-31,TSLA,187.29
2024-02-01,TSLA,188.86
2024-02-02,TSLA,187.91
2024-02-05,TSLA,181.06
2024-02-06,TSLA,185.1
2024-02-07,TSLA,187.58
2024-02-08,TSLA,189.56
2024-02-09,TSLA,193.57
2024-02-12,TSLA,188.13
2024-02-13,TSLA,184.02
2024-02-14,TSLA,188.71
2024-02-15,TSLA,200.45
2024-02-16,TSLA,199.95
2024-02-20,TSLA,193.76
2024-02-21,TSLA,194.77
2024-02-22,TSLA,197.41
2024-02-23,TSLA,191.97
2024-02-26,TSLA,199.4
2024-02-27,TSLA,199.73
2024-02-28,TSLA,202.04
2024-02-29,TSLA,201.88
2024-03-01,TSLA,202.64
2024-03-04,TSLA,188.14
2024-03-05,TSLA,180.74
2024-03-06,TSLA,176.54
2024-03-07,TSLA,178.65
2024-03-08,TSLA,175.34
2024-03-11,TSLA,177.77
2024-03-12,TSLA,177.54
2024-03-13,TSLA,169.48
2024-03-14,TSLA,162.5
2024-03-15,TSLA,163.57
2024-03-18,TSLA,173.8
2024-03-19,TSLA,171.32
2024-03-20,TSLA,175.66
2024-03-21,TSLA,172.82
2024-03-22,TSLA,170.83
2024-03-25,TSLA,172.63
2024-03-26,TSLA,177.67
2024-03-27,TSLA,179.83
2024-03-28,TSLA,175.79
2024-04-01,TSLA,175.22
2024-04-02,TSLA,166.63
2024-04-03,TSLA,168.38
2024-04-04,TSLA,171.11
2024-04-05,TSLA,164.9
2024-04-08,TSLA,172.98
2024-04-09,TSLA,176.88
2024-04-10,TSLA,171.76
2024-04-11,TSLA,174.6
2024-04-12,TSLA,171.05
2024-04-15,TSLA,161.48
2024-04-16,TSLA,157.11
2024-04-17,TSLA,155.45
2024-04-18,TSLA,149.93
2024-04-19,TSLA,147.05
2024-04-22,TSLA,142.05
2024-04-23,TSLA,144.68
2024-04-24,TSLA,162.13
2024-04-25,TSLA,170.18
2024-04-26,TSLA,168.29
2024-04-29,TSLA,194.05
2024-04-30,TSLA,183.28
2024-05-01,TSLA,179.99
2024-05-02,TSLA,180.01
2024-05-03,TSLA,181.19
2024-05-06,TSLA,184.76
2024-05-07,TSLA,177.81
2024-05-08,TSLA,174.72
2024-05-09,TSLA,171.97
2024-05-10,TSLA,168.47
2024-05-13,TSLA,171.89
2024-05-14,TSLA,177.55
2024-05-15,TSLA,173.99
2024-05-16,TSLA,174.84
2024-05-17,TSLA,177.46
2024-05-20,TSLA,174.95
2024-05-21,TSLA,186.6
2024-05-22,TSLA,180.11
2024-05-23,TSLA,173.74
2024-05-24,TSLA,179.24
2024-05-28,TSLA,176.75
2024-05-29,TSLA,176.19
2024-05-30,TSLA,178.79
2024-05-31,TSLA,178.08
2024-06-03,TSLA,176.29
2024-06-04,TSLA,174.77
2024-06-05,TSLA,175.0
2024-06-06,TSLA,177.94
2024-06-07,TSLA,177.48
2024-06-10,TSLA,173.79
2024-06-11,TSLA,170.66
2024-06-12,TSLA,177.29
2024-06-13,TSLA,182.47
2024-06-14,TSLA,178.01
2024-06-17,TSLA,187.44
2024-06-18,TSLA,184.86
2024-06-20,TSLA,181.57
2024-06-21,TSLA,183.01
2024-06-24,TSLA,182.58
2024-06-25,TSLA,187.35
2024-06-26,TSLA,196.37
2024-06-27,TSLA,197.42
2024-06-28,TSLA,197.88
2024-07-01,TSLA,209.86
2024-07-02,TSLA,231.26
2024-07-03,TSLA,246.39
2024-07-05,TSLA,251.52
2024-07-08,TSLA,252.94
2024-07-09,TSLA,262.33
2024-07-10,TSLA,263.26
2024-07-11,TSLA,241.03
2024-07-12,TSLA,248.23
2024-07-15,TSLA,252.64
2024-07-16,TSLA,256.56
2024-07-17,TSLA,248.5
2024-07-18,TSLA,249.23
2024-07-19,TSLA,239.2
2024-07-22,TSLA,251.51
2024-07-23,TSLA,246.38
2024-07-24,TSLA,215.99
2024-07-25,TSLA,220.25
2024-07-26,TSLA,219.8
2024-07-29,TSLA,232.1
2024-07-30,TSLA,222.62
2024-07-31,TSLA,232.07
2024-08-01,TSLA,216.86
2024-08-02,TSLA,207.67
2024-08-05,TSLA,198.88
2024-08-06,TSLA,200.64
2024-08-07,TSLA,191.76
2024-08-08,TSLA,198.84
2024-08-09,TSLA,200.0
2024-08-12,TSLA,197.49
2024-08-13,TSLA,207.83
2024-08-14,TSLA,201.38
2024-08-15,TSLA,214.14
2024-08-16,TSLA,216.12
2024-08-19,TSLA,222.72
2024-08-20,TSLA,221.1
2024-08-21,TSLA,223.27
2024-08-22,TSLA,210.66
2024-08-23,TSLA,220.32
2024-08-26,TSLA,213.21
2024-08-27,TSLA,209.21
2024-08-28,TSLA,205.75
2024-08-29,TSLA,206.28
2024-08-30,TSLA,214.11
2024-09-03,TSLA,210.6
2024-09-04,TSLA,219.41
2024-09-05,TSLA,230.17
2024-09-06,TSLA,210.73
2024-09-09,TSLA,216.27
2024-09-10,TSLA,226.17
2024-09-11,TSLA,228.13
2024-09-12,TSLA,229.81
2024-09-13,TSLA,230.29
2024-09-16,TSLA,226.78
2024-09-17,TSLA,227.87
2024-09-18,TSLA,227.2
2024-09-19,TSLA,243.92
2024-09-20,TSLA,238.25
2024-09-23,TSLA,250.0
2024-09-24,TSLA,254.27
2024-09-25,TSLA,257.02
2024-09-26,TSLA,254.22
2024-09-27,TSLA,260.46
2024-09-30,TSLA,261.63
2024-10-01,TSLA,258.02
2024-10-02,TSLA,249.02
2024-10-03,TSLA,240.66
2024-10-04,TSLA,250.08
2024-10-07,TSLA,240.83
2024-10-08,TSLA,244.5
2024-10-09,TSLA,241.05
2024-10-10,TSLA,238.77
2024-10-11,TSLA,217.8
2024-10-14,TSLA,219.16
2024-10-15,TSLA,219.57
2024-10-16,TSLA,221.33
2024-10-17,TSLA,220.89
2024-10-18,TSLA,220.7
2024-10-21,TSLA,218.85
2024-10-22,TSLA,217.97
2024-10-23,TSLA,213.65
2024-10-24,TSLA,260.48
2024-10-25,TSLA,269.19
2024-10-28,TSLA,262.51
2024-10-29,TSLA,259.52
2024-10-30,TSLA,257.55
2024-10-31,TSLA,249.85
2024-11-01,TSLA,248.98
2024-11-04,TSLA,242.84
2024-11-05,TSLA,251.44
2024-11-06,TSLA,288.53
2024-11-07,TSLA,296.91
2024-11-08,TSLA,321.22
2024-11-11,TSLA,350.0
2024-11-12,TSLA,328.49
2024-11-13,TSLA,330.24
2024-11-14,TSLA,311.18
2024-11-15,TSLA,320.72
2024-11-18,TSLA,338.74
2024-11-19,TSLA,346.0
2024-11-20,TSLA,342.03
2024-11-21,TSLA,339.64
2024-11-22,TSLA,352.56
2024-11-25,TSLA,338.59
2024-11-26,TSLA,338.23
2024-11-27,TSLA,332.89
2024-11-29,TSLA,345.16
2024-12-02,TSLA,357.09
2024-12-03,TSLA,351.42
2024-12-04,TSLA,357.93
2024-12-05,TSLA,369.49
2024-12-06,TSLA,389.22
2024-12-09,TSLA,389.79
2024-12-10,TSLA,400.99
2024-12-11,TSLA,424.77
2024-12-12,TSLA,418.1
2024-12-13,TSLA,436.23
2024-12-16,TSLA,463.02
2024-12-17,TSLA,479.86
2024-12-18,TSLA,440.13
2024-12-19,TSLA,436.17
2024-12-20,TSLA,421.06
2024-12-23,TSLA,430.6
2024-12-24,TSLA,462.28
2024-12-26,TSLA,454.13
2024-12-27,TSLA,431.66
2024-12-30,TSLA,417.41
2024-01-02,MSTR,68.51
2024-01-03,MSTR,63.11
2024-01-04,MSTR,65.58
2024-01-05,MSTR,63.11
2024-01-08,MSTR,59.8
2024-01-09,MSTR,57.73
2024-01-10,MSTR,56.57
2024-01-11,MSTR,53.62
2024-01-12,MSTR,48.55
2024-01-16,MSTR,48.21
2024-01-17,MSTR,49.9
2024-01-18,MSTR,48.66
2024-01-19,MSTR,48.1
2024-01-22,MSTR,47.02
2024-01-23,MSTR,45.02
2024-01-24,MSTR,45.1
2024-01-25,MSTR,45.78
2024-01-26,MSTR,49.45
2024-01-29,MSTR,51.38
2024-01-30,MSTR,51.95
2024-01-31,MSTR,50.12
2024-02-01,MSTR,50.35
2024-02-02,MSTR,50.01
2024-02-05,MSTR,49.06
2024-02-06,MSTR,49.8
2024-02-07,MSTR,50.8
2024-02-08,MSTR,58.78
2024-02-09,MSTR,64.63
2024-02-12,MSTR,71.75
2024-02-13,MSTR,68.6
2024-02-14,MSTR,76.99
2024-02-15,MSTR,71.8
2024-02-16,MSTR,69.96
2024-02-20,MSTR,70.5
2024-02-21,MSTR,67.28
2024-02-22,MSTR,71.32
2024-02-23,MSTR,68.74
2024-02-26,MSTR,79.65
2024-02-27,MSTR,87.18
2024-02-28,MSTR,96.29
2024-02-29,MSTR,102.28
2024-03-01,MSTR,107.94
2024-03-04,MSTR,133.4
2024-03-05,MSTR,105.1
2024-03-06,MSTR,124.62
2024-03-07,MSTR,130.0
2024-03-08,MSTR,142.56
2024-03-11,MSTR,148.42
2024-03-12,MSTR,159.34
2024-03-13,MSTR,176.62
2024-03-14,MSTR,167.68
2024-03-15,MSTR,178.24
2024-03-18,MSTR,150.28
2024-03-19,MSTR,141.75
2024-03-20,MSTR,154.65
2024-03-21,MSTR,159.93
2024-03-22,MSTR,152.3
2024-03-25,MSTR,185.6
2024-03-26,MSTR,187.7
2024-03-27,MSTR,191.92
2024-03-28,MSTR,170.46
2024-04-01,MSTR,163.67
2024-04-02,MSTR,157.88
2024-04-03,MSTR,160.61
2024-04-04,MSTR,161.54
2024-04-05,MSTR,143.9
2024-04-08,MSTR,151.3
2024-04-09,MSTR,144.1
2024-04-10,MSTR,156.6
2024-04-11,MSTR,155.18
2024-04-12,MSTR,147.96
2024-04-15,MSTR,133.59
2024-04-16,MSTR,125.4
2024-04-17,MSTR,118.81
2024-04-18,MSTR,120.82
2024-04-19,MSTR,117.41
2024-04-22,MSTR,132.4
2024-04-23,MSTR,133.86
2024-04-24,MSTR,126.57
2024-04-25,MSTR,124.04
2024-04-26,MSTR,128.24
2024-04-29,MSTR,129.3
2024-04-30,MSTR,106.5
2024-05-01,MSTR,102.83
2024-05-02,MSTR,112.94
2024-05-03,MSTR,122.3
2024-05-06,MSTR,126.88
2024-05-07,MSTR,125.75
2024-05-08,MSTR,123.31
2024-05-09,MSTR,126.36
2024-05-10,MSTR,118.05
2024-05-13,MSTR,124.6
2024-05-14,MSTR,129.76
2024-05-15,MSTR,150.35
2024-05-16,MSTR,144.0
2024-05-17,MSTR,158.45
2024-05-20,MSTR,172.72
2024-05-21,MSTR,165.54
2024-05-22,MSTR,164.7
2024-05-23,MSTR,154.41
2024-05-24,MSTR,168.48
2024-05-28,MSTR,167.54
2024-05-29,MSTR,161.87
2024-05-30,MSTR,154.1
2024-05-31,MSTR,152.45
2024-06-03,MSTR,162.74
2024-06-04,MSTR,163.88
2024-06-05,MSTR,169.47
2024-06-06,MSTR,165.66
2024-06-07,MSTR,159.62
2024-06-10,MSTR,159.99
2024-06-11,MSTR,155.55
2024-06-12,MSTR,160.37
2024-06-13,MSTR,148.39
2024-06-14,MSTR,149.55
2024-06-17,MSTR,150.73
2024-06-18,MSTR,146.94
2024-06-20,MSTR,146.54
2024-06-21,MSTR,148.38
2024-06-24,MSTR,137.21
2024-06-25,MSTR,149.57
2024-06-26,MSTR,145.77
2024-06-27,MSTR,152.54
2024-06-28,MSTR,137.75
2024-07-01,MSTR,136.6
2024-07-02,MSTR,132.02
2024-07-03,MSTR,130.21
2024-07-05,MSTR,128.17
2024-07-08,MSTR,129.06
2024-07-09,MSTR,130.18
2024-07-10,MSTR,130.57
2024-07-11,MSTR,135.86
2024-07-12,MSTR,139.68
2024-07-15,MSTR,161.13
2024-07-16,MSTR,166.43
2024-07-17,MSTR,159.0
2024-07-18,MSTR,155.52
2024-07-19,MSTR,177.85
2024-07-22,MSTR,180.01
2024-07-23,MSTR,172.18
2024-07-24,MSTR,167.27
2024-07-25,MSTR,160.65
2024-07-26,MSTR,175.27
2024-07-29,MSTR,168.49
2024-07-30,MSTR,160.41
2024-07-31,MSTR,161.44
2024-08-01,MSTR,151.18
2024-08-02,MSTR,144.8
2024-08-05,MSTR,130.9
2024-08-06,MSTR,136.92
2024-08-07,MSTR,124.68
2024-08-08,MSTR,135.99
2024-08-09,MSTR,135.37
2024-08-12,MSTR,131.46
2024-08-13,MSTR,135.38
2024-08-14,MSTR,130.37
2024-08-15,MSTR,131.93
2024-08-16,MSTR,133.04
2024-08-19,MSTR,135.35
2024-08-20,MSTR,133.69
2024-08-21,MSTR,141.42
2024-08-22,MSTR,133.81
2024-08-23,MSTR,150.01
2024-08-26,MSTR,146.9
2024-08-27,MSTR,140.01
2024-08-28,MSTR,132.09
2024-08-29,MSTR,132.56
2024-08-30,MSTR,132.42
2024-09-03,MSTR,122.32
2024-09-04,MSTR,124.85
2024-09-05,MSTR,119.57
2024-09-06,MSTR,114.3
2024-09-09,MSTR,124.82
2024-09-10,MSTR,129.64
2024-09-11,MSTR,129.28
2024-09-12,MSTR,130.77
2024-09-13,MSTR,141.47
2024-09-16,MSTR,134.53
2024-09-17,MSTR,131.27
2024-09-18,MSTR,132.67
2024-09-19,MSTR,144.66
2024-09-20,MSTR,144.78
2024-09-23,MSTR,149.97
2024-09-24,MSTR,153.88
2024-09-25,MSTR,151.94
2024-09-26,MSTR,165.98
2024-09-27,MSTR,176.22
2024-09-30,MSTR,168.6
2024-10-01,MSTR,162.69
2024-10-02,MSTR,164.64
2024-10-03,MSTR,163.41
2024-10-04,MSTR,176.51
2024-10-07,MSTR,186.09
2024-10-08,MSTR,192.2
2024-10-09,MSTR,188.91
2024-10-10,MSTR,183.34
2024-10-11,MSTR,212.59
2024-10-14,MSTR,201.67
2024-10-15,MSTR,194.31
2024-10-16,MSTR,194.09
2024-10-17,MSTR,193.42
2024-10-18,MSTR,215.86
2024-10-21,MSTR,219.05
2024-10-22,MSTR,219.7
2024-10-23,MSTR,213.95
2024-10-24,MSTR,235.89
2024-10-25,MSTR,234.34
2024-10-28,MSTR,255.34
2024-10-29,MSTR,258.24
2024-10-30,MSTR,247.31
2024-10-31,MSTR,244.5
2024-11-01,MSTR,229.71
2024-11-04,MSTR,222.99
2024-11-05,MSTR,227.8
2024-11-06,MSTR,257.81
2024-11-07,MSTR,270.81
2024-11-08,MSTR,270.42
2024-11-11,MSTR,340.0
2024-11-12,MSTR,356.59
2024-11-13,MSTR,328.38
2024-11-14,MSTR,327.67
2024-11-15,MSTR,340.65
2024-11-18,MSTR,384.79
2024-11-19,MSTR,430.54
2024-11-20,MSTR,473.83
2024-11-21,MSTR,397.28
2024-11-22,MSTR,421.88
2024-11-25,MSTR,403.45
2024-11-26,MSTR,353.69
2024-11-27,MSTR,388.84
2024-11-29,MSTR,387.47
2024-12-02,MSTR,380.3
2024-12-03,MSTR,373.43
2024-12-04,MSTR,406.0
2024-12-05,MSTR,386.4
2024-12-06,MSTR,395.01
2024-12-09,MSTR,365.34
2024-12-10,MSTR,377.32
2024-12-11,MSTR,411.4
2024-12-12,MSTR,392.19
2024-12-13,MSTR,408.67
2024-12-16,MSTR,408.5
2024-12-17,MSTR,386.42
2024-12-18,MSTR,349.64
2024-12-19,MSTR,326.46
2024-12-20,MSTR,364.2
2024-12-23,MSTR,332.23
2024-12-24,MSTR,358.18
2024-12-26,MSTR,341.05
2024-12-27,MSTR,330.0
2024-12-30,MSTR,302.96
2024-01-02,SPY,462.61
2024-01-03,SPY,458.83
2024-01-04,SPY,457.35
2024-01-05,SPY,457.98
2024-01-08,SPY,464.52
2024-01-09,SPY,463.81
2024-01-10,SPY,466.44
2024-01-11,SPY,466.23
2024-01-12,SPY,466.55
2024-01-16,SPY,464.84
2024-01-17,SPY,462.26
2024-01-18,SPY,466.37
2024-01-19,SPY,472.18
2024-01-22,SPY,473.18
2024-01-23,SPY,474.56
2024-01-24,SPY,475.08
2024-01-25,SPY,477.66
2024-01-26,SPY,477.06
2024-01-29,SPY,480.83
2024-01-30,SPY,480.46
2024-01-31,SPY,472.62
2024-02-01,SPY,478.81
2024-02-02,SPY,483.85
2024-02-05,SPY,482.09
2024-02-06,SPY,483.49
2024-02-07,SPY,487.52
2024-02-08,SPY,487.74
2024-02-09,SPY,490.55
2024-02-12,SPY,490.34
2024-02-13,SPY,483.59
2024-02-14,SPY,487.98
2024-02-15,SPY,491.35
2024-02-16,SPY,488.9
2024-02-20,SPY,486.21
2024-02-21,SPY,486.65
2024-02-22,SPY,496.72
2024-02-23,SPY,497.06
2024-02-26,SPY,495.24
2024-02-27,SPY,496.16
2024-02-28,SPY,495.51
2024-02-29,SPY,497.29
2024-03-01,SPY,501.96
2024-03-04,SPY,501.42
2024-03-05,SPY,496.41
2024-03-06,SPY,498.92
2024-03-07,SPY,503.87
2024-03-08,SPY,500.85
2024-03-11,SPY,500.42
2024-03-12,SPY,505.8
2024-03-13,SPY,505.01
2024-03-14,SPY,504.01
2024-03-15,SPY,500.55
2024-03-18,SPY,503.53
2024-03-19,SPY,506.32
2024-03-20,SPY,511.01
2024-03-21,SPY,512.7
2024-03-22,SPY,511.72
2024-03-25,SPY,510.31
2024-03-26,SPY,509.37
2024-03-27,SPY,513.65
2024-03-28,SPY,513.55
2024-04-01,SPY,512.66
2024-04-02,SPY,509.4
2024-04-03,SPY,509.96
2024-04-04,SPY,503.73
2024-04-05,SPY,508.99
2024-04-08,SPY,509.28
2024-04-09,SPY,509.87
2024-04-10,SPY,504.76
2024-04-11,SPY,508.57
2024-04-12,SPY,501.55
2024-04-15,SPY,495.27
2024-04-16,SPY,494.37
2024-04-17,SPY,491.44
2024-04-18,SPY,490.43
2024-04-19,SPY,486.15
2024-04-22,SPY,490.63
2024-04-23,SPY,496.45
2024-04-24,SPY,496.21
2024-04-25,SPY,494.33
2024-04-26,SPY,499.01
2024-04-29,SPY,500.78
2024-04-30,SPY,492.84
2024-05-01,SPY,491.24
2024-05-02,SPY,495.84
2024-05-03,SPY,501.98
2024-05-06,SPY,507.17
2024-05-07,SPY,507.73
2024-05-08,SPY,507.78
2024-05-09,SPY,510.7
2024-05-10,SPY,511.36
2024-05-13,SPY,511.43
2024-05-14,SPY,513.78
2024-05-15,SPY,520.14
2024-05-16,SPY,519.07
2024-05-17,SPY,519.81
2024-05-20,SPY,520.41
2024-05-21,SPY,521.69
2024-05-22,SPY,520.19
2024-05-23,SPY,516.39
2024-05-24,SPY,519.8
2024-05-28,SPY,520.17
2024-05-29,SPY,516.52
2024-05-30,SPY,513.1
2024-05-31,SPY,517.77
2024-06-03,SPY,518.19
2024-06-04,SPY,518.77
2024-06-05,SPY,524.94
2024-06-06,SPY,524.93
2024-06-07,SPY,524.29
2024-06-10,SPY,525.91
2024-06-11,SPY,527.18
2024-06-12,SPY,531.51
2024-06-13,SPY,532.58
2024-06-14,SPY,532.9
2024-06-17,SPY,537.14
2024-06-18,SPY,538.51
2024-06-20,SPY,537.04
2024-06-21,SPY,536.32
2024-06-24,SPY,534.58
2024-06-25,SPY,536.64
2024-06-26,SPY,537.31
2024-06-27,SPY,538.16
2024-06-28,SPY,536.04
2024-07-01,SPY,537.14
2024-07-02,SPY,540.76
2024-07-03,SPY,543.17
2024-07-05,SPY,546.3
2024-07-08,SPY,546.93
2024-07-09,SPY,547.46
2024-07-10,SPY,552.88
2024-07-11,SPY,548.11
2024-07-12,SPY,551.57
2024-07-15,SPY,553.09
2024-07-16,SPY,556.37
2024-07-17,SPY,548.57
2024-07-18,SPY,544.35
2024-07-19,SPY,540.74
2024-07-22,SPY,546.31
2024-07-23,SPY,545.46
2024-07-24,SPY,533.09
2024-07-25,SPY,530.32
2024-07-26,SPY,536.26
2024-07-29,SPY,536.57
2024-07-30,SPY,533.85
2024-07-31,SPY,542.53
2024-08-01,SPY,534.85
2024-08-02,SPY,524.89
2024-08-05,SPY,509.6
2024-08-06,SPY,514.3
2024-08-07,SPY,510.86
2024-08-08,SPY,522.67
2024-08-09,SPY,524.98
2024-08-12,SPY,525.25
2024-08-13,SPY,533.89
2024-08-14,SPY,535.58
2024-08-15,SPY,544.76
2024-08-16,SPY,545.98
2024-08-19,SPY,551.2
2024-08-20,SPY,550.3
2024-08-21,SPY,552.19
2024-08-22,SPY,547.86
2024-08-23,SPY,553.68
2024-08-26,SPY,552.36
2024-08-27,SPY,553.12
2024-08-28,SPY,549.91
2024-08-29,SPY,549.96
2024-08-30,SPY,555.21
2024-09-03,SPY,543.78
2024-09-04,SPY,542.67
2024-09-05,SPY,541.35
2024-09-06,SPY,532.24
2024-09-09,SPY,538.2
2024-09-10,SPY,540.54
2024-09-11,SPY,546.09
2024-09-12,SPY,550.69
2024-09-13,SPY,553.56
2024-09-16,SPY,554.38
2024-09-17,SPY,554.61
2024-09-18,SPY,552.96
2024-09-19,SPY,562.4
2024-09-20,SPY,561.42
2024-09-23,SPY,562.83
2024-09-24,SPY,564.44
2024-09-25,SPY,563.19
2024-09-26,SPY,565.43
2024-09-27,SPY,564.61
2024-09-30,SPY,566.87
2024-10-01,SPY,561.79
2024-10-02,SPY,562.03
2024-10-03,SPY,561.0
2024-10-04,SPY,566.1
2024-10-07,SPY,560.98
2024-10-08,SPY,566.29
2024-10-09,SPY,570.21
2024-10-10,SPY,569.21
2024-10-11,SPY,572.62
2024-10-14,SPY,577.3
2024-10-15,SPY,572.82
2024-10-16,SPY,575.31
2024-10-17,SPY,575.36
2024-10-18,SPY,577.57
2024-10-21,SPY,576.62
2024-10-22,SPY,576.31
2024-10-23,SPY,571.05
2024-10-24,SPY,572.28
2024-10-25,SPY,572.08
2024-10-28,SPY,573.85
2024-10-29,SPY,574.78
2024-10-30,SPY,573.04
2024-10-31,SPY,561.81
2024-11-01,SPY,564.18
2024-11-04,SPY,562.97
2024-11-05,SPY,569.77
2024-11-06,SPY,583.94
2024-11-07,SPY,588.46
2024-11-08,SPY,591.0
2024-11-11,SPY,591.57
2024-11-12,SPY,589.73
2024-11-13,SPY,590.02
2024-11-14,SPY,586.22
2024-11-15,SPY,578.71
2024-11-18,SPY,581.09
2024-11-19,SPY,583.21
2024-11-20,SPY,583.41
2024-11-21,SPY,586.54
2024-11-22,SPY,588.36
2024-11-25,SPY,590.35
2024-11-26,SPY,593.44
2024-11-27,SPY,591.64
2024-11-29,SPY,595.31
2024-12-02,SPY,596.38
2024-12-03,SPY,596.66
2024-12-04,SPY,600.36
2024-12-05,SPY,599.37
2024-12-06,SPY,600.51
2024-12-09,SPY,597.42
2024-12-10,SPY,595.56
2024-12-11,SPY,600.16
2024-12-12,SPY,597.07
2024-12-13,SPY,596.95
2024-12-16,SPY,599.5
2024-12-17,SPY,597.03
2024-12-18,SPY,579.24
2024-12-19,SPY,579.06
2024-12-20,SPY,586.02
2024-12-23,SPY,589.52
2024-12-24,SPY,596.08
2024-12-26,SPY,596.12
2024-12-27,SPY,589.84
2024-12-30,SPY,583.11
2024-01-02,SPOT,188.8
2024-01-03,SPOT,187.94
2024-01-04,SPOT,192.58
2024-01-05,SPOT,193.52
2024-01-08,SPOT,197.25
2024-01-09,SPOT,193.02
2024-01-10,SPOT,196.79
2024-01-11,SPOT,200.82
2024-01-12,SPOT,203.03
2024-01-16,SPOT,203.35
2024-01-17,SPOT,198.68
2024-01-18,SPOT,204.82
2024-01-19,SPOT,204.71
2024-01-22,SPOT,205.67
2024-01-23,SPOT,206.71
2024-01-24,SPOT,211.14
2024-01-25,SPOT,214.18
2024-01-26,SPOT,214.29
2024-01-29,SPOT,218.61
2024-01-30,SPOT,217.62
2024-01-31,SPOT,215.35
2024-02-01,SPOT,218.96
2024-02-02,SPOT,222.47
2024-02-05,SPOT,223.25
2024-02-06,SPOT,231.92
2024-02-07,SPOT,240.83
2024-02-08,SPOT,240.01
2024-02-09,SPOT,240.77
2024-02-12,SPOT,234.68
2024-02-13,SPOT,238.0
2024-02-14,SPOT,244.17
2024-02-15,SPOT,245.51
2024-02-16,SPOT,246.25
2024-02-20,SPOT,243.4
2024-02-21,SPOT,245.09
2024-02-22,SPOT,248.12
2024-02-23,SPOT,256.1
2024-02-26,SPOT,254.99
2024-02-27,SPOT,253.02
2024-02-28,SPOT,252.25
2024-02-29,SPOT,256.41
2024-03-01,SPOT,263.75
2024-03-04,SPOT,270.0
2024-03-05,SPOT,267.0
2024-03-06,SPOT,268.03
2024-03-07,SPOT,270.35
2024-03-08,SPOT,259.4
2024-03-11,SPOT,254.45
2024-03-12,SPOT,258.09
2024-03-13,SPOT,257.26
2024-03-14,SPOT,257.13
2024-03-15,SPOT,254.89
2024-03-18,SPOT,254.15
2024-03-19,SPOT,252.76
2024-03-20,SPOT,261.72
2024-03-21,SPOT,259.64
2024-03-22,SPOT,264.95
2024-03-25,SPOT,261.92
2024-03-26,SPOT,262.81
2024-03-27,SPOT,260.2
2024-03-28,SPOT,263.9
2024-04-01,SPOT,266.43
2024-04-02,SPOT,269.58
2024-04-03,SPOT,291.77
2024-04-04,SPOT,295.96
2024-04-05,SPOT,310.31
2024-04-08,SPOT,309.07
2024-04-09,SPOT,300.73
2024-04-10,SPOT,299.99
2024-04-11,SPOT,303.57
2024-04-12,SPOT,300.45
2024-04-15,SPOT,290.52
2024-04-16,SPOT,298.08
2024-04-17,SPOT,293.58
2024-04-18,SPOT,289.2
2024-04-19,SPOT,275.83
2024-04-22,SPOT,272.24
2024-04-23,SPOT,303.31
2024-04-24,SPOT,281.23
2024-04-25,SPOT,289.02
2024-04-26,SPOT,289.59
2024-04-29,SPOT,286.24
2024-04-30,SPOT,280.44
2024-05-01,SPOT,284.54
2024-05-02,SPOT,294.17
2024-05-03,SPOT,296.07
2024-05-06,SPOT,299.48
2024-05-07,SPOT,298.05
2024-05-08,SPOT,298.65
2024-05-09,SPOT,298.66
2024-05-10,SPOT,294.6
2024-05-13,SPOT,289.71
2024-05-14,SPOT,290.12
2024-05-15,SPOT,303.04
2024-05-16,SPOT,298.12
2024-05-17,SPOT,302.82
2024-05-20,SPOT,308.21
2024-05-21,SPOT,304.93
2024-05-22,SPOT,298.76
2024-05-23,SPOT,300.51
2024-05-24,SPOT,308.16
2024-05-28,SPOT,310.29
2024-05-29,SPOT,307.52
2024-05-30,SPOT,304.69
2024-05-31,SPOT,296.78
2024-06-03,SPOT,313.62
2024-06-04,SPOT,326.68
2024-06-05,SPOT,324.75
2024-06-06,SPOT,319.51
2024-06-07,SPOT,308.21
2024-06-10,SPOT,309.0
2024-06-11,SPOT,310.0
2024-06-12,SPOT,315.49
2024-06-13,SPOT,306.01
2024-06-14,SPOT,313.02
2024-06-17,SPOT,311.22
2024-06-18,SPOT,309.9
2024-06-20,SPOT,313.89
2024-06-21,SPOT,317.74
2024-06-24,SPOT,314.99
2024-06-25,SPOT,321.28
2024-06-26,SPOT,318.96
2024-06-27,SPOT,315.38
2024-06-28,SPOT,313.79
2024-07-01,SPOT,313.84
2024-07-02,SPOT,315.55
2024-07-03,SPOT,314.8
2024-07-05,SPOT,316.85
2024-07-08,SPOT,313.71
2024-07-09,SPOT,311.55
2024-07-10,SPOT,304.99
2024-07-11,SPOT,300.98
2024-07-12,SPOT,302.27
2024-07-15,SPOT,302.15
2024-07-16,SPOT,298.5
2024-07-17,SPOT,294.74
2024-07-18,SPOT,290.16
2024-07-19,SPOT,295.09
2024-07-22,SPOT,295.45
2024-07-23,SPOT,330.79
2024-07-24,SPOT,336.52
2024-07-25,SPOT,328.95
2024-07-26,SPOT,321.88
2024-07-29,SPOT,323.74
2024-07-30,SPOT,330.35
2024-07-31,SPOT,343.94
2024-08-01,SPOT,336.5
2024-08-02,SPOT,330.85
2024-08-05,SPOT,324.03
2024-08-06,SPOT,327.3
2024-08-07,SPOT,323.34
2024-08-08,SPOT,338.32
2024-08-09,SPOT,339.9
2024-08-12,SPOT,340.36
2024-08-13,SPOT,334.74
2024-08-14,SPOT,334.35
2024-08-15,SPOT,335.59
2024-08-16,SPOT,337.38
2024-08-19,SPOT,344.69
2024-08-20,SPOT,346.28
2024-08-21,SPOT,343.69
2024-08-22,SPOT,342.2
2024-08-23,SPOT,342.49
2024-08-26,SPOT,336.07
2024-08-27,SPOT,339.47
2024-08-28,SPOT,337.56
2024-08-29,SPOT,340.73
2024-08-30,SPOT,342.88
2024-09-03,SPOT,328.6
2024-09-04,SPOT,329.25
2024-09-05,SPOT,328.63
2024-09-06,SPOT,322.77
2024-09-09,SPOT,324.07
2024-09-10,SPOT,327.0
2024-09-11,SPOT,336.66
2024-09-12,SPOT,337.51
2024-09-13,SPOT,337.9
2024-09-16,SPOT,338.83
2024-09-17,SPOT,342.15
2024-09-18,SPOT,343.97
2024-09-19,SPOT,360.22
2024-09-20,SPOT,365.17
2024-09-23,SPOT,369.01
2024-09-24,SPOT,380.36
2024-09-25,SPOT,383.96
2024-09-26,SPOT,379.16
2024-09-27,SPOT,369.2
2024-09-30,SPOT,368.53
2024-10-01,SPOT,375.4
2024-10-02,SPOT,374.75
2024-10-03,SPOT,372.6
2024-10-04,SPOT,371.45
2024-10-07,SPOT,362.95
2024-10-08,SPOT,370.38
2024-10-09,SPOT,373.98
2024-10-10,SPOT,378.0
2024-10-11,SPOT,373.7
2024-10-14,SPOT,372.5
2024-10-15,SPOT,372.6
2024-10-16,SPOT,371.69
2024-10-17,SPOT,366.75
2024-10-18,SPOT,378.88
2024-10-21,SPOT,381.97
2024-10-22,SPOT,387.63
2024-10-23,SPOT,379.84
2024-10-24,SPOT,376.87
2024-10-25,SPOT,379.16
2024-10-28,SPOT,384.36
2024-10-29,SPOT,391.23
2024-10-30,SPOT,394.02
2024-10-31,SPOT,385.1
2024-11-01,SPOT,384.5
2024-11-04,SPOT,377.73
2024-11-05,SPOT,382.63
2024-11-06,SPOT,391.16
2024-11-07,SPOT,399.84
2024-11-08,SPOT,400.68
2024-11-11,SPOT,410.19
2024-11-12,SPOT,419.39
2024-11-13,SPOT,467.37
2024-11-14,SPOT,477.5
2024-11-15,SPOT,458.32
2024-11-18,SPOT,454.36
2024-11-19,SPOT,463.83
2024-11-20,SPOT,470.01
2024-11-21,SPOT,470.7
2024-11-22,SPOT,475.04
2024-11-25,SPOT,481.38
2024-11-26,SPOT,476.61
2024-11-27,SPOT,475.24
2024-11-29,SPOT,476.96
2024-12-02,SPOT,480.27
2024-12-03,SPOT,493.32
2024-12-04,SPOT,502.38
2024-12-05,SPOT,493.51
2024-12-06,SPOT,498.63
2024-12-09,SPOT,482.52
2024-12-10,SPOT,471.58
2024-12-11,SPOT,476.91
2024-12-12,SPOT,480.11
2024-12-13,SPOT,483.31
2024-12-16,SPOT,484.9
2024-12-17,SPOT,474.37
2024-12-18,SPOT,448.65
2024-12-19,SPOT,454.16
2024-12-20,SPOT,460.88
2024-12-23,SPOT,456.29
2024-12-24,SPOT,461.64
2024-12-26,SPOT,457.98
2024-12-27,SPOT,456.48
2024-12-30,SPOT,451.79
2024-01-02,QQQ,398.71
2024-01-03,QQQ,394.49
2024-01-04,QQQ,392.46
2024-01-05,QQQ,392.92
2024-01-08,QQQ,401.04
2024-01-09,QQQ,401.83
2024-01-10,QQQ,404.56
2024-01-11,QQQ,405.4
2024-01-12,QQQ,405.61
2024-01-16,QQQ,405.57
2024-01-17,QQQ,403.28
2024-01-18,QQQ,409.0
2024-01-19,QQQ,417.12
2024-01-22,QQQ,417.66
2024-01-23,QQQ,419.39
2024-01-24,QQQ,421.72
2024-01-25,QQQ,422.24
2024-01-26,QQQ,419.72
2024-01-29,QQQ,424.02
2024-01-30,QQQ,421.2
2024-01-31,QQQ,412.95
2024-02-01,QQQ,417.81
2024-02-02,QQQ,424.87
2024-02-05,QQQ,424.32
2024-02-06,QQQ,423.46
2024-02-07,QQQ,427.82
2024-02-08,QQQ,428.61
2024-02-09,QQQ,432.83
2024-02-12,QQQ,431.14
2024-02-13,QQQ,424.41
2024-02-14,QQQ,429.04
2024-02-15,QQQ,430.32
2024-02-16,QQQ,426.42
2024-02-20,QQQ,423.2
2024-02-21,QQQ,421.5
2024-02-22,QQQ,433.84
2024-02-23,QQQ,432.57
2024-02-26,QQQ,432.34
2024-02-27,QQQ,433.38
2024-02-28,QQQ,431.07
2024-02-29,QQQ,434.76
2024-03-01,QQQ,441.31
2024-03-04,QQQ,439.74
2024-03-05,QQQ,431.84
2024-03-06,QQQ,434.56
2024-03-07,QQQ,441.15
2024-03-08,QQQ,434.78
2024-03-11,QQQ,433.17
2024-03-12,QQQ,439.38
2024-03-13,QQQ,436.0
2024-03-14,QQQ,434.9
2024-03-15,QQQ,429.73
2024-03-18,QQQ,433.83
2024-03-19,QQQ,434.91
2024-03-20,QQQ,440.07
2024-03-21,QQQ,442.15
2024-03-22,QQQ,442.66
2024-03-25,QQQ,441.05
2024-03-26,QQQ,439.62
2024-03-27,QQQ,441.12
2024-03-28,QQQ,440.31
2024-04-01,QQQ,441.24
2024-04-02,QQQ,437.43
2024-04-03,QQQ,438.41
2024-04-04,QQQ,431.71
2024-04-05,QQQ,436.8
2024-04-08,QQQ,436.93
2024-04-09,QQQ,438.54
2024-04-10,QQQ,434.71
2024-04-11,QQQ,441.66
2024-04-12,QQQ,434.61
2024-04-15,QQQ,427.47
2024-04-16,QQQ,427.5
2024-04-17,QQQ,422.29
2024-04-18,QQQ,419.88
2024-04-19,QQQ,411.19
2024-04-22,QQQ,415.33
2024-04-23,QQQ,421.52
2024-04-24,QQQ,422.95
2024-04-25,QQQ,420.91
2024-04-26,QQQ,427.41
2024-04-29,QQQ,429.14
2024-04-30,QQQ,421.05
2024-05-01,QQQ,418.0
2024-05-02,QQQ,423.34
2024-05-03,QQQ,431.85
2024-05-06,QQQ,436.58
2024-05-07,QQQ,436.65
2024-05-08,QQQ,436.39
2024-05-09,QQQ,437.34
2024-05-10,QQQ,438.37
2024-05-13,QQQ,439.38
2024-05-14,QQQ,442.21
2024-05-15,QQQ,449.12
2024-05-16,QQQ,448.21
2024-05-17,QQQ,447.99
2024-05-20,QQQ,451.12
2024-05-21,QQQ,452.0
2024-05-22,QQQ,451.91
2024-05-23,QQQ,449.88
2024-05-24,QQQ,454.13
2024-05-28,QQQ,455.85
2024-05-29,QQQ,452.63
2024-05-30,QQQ,447.78
2024-05-31,QQQ,446.95
2024-06-03,QQQ,449.35
2024-06-04,QQQ,450.58
2024-06-05,QQQ,459.66
2024-06-06,QQQ,459.51
2024-06-07,QQQ,459.1
2024-06-10,QQQ,460.95
2024-06-11,QQQ,464.12
2024-06-12,QQQ,470.2
2024-06-13,QQQ,472.74
2024-06-14,QQQ,475.19
2024-06-17,QQQ,481.01
2024-06-18,QQQ,481.16
2024-06-20,QQQ,477.45
2024-06-21,QQQ,476.18
2024-06-24,QQQ,470.75
2024-06-25,QQQ,476.14
2024-06-26,QQQ,477.12
2024-06-27,QQQ,478.35
2024-06-28,QQQ,475.87
2024-07-01,QQQ,478.66
2024-07-02,QQQ,483.69
2024-07-03,QQQ,487.72
2024-07-05,QQQ,492.8
2024-07-08,QQQ,493.98
2024-07-09,QQQ,494.4
2024-07-10,QQQ,499.56
2024-07-11,QQQ,488.6
2024-07-12,QQQ,491.47
2024-07-15,QQQ,492.79
2024-07-16,QQQ,492.98
2024-07-17,QQQ,478.51
2024-07-18,QQQ,476.25
2024-07-19,QQQ,472.03
2024-07-22,QQQ,479.06
2024-07-23,QQQ,477.37
2024-07-24,QQQ,460.25
2024-07-25,QQQ,455.17
2024-07-26,QQQ,459.84
2024-07-29,QQQ,460.76
2024-07-30,QQQ,454.44
2024-07-31,QQQ,467.88
2024-08-01,QQQ,456.55
2024-08-02,QQQ,445.71
2024-08-05,QQQ,432.43
2024-08-06,QQQ,436.56
2024-08-07,QQQ,431.83
2024-08-08,QQQ,445.04
2024-08-09,QQQ,447.36
2024-08-12,QQQ,448.33
2024-08-13,QQQ,459.45
2024-08-14,QQQ,459.6
2024-08-15,QQQ,471.21
2024-08-16,QQQ,471.82
2024-08-19,QQQ,478.01
2024-08-20,QQQ,477.01
2024-08-21,QQQ,479.24
2024-08-22,QQQ,471.64
2024-08-23,QQQ,476.75
2024-08-26,QQQ,472.12
2024-08-27,QQQ,473.54
2024-08-28,QQQ,468.16
2024-08-29,QQQ,467.48
2024-08-30,QQQ,473.05
2024-09-03,QQQ,458.69
2024-09-04,QQQ,457.49
2024-09-05,QQQ,457.92
2024-09-06,QQQ,445.66
2024-09-09,QQQ,451.39
2024-09-10,QQQ,455.56
2024-09-11,QQQ,465.45
2024-09-12,QQQ,470.02
2024-09-13,QQQ,472.12
2024-09-16,QQQ,470.04
2024-09-17,QQQ,470.29
2024-09-18,QQQ,468.25
2024-09-19,QQQ,480.09
2024-09-20,QQQ,479.18
2024-09-23,QQQ,480.45
2024-09-24,QQQ,482.76
2024-09-25,QQQ,483.21
2024-09-26,QQQ,486.84
2024-09-27,QQQ,484.14
2024-09-30,QQQ,485.45
2024-10-01,QQQ,478.69
2024-10-02,QQQ,479.36
2024-10-03,QQQ,479.0
2024-10-04,QQQ,484.7
2024-10-07,QQQ,479.51
2024-10-08,QQQ,486.67
2024-10-09,QQQ,490.5
2024-10-10,QQQ,489.95
2024-10-11,QQQ,490.71
2024-10-14,QQQ,494.83
2024-10-15,QQQ,488.22
2024-10-16,QQQ,488.27
2024-10-17,QQQ,488.61
2024-10-18,QQQ,491.82
2024-10-21,QQQ,492.76
2024-10-22,QQQ,493.3
2024-10-23,QQQ,485.74
2024-10-24,QQQ,489.68
2024-10-25,QQQ,492.66
2024-10-28,QQQ,492.74
2024-10-29,QQQ,497.48
2024-10-30,QQQ,493.72
2024-10-31,QQQ,481.25
2024-11-01,QQQ,484.81
2024-11-04,QQQ,483.4
2024-11-05,QQQ,489.57
2024-11-06,QQQ,502.87
2024-11-07,QQQ,510.78
2024-11-08,QQQ,511.38
2024-11-11,QQQ,511.08
2024-11-12,QQQ,510.16
2024-11-13,QQQ,509.5
2024-11-14,QQQ,505.96
2024-11-15,QQQ,493.9
2024-11-18,QQQ,497.34
2024-11-19,QQQ,500.76
2024-11-20,QQQ,500.47
2024-11-21,QQQ,502.27
2024-11-22,QQQ,503.07
2024-11-25,QQQ,503.87
2024-11-26,QQQ,506.58
2024-11-27,QQQ,502.59
2024-11-29,QQQ,507.0
2024-12-02,QQQ,512.52
2024-12-03,QQQ,514.1
2024-12-04,QQQ,520.45
2024-12-05,QQQ,519.01
2024-12-06,QQQ,523.65
2024-12-09,QQQ,519.58
2024-12-10,QQQ,517.81
2024-12-11,QQQ,527.08
2024-12-12,QQQ,523.67
2024-12-13,QQQ,527.68
2024-12-16,QQQ,535.28
2024-12-17,QQQ,532.92
2024-12-18,QQQ,513.7
2024-12-19,QQQ,511.41
2024-12-20,QQQ,515.88
2024-12-23,QQQ,520.9
2024-12-24,QQQ,527.97
2024-12-26,QQQ,527.61
2024-12-27,QQQ,520.59
2024-12-30,QQQ,513.67
2024-01-02,KO,56.78
2024-01-03,KO,56.91
2024-01-04,KO,56.72
2024-01-05,KO,56.64
2024-01-08,KO,57.05
2024-01-09,KO,56.95
2024-01-10,KO,57.14
2024-01-11,KO,56.77
2024-01-12,KO,57.32
2024-01-16,KO,56.94
2024-01-17,KO,56.94
2024-01-18,KO,57.1
2024-01-19,KO,56.79
2024-01-22,KO,56.54
2024-01-23,KO,56.81
2024-01-24,KO,55.92
2024-01-25,KO,56.15
2024-01-26,KO,56.35
2024-01-29,KO,56.69
2024-01-30,KO,56.86
2024-01-31,KO,56.47
2024-02-01,KO,57.88
2024-02-02,KO,57.46
2024-02-05,KO,56.99
2024-02-06,KO,56.89
2024-02-07,KO,56.94
2024-02-08,KO,56.79
2024-02-09,KO,56.53
2024-02-12,KO,56.67
2024-02-13,KO,56.33
2024-02-14,KO,56.28
2024-02-15,KO,56.38
2024-02-16,KO,56.37
2024-02-20,KO,57.61
2024-02-21,KO,58.13
2024-02-22,KO,58.04
2024-02-23,KO,58.09
2024-02-26,KO,57.62
2024-02-27,KO,57.27
2024-02-28,KO,57.33
2024-02-29,KO,56.97
2024-03-01,KO,56.5
2024-03-04,KO,56.77
2024-03-05,KO,56.49
2024-03-06,KO,56.52
2024-03-07,KO,56.42
2024-03-08,KO,56.49
2024-03-11,KO,57.18
2024-03-12,KO,57.43
2024-03-13,KO,58.01
2024-03-14,KO,57.88
2024-03-15,KO,57.29
2024-03-18,KO,57.53
2024-03-19,KO,57.63
2024-03-20,KO,58.12
2024-03-21,KO,57.86
2024-03-22,KO,57.87
2024-03-25,KO,57.79
2024-03-26,KO,57.92
2024-03-27,KO,58.39
2024-03-28,KO,58.54
2024-04-01,KO,58.06
2024-04-02,KO,57.55
2024-04-03,KO,57.24
2024-04-04,KO,56.74
2024-04-05,KO,56.94
2024-04-08,KO,56.71
2024-04-09,KO,57.14
2024-04-10,KO,56.37
2024-04-11,KO,56.5
2024-04-12,KO,55.76
2024-04-15,KO,55.63
2024-04-16,KO,55.55
2024-04-17,KO,55.98
2024-04-18,KO,56.36
2024-04-19,KO,57.57
2024-04-22,KO,57.93
2024-04-23,KO,58.02
2024-04-24,KO,58.89
2024-04-25,KO,59.07
2024-04-26,KO,59.07
2024-04-29,KO,59.36
2024-04-30,KO,59.1
2024-05-01,KO,59.25
2024-05-02,KO,59.31
2024-05-03,KO,59.48
2024-05-06,KO,59.65
2024-05-07,KO,59.91
2024-05-08,KO,60.13
2024-05-09,KO,60.16
2024-05-10,KO,60.53
2024-05-13,KO,60.83
2024-05-14,KO,60.37
2024-05-15,KO,60.4
2024-05-16,KO,60.58
2024-05-17,KO,60.31
2024-05-20,KO,59.86
2024-05-21,KO,60.19
2024-05-22,KO,60.28
2024-05-23,KO,59.41
2024-05-24,KO,59.32
2024-05-28,KO,59.15
2024-05-29,KO,59.03
2024-05-30,KO,59.29
2024-05-31,KO,60.21
2024-06-03,KO,60.21
2024-06-04,KO,61.18
2024-06-05,KO,61.16
2024-06-06,KO,61.38
2024-06-07,KO,61.15
2024-06-10,KO,60.84
2024-06-11,KO,60.8
2024-06-12,KO,60.16
2024-06-13,KO,60.27
2024-06-14,KO,60.31
2024-06-17,KO,60.38
2024-06-18,KO,60.39
2024-06-20,KO,59.95
2024-06-21,KO,60.52
2024-06-24,KO,61.68
2024-06-25,KO,61.55
2024-06-26,KO,61.76
2024-06-27,KO,61.62
2024-06-28,KO,61.37
2024-07-01,KO,61.01
2024-07-02,KO,60.89
2024-07-03,KO,61.06
2024-07-05,KO,61.48
2024-07-08,KO,60.71
2024-07-09,KO,60.45
2024-07-10,KO,60.58
2024-07-11,KO,60.84
2024-07-12,KO,61.42
2024-07-15,KO,61.14
2024-07-16,KO,61.97
2024-07-17,KO,62.87
2024-07-18,KO,62.86
2024-07-19,KO,62.95
2024-07-22,KO,62.45
2024-07-23,KO,62.63
2024-07-24,KO,63.45
2024-07-25,KO,63.7
2024-07-26,KO,64.65
2024-07-29,KO,64.44
2024-07-30,KO,65.26
2024-07-31,KO,64.35
2024-08-01,KO,65.53
2024-08-02,KO,66.85
2024-08-05,KO,65.66
2024-08-06,KO,65.61
2024-08-07,KO,66.01
2024-08-08,KO,66.27
2024-08-09,KO,66.22
2024-08-12,KO,65.73
2024-08-13,KO,66.01
2024-08-14,KO,66.12
2024-08-15,KO,66.19
2024-08-16,KO,66.7
2024-08-19,KO,66.51
2024-08-20,KO,66.9
2024-08-21,KO,67.08
2024-08-22,KO,66.85
2024-08-23,KO,67.29
2024-08-26,KO,68.3
2024-08-27,KO,68.94
2024-08-28,KO,69.18
2024-08-29,KO,69.47
2024-08-30,KO,69.87
2024-09-03,KO,70.4
2024-09-04,KO,69.96
2024-09-05,KO,68.62
2024-09-06,KO,68.59
2024-09-09,KO,69.28
2024-09-10,KO,68.99
2024-09-11,KO,68.53
2024-09-12,KO,68.68
2024-09-13,KO,69.32
2024-09-16,KO,69.99
2024-09-17,KO,69.7
2024-09-18,KO,69.66
2024-09-19,KO,68.56
2024-09-20,KO,69.55
2024-09-23,KO,69.64
2024-09-24,KO,69.25
2024-09-25,KO,69.36
2024-09-26,KO,69.32
2024-09-27,KO,69.69
2024-09-30,KO,69.76
2024-10-01,KO,69.62
2024-10-02,KO,68.94
2024-10-03,KO,68.46
2024-10-04,KO,68.12
2024-10-07,KO,67.0
2024-10-08,KO,67.16
2024-10-09,KO,67.54
2024-10-10,KO,67.23
2024-10-11,KO,67.54
2024-10-14,KO,68.29
2024-10-15,KO,68.29
2024-10-16,KO,68.51
2024-10-17,KO,67.86
2024-10-18,KO,68.38
2024-10-21,KO,67.42
2024-10-22,KO,67.42
2024-10-23,KO,66.02
2024-10-24,KO,65.33
2024-10-25,KO,64.97
2024-10-28,KO,64.72
2024-10-29,KO,63.65
2024-10-30,KO,64.0
2024-10-31,KO,63.4
2024-11-01,KO,63.11
2024-11-04,KO,63.21
2024-11-05,KO,63.46
2024-11-06,KO,61.84
2024-11-07,KO,61.8
2024-11-08,KO,62.05
2024-11-11,KO,61.51
2024-11-12,KO,61.35
2024-11-13,KO,61.16
2024-11-14,KO,60.72
2024-11-15,KO,59.94
2024-11-18,KO,60.05
2024-11-19,KO,60.76
2024-11-20,KO,61.15
2024-11-21,KO,61.9
2024-11-22,KO,62.05
2024-11-25,KO,62.5
2024-11-26,KO,62.67
2024-11-27,KO,62.55
2024-11-29,KO,62.68
2024-12-02,KO,62.26
2024-12-03,KO,62.13
2024-12-04,KO,60.85
2024-12-05,KO,61.55
2024-12-06,KO,61.16
2024-12-09,KO,61.23
2024-12-10,KO,61.54
2024-12-11,KO,61.27
2024-12-12,KO,62.45
2024-12-13,KO,61.74
2024-12-16,KO,61.18
2024-12-17,KO,62.02
2024-12-18,KO,61.48
2024-12-19,KO,61.09
2024-12-20,KO,61.18
2024-12-23,KO,61.02
2024-12-24,KO,61.47
2024-12-26,KO,61.2
2024-12-27,KO,61.09
2024-12-30,KO,60.68
2024-01-02,DIA,366.34
2024-01-03,DIA,363.54
2024-01-04,DIA,363.86
2024-01-05,DIA,363.96
2024-01-08,DIA,366.09
2024-01-09,DIA,364.48
2024-01-10,DIA,366.2
2024-01-11,DIA,366.41
2024-01-12,DIA,365.19
2024-01-16,DIA,363.0
2024-01-17,DIA,362.09
2024-01-18,DIA,364.12
2024-01-19,DIA,368.01
2024-01-22,DIA,369.44
2024-01-23,DIA,368.44
2024-01-24,DIA,367.52
2024-01-25,DIA,369.84
2024-01-26,DIA,370.43
2024-01-29,DIA,372.59
2024-01-30,DIA,373.74
2024-01-31,DIA,370.7
2024-02-01,DIA,374.33
2024-02-02,DIA,375.61
2024-02-05,DIA,372.85
2024-02-06,DIA,374.31
2024-02-07,DIA,375.86
2024-02-08,DIA,376.52
2024-02-09,DIA,375.91
2024-02-12,DIA,377.26
2024-02-13,DIA,372.11
2024-02-14,DIA,373.54
2024-02-15,DIA,377.39
2024-02-16,DIA,375.98
2024-02-20,DIA,375.5
2024-02-21,DIA,375.85
2024-02-22,DIA,380.22
2024-02-23,DIA,380.94
2024-02-26,DIA,380.38
2024-02-27,DIA,379.36
2024-02-28,DIA,379.3
2024-02-29,DIA,379.64
2024-03-01,DIA,380.97
2024-03-04,DIA,379.92
2024-03-05,DIA,375.98
2024-03-06,DIA,376.95
2024-03-07,DIA,378.18
2024-03-08,DIA,377.73
2024-03-11,DIA,378.15
2024-03-12,DIA,380.46
2024-03-13,DIA,380.88
2024-03-14,DIA,379.76
2024-03-15,DIA,377.67
2024-03-18,DIA,378.39
2024-03-19,DIA,381.48
2024-03-20,DIA,385.47
2024-03-21,DIA,388.17
2024-03-22,DIA,385.02
2024-03-25,DIA,383.48
2024-03-26,DIA,383.38
2024-03-27,DIA,387.98
2024-03-28,DIA,388.18
2024-04-01,DIA,385.8
2024-04-02,DIA,382.19
2024-04-03,DIA,381.83
2024-04-04,DIA,376.72
2024-04-05,DIA,379.49
2024-04-08,DIA,379.72
2024-04-09,DIA,379.47
2024-04-10,DIA,375.24
2024-04-11,DIA,375.27
2024-04-12,DIA,370.72
2024-04-15,DIA,368.22
2024-04-16,DIA,368.87
2024-04-17,DIA,368.35
2024-04-18,DIA,368.74
2024-04-19,DIA,370.84
2024-04-22,DIA,373.35
2024-04-23,DIA,375.94
2024-04-24,DIA,375.37
2024-04-25,DIA,371.94
2024-04-26,DIA,373.29
2024-04-29,DIA,374.75
2024-04-30,DIA,369.21
2024-05-01,DIA,369.95
2024-05-02,DIA,373.21
2024-05-03,DIA,377.65
2024-05-06,DIA,379.29
2024-05-07,DIA,379.57
2024-05-08,DIA,381.27
2024-05-09,DIA,384.71
2024-05-10,DIA,385.86
2024-05-13,DIA,385.16
2024-05-14,DIA,386.25
2024-05-15,DIA,389.86
2024-05-16,DIA,389.79
2024-05-17,DIA,391.1
2024-05-20,DIA,389.29
2024-05-21,DIA,389.95
2024-05-22,DIA,387.88
2024-05-23,DIA,382.01
2024-05-24,DIA,381.99
2024-05-28,DIA,380.0
2024-05-29,DIA,376.07
2024-05-30,DIA,373.04
2024-05-31,DIA,378.95
2024-06-03,DIA,377.69
2024-06-04,DIA,378.93
2024-06-05,DIA,379.93
2024-06-06,DIA,380.71
2024-06-07,DIA,379.89
2024-06-10,DIA,380.67
2024-06-11,DIA,379.38
2024-06-12,DIA,379.11
2024-06-13,DIA,378.32
2024-06-14,DIA,377.91
2024-06-17,DIA,379.98
2024-06-18,DIA,380.53
2024-06-20,DIA,383.39
2024-06-21,DIA,383.53
2024-06-24,DIA,386.12
2024-06-25,DIA,383.22
2024-06-26,DIA,383.44
2024-06-27,DIA,383.75
2024-06-28,DIA,383.33
2024-07-01,DIA,383.65
2024-07-02,DIA,385.45
2024-07-03,DIA,384.99
2024-07-05,DIA,385.85
2024-07-08,DIA,385.61
2024-07-09,DIA,385.1
2024-07-10,DIA,389.34
2024-07-11,DIA,389.7
2024-07-12,DIA,392.34
2024-07-15,DIA,394.33
2024-07-16,DIA,401.49
2024-07-17,DIA,403.71
2024-07-18,DIA,398.61
2024-07-19,DIA,395.1
2024-07-22,DIA,396.28
2024-07-23,DIA,395.63
2024-07-24,DIA,390.9
2024-07-25,DIA,391.71
2024-07-26,DIA,398.06
2024-07-29,DIA,397.61
2024-07-30,DIA,399.47
2024-07-31,DIA,400.53
2024-08-01,DIA,395.38
2024-08-02,DIA,389.39
2024-08-05,DIA,379.28
2024-08-06,DIA,382.36
2024-08-07,DIA,380.22
2024-08-08,DIA,386.84
2024-08-09,DIA,387.45
2024-08-12,DIA,386.1
2024-08-13,DIA,390.04
2024-08-14,DIA,392.3
2024-08-15,DIA,397.97
2024-08-16,DIA,399.14
2024-08-19,DIA,401.46
2024-08-20,DIA,400.93
2024-08-21,DIA,401.35
2024-08-22,DIA,399.87
2024-08-23,DIA,404.13
2024-08-26,DIA,405.01
2024-08-27,DIA,405.17
2024-08-28,DIA,403.65
2024-08-29,DIA,406.18
2024-08-30,DIA,408.43
2024-09-03,DIA,402.58
2024-09-04,DIA,402.75
2024-09-05,DIA,400.83
2024-09-06,DIA,396.91
2024-09-09,DIA,401.41
2024-09-10,DIA,400.63
2024-09-11,DIA,401.62
2024-09-12,DIA,404.27
2024-09-13,DIA,407.19
2024-09-16,DIA,409.58
2024-09-17,DIA,409.46
2024-09-18,DIA,408.41
2024-09-19,DIA,413.53
2024-09-20,DIA,413.94
2024-09-23,DIA,414.47
2024-09-24,DIA,415.47
2024-09-25,DIA,412.51
2024-09-26,DIA,414.97
2024-09-27,DIA,416.28
2024-09-30,DIA,416.45
2024-10-01,DIA,414.85
2024-10-02,DIA,415.26
2024-10-03,DIA,413.36
2024-10-04,DIA,416.73
2024-10-07,DIA,412.99
2024-10-08,DIA,414.16
2024-10-09,DIA,418.35
2024-10-10,DIA,417.96
2024-10-11,DIA,421.97
2024-10-14,DIA,424.09
2024-10-15,DIA,420.8
2024-10-16,DIA,423.93
2024-10-17,DIA,425.63
2024-10-18,DIA,425.96
2024-10-21,DIA,422.74
2024-10-22,DIA,422.68
2024-10-23,DIA,418.6
2024-10-24,DIA,417.24
2024-10-25,DIA,414.64
2024-10-28,DIA,417.53
2024-10-29,DIA,415.98
2024-10-30,DIA,415.24
2024-10-31,DIA,411.22
2024-11-01,DIA,413.93
2024-11-04,DIA,411.6
2024-11-05,DIA,415.78
2024-11-06,DIA,430.48
2024-11-07,DIA,430.64
2024-11-08,DIA,433.32
2024-11-11,DIA,436.17
2024-11-12,DIA,432.61
2024-11-13,DIA,433.02
2024-11-14,DIA,430.94
2024-11-15,DIA,428.06
2024-11-18,DIA,427.75
2024-11-19,DIA,426.42
2024-11-20,DIA,427.85
2024-11-21,DIA,432.46
2024-11-22,DIA,436.59
2024-11-25,DIA,440.92
2024-11-26,DIA,442.22
2024-11-27,DIA,441.1
2024-11-29,DIA,443.41
2024-12-02,DIA,442.08
2024-12-03,DIA,441.25
2024-12-04,DIA,444.25
2024-12-05,DIA,442.01
2024-12-06,DIA,440.52
2024-12-09,DIA,438.48
2024-12-10,DIA,437.11
2024-12-11,DIA,435.95
2024-12-12,DIA,433.74
2024-12-13,DIA,432.85
2024-12-16,DIA,431.87
2024-12-17,DIA,429.11
2024-12-18,DIA,417.93
2024-12-19,DIA,418.23
2024-12-20,DIA,423.4
2024-12-23,DIA,423.75
2024-12-24,DIA,427.32
2024-12-26,DIA,428.02
2024-12-27,DIA,424.84
2024-12-30,DIA,420.67
2024-01-02,META,344.17
2024-01-03,META,342.36
2024-01-04,META,344.99
2024-01-05,META,349.79
2024-01-08,META,356.46
2024-01-09,META,355.24
2024-01-10,META,368.2
2024-01-11,META,367.41
2024-01-12,META,372.2
2024-01-16,META,365.21
2024-01-17,META,366.11
2024-01-18,META,373.83
2024-01-19,META,381.1
2024-01-22,META,379.44
2024-01-23,META,382.84
2024-01-24,META,388.31
2024-01-25,META,390.77
2024-01-26,META,391.73
2024-01-29,META,398.56
2024-01-30,META,397.61
2024-01-31,META,387.75
2024-02-01,META,392.36
2024-02-02,META,472.08
2024-02-05,META,456.6
2024-02-06,META,451.93
2024-02-07,META,466.71
2024-02-08,META,467.12
2024-02-09,META,465.24
2024-02-12,META,466.03
2024-02-13,META,457.3
2024-02-14,META,470.38
2024-02-15,META,481.06
2024-02-16,META,470.42
2024-02-20,META,468.86
2024-02-21,META,465.66
2024-02-22,META,483.66
2024-02-23,META,481.57
2024-02-26,META,479.3
2024-02-27,META,484.58
2024-02-28,META,481.56
2024-02-29,META,487.64
2024-03-01,META,499.75
2024-03-04,META,495.66
2024-03-05,META,487.73
2024-03-06,META,493.57
2024-03-07,META,509.59
2024-03-08,META,503.38
2024-03-11,META,481.14
2024-03-12,META,497.22
2024-03-13,META,493.06
2024-03-14,META,489.34
2024-03-15,META,481.64
2024-03-18,META,494.46
2024-03-19,META,493.72
2024-03-20,META,502.96
2024-03-21,META,505.18
2024-03-22,META,507.0
2024-03-25,META,500.47
2024-03-26,META,493.37
2024-03-27,META,491.35
2024-03-28,META,483.12
2024-04-01,META,488.86
2024-04-02,META,494.85
2024-04-03,META,504.17
2024-04-04,META,508.33
2024-04-05,META,524.67
2024-04-08,META,516.62
2024-04-09,META,514.28
2024-04-10,META,517.19
2024-04-11,META,520.51
2024-04-12,META,509.3
2024-04-15,META,497.69
2024-04-16,META,497.23
2024-04-17,META,491.66
2024-04-18,META,499.25
2024-04-19,META,478.63
2024-04-22,META,479.29
2024-04-23,META,493.58
2024-04-24,META,491.0
2024-04-25,META,439.14
2024-04-26,META,441.04
2024-04-29,META,430.43
2024-04-30,META,427.99
2024-05-01,META,436.96
2024-05-02,META,439.44
2024-05-03,META,449.67
2024-05-06,META,463.32
2024-05-07,META,465.86
2024-05-08,META,470.2
2024-05-09,META,473.01
2024-05-10,META,473.78
2024-05-13,META,465.64
2024-05-14,META,469.46
2024-05-15,META,479.1
2024-05-16,META,470.83
2024-05-17,META,469.52
2024-05-20,META,466.46
2024-05-21,META,462.27
2024-05-22,META,465.41
2024-05-23,META,463.42
2024-05-24,META,475.79
2024-05-28,META,477.49
2024-05-29,META,471.95
2024-05-30,META,464.68
2024-05-31,META,464.46
2024-06-03,META,475.07
2024-06-04,META,474.57
2024-06-05,META,492.55
2024-06-06,META,491.26
2024-06-07,META,490.46
2024-06-10,META,500.05
2024-06-11,META,504.9
2024-06-12,META,506.26
2024-06-13,META,501.54
2024-06-14,META,502.1
2024-06-17,META,504.56
2024-06-18,META,497.45
2024-06-20,META,499.65
2024-06-21,META,492.76
2024-06-24,META,496.87
2024-06-25,META,508.51
2024-06-26,META,511.02
2024-06-27,META,517.44
2024-06-28,META,502.16
2024-07-01,META,502.62
2024-07-02,META,507.42
2024-07-03,META,507.88
2024-07-05,META,537.7
2024-07-08,META,527.16
2024-07-09,META,527.84
2024-07-10,META,532.51
2024-07-11,META,510.61
2024-07-12,META,496.83
2024-07-15,META,494.13
2024-07-16,META,487.79
2024-07-17,META,460.1
2024-07-18,META,473.91
2024-07-19,META,474.84
2024-07-22,META,485.41
2024-07-23,META,486.69
2024-07-24,META,459.39
2024-07-25,META,451.56
2024-07-26,META,463.8
2024-07-29,META,463.81
2024-07-30,META,461.3
2024-07-31,META,472.89
2024-08-01,META,495.71
2024-08-02,META,486.15
2024-08-05,META,473.79
2024-08-06,META,492.07
2024-08-07,META,486.92
2024-08-08,META,507.55
2024-08-09,META,515.66
2024-08-12,META,513.84
2024-08-13,META,526.38
2024-08-14,META,524.61
2024-08-15,META,535.14
2024-08-16,META,525.27
2024-08-19,META,527.12
2024-08-20,META,524.58
2024-08-21,META,532.97
2024-08-22,META,529.76
2024-08-23,META,525.84
2024-08-26,META,518.99
2024-08-27,META,516.98
2024-08-28,META,514.67
2024-08-29,META,516.1
2024-08-30,META,519.18
2024-09-03,META,509.67
2024-09-04,META,510.65
2024-09-05,META,514.75
2024-09-06,META,498.23
2024-09-09,META,502.73
2024-09-10,META,502.73
2024-09-11,META,509.74
2024-09-12,META,523.45
2024-09-13,META,522.48
2024-09-16,META,531.61
2024-09-17,META,534.64
2024-09-18,META,536.26
2024-09-19,META,557.35
2024-09-20,META,559.59
2024-09-23,META,562.64
2024-09-24,META,561.56
2024-09-25,META,566.53
2024-09-26,META,566.06
2024-09-27,META,565.58
2024-09-30,META,570.65
2024-10-01,META,574.66
2024-10-02,META,571.01
2024-10-03,META,580.94
2024-10-04,META,594.07
2024-10-07,META,582.95
2024-10-08,META,591.03
2024-10-09,META,588.66
2024-10-10,META,582.0
2024-10-11,META,588.1
2024-10-14,META,588.57
2024-10-15,META,584.43
2024-10-16,META,574.98
2024-10-17,META,575.12
2024-10-18,META,574.66
2024-10-21,META,573.36
2024-10-22,META,580.19
2024-10-23,META,561.92
2024-10-24,META,566.0
2024-10-25,META,571.45
2024-10-28,META,576.35
2024-10-29,META,591.42
2024-10-30,META,589.94
2024-10-31,META,565.8
2024-11-01,META,565.38
2024-11-04,META,558.92
2024-11-05,META,570.64
2024-11-06,META,570.26
2024-11-07,META,589.85
2024-11-08,META,587.49
2024-11-11,META,581.34
2024-11-12,META,582.99
2024-11-13,META,578.18
2024-11-14,META,575.35
2024-11-15,META,552.34
2024-11-18,META,552.66
2024-11-19,META,559.33
2024-11-20,META,563.75
2024-11-21,META,561.33
2024-11-22,META,557.39
2024-11-25,META,563.34
2024-11-26,META,571.74
2024-11-27,META,567.42
2024-11-29,META,572.52
2024-12-02,META,590.97
2024-12-03,META,611.73
2024-12-04,META,611.86
2024-12-05,META,607.02
2024-12-06,META,621.81
2024-12-09,META,611.65
2024-12-10,META,617.38
2024-12-11,META,630.7
2024-12-12,META,628.81
2024-12-13,META,618.41
2024-12-16,META,622.79
2024-12-17,META,618.0
2024-12-18,META,595.8
2024-12-19,META,594.18
2024-12-20,META,583.89
2024-12-23,META,598.45
2024-12-24,META,606.33
2024-12-26,META,601.94
2024-12-27,META,598.41
2024-12-30,META,589.86
2024-01-02,BRK-B,362.46
2024-01-03,BRK-B,366.75
2024-01-04,BRK-B,363.68
2024-01-05,BRK-B,365.59
2024-01-08,BRK-B,368.18
2024-01-09,BRK-B,366.9
2024-01-10,BRK-B,367.92
2024-01-11,BRK-B,363.34
2024-01-12,BRK-B,363.62
2024-01-16,BRK-B,361.1
2024-01-17,BRK-B,359.29
2024-01-18,BRK-B,362.38
2024-01-19,BRK-B,366.99
2024-01-22,BRK-B,368.06
2024-01-23,BRK-B,372.14
2024-01-24,BRK-B,376.59
2024-01-25,BRK-B,380.85
2024-01-26,BRK-B,385.4
2024-01-29,BRK-B,383.18
2024-01-30,BRK-B,387.15
2024-01-31,BRK-B,383.74
2024-02-01,BRK-B,386.44
2024-02-02,BRK-B,390.75
2024-02-05,BRK-B,390.76
2024-02-06,BRK-B,393.74
2024-02-07,BRK-B,397.66
2024-02-08,BRK-B,397.49
2024-02-09,BRK-B,398.36
2024-02-12,BRK-B,397.71
2024-02-13,BRK-B,394.8
2024-02-14,BRK-B,398.68
2024-02-15,BRK-B,403.45
2024-02-16,BRK-B,405.99
2024-02-20,BRK-B,407.15
2024-02-21,BRK-B,409.25
2024-02-22,BRK-B,415.16
2024-02-23,BRK-B,417.22
2024-02-26,BRK-B,409.14
2024-02-27,BRK-B,408.91
2024-02-28,BRK-B,412.14
2024-02-29,BRK-B,409.4
2024-03-01,BRK-B,407.11
2024-03-04,BRK-B,403.39
2024-03-05,BRK-B,400.74
2024-03-06,BRK-B,403.96
2024-03-07,BRK-B,402.39
2024-03-08,BRK-B,403.15
2024-03-11,BRK-B,404.76
2024-03-12,BRK-B,404.98
2024-03-13,BRK-B,408.13
2024-03-14,BRK-B,406.73
2024-03-15,BRK-B,408.13
2024-03-18,BRK-B,408.41
2024-03-19,BRK-B,411.76
2024-03-20,BRK-B,416.11
2024-03-21,BRK-B,413.78
2024-03-22,BRK-B,411.6
2024-03-25,BRK-B,409.92
2024-03-26,BRK-B,411.57
2024-03-27,BRK-B,416.93
2024-03-28,BRK-B,420.52
2024-04-01,BRK-B,420.2
2024-04-02,BRK-B,418.92
2024-04-03,BRK-B,420.24
2024-04-04,BRK-B,415.32
2024-04-05,BRK-B,418.62
2024-04-08,BRK-B,415.97
2024-04-09,BRK-B,414.69
2024-04-10,BRK-B,409.11
2024-04-11,BRK-B,407.61
2024-04-12,BRK-B,403.26
2024-04-15,BRK-B,400.26
2024-04-16,BRK-B,396.92
2024-04-17,BRK-B,397.74
2024-04-18,BRK-B,399.89
2024-04-19,BRK-B,405.08
2024-04-22,BRK-B,408.78
2024-04-23,BRK-B,408.74
2024-04-24,BRK-B,405.95
2024-04-25,BRK-B,404.91
2024-04-26,BRK-B,402.1
2024-04-29,BRK-B,400.96
2024-04-30,BRK-B,396.73
2024-05-01,BRK-B,398.58
2024-05-02,BRK-B,400.6
2024-05-03,BRK-B,400.87
2024-05-06,BRK-B,404.92
2024-05-07,BRK-B,406.14
2024-05-08,BRK-B,406.37
2024-05-09,BRK-B,408.82
2024-05-10,BRK-B,412.05
2024-05-13,BRK-B,411.22
2024-05-14,BRK-B,410.24
2024-05-15,BRK-B,412.76
2024-05-16,BRK-B,413.12
2024-05-17,BRK-B,416.94
2024-05-20,BRK-B,413.0
2024-05-21,BRK-B,414.37
2024-05-22,BRK-B,413.99
2024-05-23,BRK-B,405.88
2024-05-24,BRK-B,407.41
2024-05-28,BRK-B,403.9
2024-05-29,BRK-B,404.09
2024-05-30,BRK-B,408.61
2024-05-31,BRK-B,414.4
2024-06-03,BRK-B,414.79
2024-06-04,BRK-B,409.53
2024-06-05,BRK-B,409.85
2024-06-06,BRK-B,411.08
2024-06-07,BRK-B,413.72
2024-06-10,BRK-B,410.81
2024-06-11,BRK-B,408.5
2024-06-12,BRK-B,408.77
2024-06-13,BRK-B,405.92
2024-06-14,BRK-B,405.54
2024-06-17,BRK-B,407.32
2024-06-18,BRK-B,407.95
2024-06-20,BRK-B,409.15
2024-06-21,BRK-B,409.62
2024-06-24,BRK-B,413.98
2024-06-25,BRK-B,410.97
2024-06-26,BRK-B,410.26
2024-06-27,BRK-B,407.95
2024-06-28,BRK-B,406.8
2024-07-01,BRK-B,405.19
2024-07-02,BRK-B,407.1
2024-07-03,BRK-B,405.77
2024-07-05,BRK-B,411.17
2024-07-08,BRK-B,409.08
2024-07-09,BRK-B,410.52
2024-07-10,BRK-B,413.79
2024-07-11,BRK-B,418.78
2024-07-12,BRK-B,424.44
2024-07-15,BRK-B,434.42
2024-07-16,BRK-B,438.9
2024-07-17,BRK-B,445.61
2024-07-18,BRK-B,441.82
2024-07-19,BRK-B,434.47
2024-07-22,BRK-B,435.98
2024-07-23,BRK-B,434.01
2024-07-24,BRK-B,432.8
2024-07-25,BRK-B,433.29
2024-07-26,BRK-B,437.66
2024-07-29,BRK-B,438.31
2024-07-30,BRK-B,441.26
2024-07-31,BRK-B,438.5
2024-08-01,BRK-B,431.81
2024-08-02,BRK-B,428.36
2024-08-05,BRK-B,413.72
2024-08-06,BRK-B,422.14
2024-08-07,BRK-B,427.02
2024-08-08,BRK-B,431.54
2024-08-09,BRK-B,431.67
2024-08-12,BRK-B,430.39
2024-08-13,BRK-B,432.41
2024-08-14,BRK-B,438.47
2024-08-15,BRK-B,440.84
2024-08-16,BRK-B,444.51
2024-08-19,BRK-B,448.77
2024-08-20,BRK-B,448.36
2024-08-21,BRK-B,446.6
2024-08-22,BRK-B,449.03
2024-08-23,BRK-B,453.38
2024-08-26,BRK-B,454.49
2024-08-27,BRK-B,460.63
2024-08-28,BRK-B,464.59
2024-08-29,BRK-B,468.37
2024-08-30,BRK-B,475.92
2024-09-03,BRK-B,476.83
2024-09-04,BRK-B,478.57
2024-09-05,BRK-B,464.92
2024-09-06,BRK-B,459.42
2024-09-09,BRK-B,459.61
2024-09-10,BRK-B,458.92
2024-09-11,BRK-B,453.1
2024-09-12,BRK-B,450.87
2024-09-13,BRK-B,447.61
2024-09-16,BRK-B,451.78
2024-09-17,BRK-B,456.68
2024-09-18,BRK-B,456.6
2024-09-19,BRK-B,459.71
2024-09-20,BRK-B,455.31
2024-09-23,BRK-B,454.98
2024-09-24,BRK-B,454.56
2024-09-25,BRK-B,452.36
2024-09-26,BRK-B,454.18
2024-09-27,BRK-B,457.47
2024-09-30,BRK-B,460.26
2024-10-01,BRK-B,457.41
2024-10-02,BRK-B,456.67
2024-10-03,BRK-B,452.96
2024-10-04,BRK-B,461.97
2024-10-07,BRK-B,453.5
2024-10-08,BRK-B,453.8
2024-10-09,BRK-B,455.9
2024-10-10,BRK-B,454.93
2024-10-11,BRK-B,460.21
2024-10-14,BRK-B,459.98
2024-10-15,BRK-B,462.68
2024-10-16,BRK-B,465.69
2024-10-17,BRK-B,465.85
2024-10-18,BRK-B,464.8
2024-10-21,BRK-B,464.16
2024-10-22,BRK-B,461.45
2024-10-23,BRK-B,460.61
2024-10-24,BRK-B,457.77
2024-10-25,BRK-B,454.01
2024-10-28,BRK-B,458.49
2024-10-29,BRK-B,454.62
2024-10-30,BRK-B,454.96
2024-10-31,BRK-B,450.92
2024-11-01,BRK-B,452.14
2024-11-04,BRK-B,442.29
2024-11-05,BRK-B,445.06
2024-11-06,BRK-B,468.9
2024-11-07,BRK-B,460.13
2024-11-08,BRK-B,463.41
2024-11-11,BRK-B,467.36
2024-11-12,BRK-B,466.29
2024-11-13,BRK-B,468.1
2024-11-14,BRK-B,467.7
2024-11-15,BRK-B,470.28
2024-11-18,BRK-B,472.2
2024-11-19,BRK-B,468.86
2024-11-20,BRK-B,468.83
2024-11-21,BRK-B,472.06
2024-11-22,BRK-B,476.57
2024-11-25,BRK-B,477.43
2024-11-26,BRK-B,478.56
2024-11-27,BRK-B,483.08
2024-11-29,BRK-B,483.02
2024-12-02,BRK-B,477.33
2024-12-03,BRK-B,470.19
2024-12-04,BRK-B,468.32
2024-12-05,BRK-B,470.57
2024-12-06,BRK-B,470.5
2024-12-09,BRK-B,463.87
2024-12-10,BRK-B,462.49
2024-12-11,BRK-B,461.39
2024-12-12,BRK-B,458.63
2024-12-13,BRK-B,457.9
2024-12-16,BRK-B,455.2
2024-12-17,BRK-B,455.66
2024-12-18,BRK-B,446.59
2024-12-19,BRK-B,449.34
2024-12-20,BRK-B,453.2
2024-12-23,BRK-B,454.35
2024-12-24,BRK-B,458.66
2024-12-26,BRK-B,459.08
2024-12-27,BRK-B,456.51
2024-12-30,BRK-B,452.16
2024-01-02,PLTR,16.58
2024-01-03,PLTR,16.09
2024-01-04,PLTR,16.25
2024-01-05,PLTR,15.98
2024-01-08,PLTR,16.67
2024-01-09,PLTR,16.39
2024-01-10,PLTR,16.79
2024-01-11,PLTR,16.68
2024-01-12,PLTR,16.76
2024-01-16,PLTR,16.53
2024-01-17,PLTR,16.39
2024-01-18,PLTR,16.4
2024-01-19,PLTR,16.78
2024-01-22,PLTR,17.6
2024-01-23,PLTR,17.33
2024-01-24,PLTR,16.75
2024-01-25,PLTR,16.46
2024-01-26,PLTR,16.35
2024-01-29,PLTR,17.09
2024-01-30,PLTR,16.74
2024-01-31,PLTR,16.09
2024-02-01,PLTR,16.33
2024-02-02,PLTR,17.02
2024-02-05,PLTR,16.72
2024-02-06,PLTR,21.87
2024-02-07,PLTR,23.6
2024-02-08,PLTR,24.51
2024-02-09,PLTR,24.38
2024-02-12,PLTR,25.05
2024-02-13,PLTR,24.01
2024-02-14,PLTR,25.19
2024-02-15,PLTR,25.41
2024-02-16,PLTR,24.44
2024-02-20,PLTR,23.4
2024-02-21,PLTR,22.74
2024-02-22,PLTR,23.59
2024-02-23,PLTR,22.97
2024-02-26,PLTR,23.56
2024-02-27,PLTR,24.53
2024-02-28,PLTR,24.42
2024-02-29,PLTR,25.08
2024-03-01,PLTR,24.93
2024-03-04,PLTR,24.04
2024-03-05,PLTR,23.81
2024-03-06,PLTR,26.16
2024-03-07,PLTR,26.46
2024-03-08,PLTR,26.04
2024-03-11,PLTR,25.35
2024-03-12,PLTR,24.7
2024-03-13,PLTR,25.0
2024-03-14,PLTR,24.43
2024-03-15,PLTR,23.49
2024-03-18,PLTR,24.0
2024-03-19,PLTR,23.8
2024-03-20,PLTR,24.57
2024-03-21,PLTR,24.49
2024-03-22,PLTR,24.18
2024-03-25,PLTR,24.51
2024-03-26,PLTR,24.89
2024-03-27,PLTR,24.51
2024-03-28,PLTR,23.01
2024-04-01,PLTR,22.86
2024-04-02,PLTR,22.72
2024-04-03,PLTR,22.7
2024-04-04,PLTR,22.48
2024-04-05,PLTR,22.96
2024-04-08,PLTR,23.0
2024-04-09,PLTR,22.81
2024-04-10,PLTR,22.42
2024-04-11,PLTR,22.84
2024-04-12,PLTR,22.67
2024-04-15,PLTR,21.9
2024-04-16,PLTR,21.88
2024-04-17,PLTR,21.31
2024-04-18,PLTR,21.13
2024-04-19,PLTR,20.47
2024-04-22,PLTR,20.97
2024-04-23,PLTR,21.64
2024-04-24,PLTR,21.59
2024-04-25,PLTR,21.71
2024-04-26,PLTR,22.52
2024-04-29,PLTR,22.83
2024-04-30,PLTR,21.97
2024-05-01,PLTR,22.12
2024-05-02,PLTR,22.55
2024-05-03,PLTR,23.33
2024-05-06,PLTR,25.21
2024-05-07,PLTR,21.4
2024-05-08,PLTR,21.56
2024-05-09,PLTR,21.14
2024-05-10,PLTR,20.6
2024-05-13,PLTR,20.94
2024-05-14,PLTR,21.44
2024-05-15,PLTR,21.67
2024-05-16,PLTR,21.65
2024-05-17,PLTR,21.76
2024-05-20,PLTR,21.62
2024-05-21,PLTR,21.24
2024-05-22,PLTR,21.17
2024-05-23,PLTR,20.72
2024-05-24,PLTR,21.01
2024-05-28,PLTR,21.05
2024-05-29,PLTR,20.94
2024-05-30,PLTR,21.73
2024-05-31,PLTR,21.68
2024-06-03,PLTR,21.32
2024-06-04,PLTR,22.1
2024-06-05,PLTR,22.96
2024-06-06,PLTR,23.79
2024-06-07,PLTR,23.31
2024-06-10,PLTR,23.13
2024-06-11,PLTR,23.85
2024-06-12,PLTR,23.77
2024-06-13,PLTR,23.27
2024-06-14,PLTR,23.57
2024-06-17,PLTR,25.02
2024-06-18,PLTR,25.82
2024-06-20,PLTR,25.56
2024-06-21,PLTR,23.84
2024-06-24,PLTR,24.16
2024-06-25,PLTR,24.56
2024-06-26,PLTR,24.1
2024-06-27,PLTR,25.22
2024-06-28,PLTR,25.33
2024-07-01,PLTR,25.88
2024-07-02,PLTR,25.83
2024-07-03,PLTR,25.85
2024-07-05,PLTR,27.23
2024-07-08,PLTR,27.7
2024-07-09,PLTR,27.39
2024-07-10,PLTR,28.42
2024-07-11,PLTR,27.64
2024-07-12,PLTR,28.07
2024-07-15,PLTR,28.67
2024-07-16,PLTR,28.67
2024-07-17,PLTR,28.22
2024-07-18,PLTR,28.64
2024-07-19,PLTR,28.58
2024-07-22,PLTR,28.46
2024-07-23,PLTR,28.81
2024-07-24,PLTR,26.6
2024-07-25,PLTR,26.63
2024-07-26,PLTR,27.18
2024-07-29,PLTR,27.08
2024-07-30,PLTR,26.37
2024-07-31,PLTR,26.89
2024-08-01,PLTR,26.08
2024-08-02,PLTR,24.74
2024-08-05,PLTR,24.09
2024-08-06,PLTR,26.59
2024-08-07,PLTR,26.32
2024-08-08,PLTR,29.28
2024-08-09,PLTR,30.01
2024-08-12,PLTR,29.38
2024-08-13,PLTR,30.39
2024-08-14,PLTR,31.0
2024-08-15,PLTR,31.22
2024-08-16,PLTR,32.08
2024-08-19,PLTR,32.5
2024-08-20,PLTR,32.32
2024-08-21,PLTR,32.54
2024-08-22,PLTR,31.92
2024-08-23,PLTR,31.78
2024-08-26,PLTR,30.85
2024-08-27,PLTR,30.84
2024-08-28,PLTR,30.36
2024-08-29,PLTR,31.0
2024-08-30,PLTR,31.48
2024-09-03,PLTR,30.51
2024-09-04,PLTR,30.59
2024-09-05,PLTR,30.16
2024-09-06,PLTR,30.33
2024-09-09,PLTR,34.6
2024-09-10,PLTR,34.76
2024-09-11,PLTR,34.85
2024-09-12,PLTR,34.91
2024-09-13,PLTR,35.59
2024-09-16,PLTR,36.31
2024-09-17,PLTR,36.45
2024-09-18,PLTR,36.38
2024-09-19,PLTR,36.83
2024-09-20,PLTR,37.2
2024-09-23,PLTR,37.95
2024-09-24,PLTR,36.9
2024-09-25,PLTR,37.12
2024-09-26,PLTR,37.1
2024-09-27,PLTR,36.84
2024-09-30,PLTR,37.2
2024-10-01,PLTR,36.46
2024-10-02,PLTR,37.49
2024-10-03,PLTR,39.24
2024-10-04,PLTR,40.01
2024-10-07,PLTR,38.89
2024-10-08,PLTR,41.45
2024-10-09,PLTR,43.13
2024-10-10,PLTR,43.52
2024-10-11,PLTR,43.51
2024-10-14,PLTR,43.4
2024-10-15,PLTR,42.43
2024-10-16,PLTR,41.93
2024-10-17,PLTR,42.0
2024-10-18,PLTR,42.97
2024-10-21,PLTR,42.7
2024-10-22,PLTR,42.94
2024-10-23,PLTR,42.59
2024-10-24,PLTR,43.56
2024-10-25,PLTR,44.86
2024-10-28,PLTR,44.97
2024-10-29,PLTR,44.93
2024-10-30,PLTR,43.69
2024-10-31,PLTR,41.56
2024-11-01,PLTR,41.92
2024-11-04,PLTR,41.41
2024-11-05,PLTR,51.13
2024-11-06,PLTR,55.53
2024-11-07,PLTR,55.88
2024-11-08,PLTR,58.39
2024-11-11,PLTR,60.24
2024-11-12,PLTR,59.85
2024-11-13,PLTR,60.7
2024-11-14,PLTR,59.18
2024-11-15,PLTR,65.77
2024-11-18,PLTR,61.26
2024-11-19,PLTR,62.98
2024-11-20,PLTR,62.12
2024-11-21,PLTR,61.36
2024-11-22,PLTR,64.35
2024-11-25,PLTR,64.65
2024-11-26,PLTR,65.74
2024-11-27,PLTR,66.05
2024-11-29,PLTR,67.08
2024-12-02,PLTR,66.39
2024-12-03,PLTR,70.96
2024-12-04,PLTR,69.85
2024-12-05,PLTR,71.87
2024-12-06,PLTR,76.34
2024-12-09,PLTR,72.46
2024-12-10,PLTR,70.89
2024-12-11,PLTR,72.51
2024-12-12,PLTR,73.2
2024-12-13,PLTR,76.07
2024-12-16,PLTR,75.75
2024-12-17,PLTR,74.39
2024-12-18,PLTR,71.51
2024-12-19,PLTR,74.21
2024-12-20,PLTR,80.55
2024-12-23,PLTR,80.69
2024-12-24,PLTR,82.38
2024-12-26,PLTR,82.14
2024-12-27,PLTR,79.08
2024-12-30,PLTR,77.18
2024-01-02,PEP,162.68
2024-01-03,PEP,162.72
2024-01-04,PEP,161.33
2024-01-05,PEP,158.95
2024-01-08,PEP,159.11
2024-01-09,PEP,157.28
2024-01-10,PEP,157.05
2024-01-11,PEP,156.3
2024-01-12,PEP,157.38
2024-01-16,PEP,156.34
2024-01-17,PEP,156.6
2024-01-18,PEP,157.28
2024-01-19,PEP,155.97
2024-01-22,PEP,155.34
2024-01-23,PEP,157.72
2024-01-24,PEP,155.8
2024-01-25,PEP,156.71
2024-01-26,PEP,157.93
2024-01-29,PEP,158.2
2024-01-30,PEP,159.59
2024-01-31,PEP,158.56
2024-02-01,PEP,161.54
2024-02-02,PEP,160.86
2024-02-05,PEP,160.81
2024-02-06,PEP,161.28
2024-02-07,PEP,161.33
2024-02-08,PEP,163.57
2024-02-09,PEP,157.75
2024-02-12,PEP,160.52
2024-02-13,PEP,158.89
2024-02-14,PEP,157.61
2024-02-15,PEP,157.93
2024-02-16,PEP,156.48
2024-02-20,PEP,158.67
2024-02-21,PEP,158.84
2024-02-22,PEP,158.3
2024-02-23,PEP,159.57
2024-02-26,PEP,158.31
2024-02-27,PEP,158.21
2024-02-28,PEP,157.15
2024-02-29,PEP,156.75
2024-03-01,PEP,156.04
2024-03-04,PEP,156.78
2024-03-05,PEP,153.62
2024-03-06,PEP,154.53
2024-03-07,PEP,154.63
2024-03-08,PEP,154.58
2024-03-11,PEP,156.17
2024-03-12,PEP,155.99
2024-03-13,PEP,156.71
2024-03-14,PEP,156.22
2024-03-15,PEP,156.1
2024-03-18,PEP,162.36
2024-03-19,PEP,162.87
2024-03-20,PEP,162.93
2024-03-21,PEP,163.49
2024-03-22,PEP,163.08
2024-03-25,PEP,163.63
2024-03-26,PEP,163.75
2024-03-27,PEP,164.55
2024-03-28,PEP,165.91
2024-04-01,PEP,163.99
2024-04-02,PEP,162.53
2024-04-03,PEP,160.86
2024-04-04,PEP,160.83
2024-04-05,PEP,160.35
2024-04-08,PEP,160.77
2024-04-09,PEP,161.74
2024-04-10,PEP,160.17
2024-04-11,PEP,159.61
2024-04-12,PEP,159.36
2024-04-15,PEP,158.27
2024-04-16,PEP,158.8
2024-04-17,PEP,160.67
2024-04-18,PEP,163.32
2024-04-19,PEP,165.08
2024-04-22,PEP,167.29
2024-04-23,PEP,162.32
2024-04-24,PEP,168.19
2024-04-25,PEP,167.5
2024-04-26,PEP,166.46
2024-04-29,PEP,166.99
2024-04-30,PEP,166.77
2024-05-01,PEP,166.05
2024-05-02,PEP,166.33
2024-05-03,PEP,167.0
2024-05-06,PEP,166.68
2024-05-07,PEP,168.77
2024-05-08,PEP,168.19
2024-05-09,PEP,168.81
2024-05-10,PEP,170.45
2024-05-13,PEP,171.5
2024-05-14,PEP,170.52
2024-05-15,PEP,170.13
2024-05-16,PEP,173.59
2024-05-17,PEP,172.72
2024-05-20,PEP,170.94
2024-05-21,PEP,171.67
2024-05-22,PEP,172.63
2024-05-23,PEP,169.95
2024-05-24,PEP,168.74
2024-05-28,PEP,164.37
2024-05-29,PEP,162.26
2024-05-30,PEP,161.62
2024-05-31,PEP,163.91
2024-06-03,PEP,162.33
2024-06-04,PEP,164.85
2024-06-05,PEP,164.47
2024-06-06,PEP,164.2
2024-06-07,PEP,163.43
2024-06-10,PEP,158.52
2024-06-11,PEP,157.73
2024-06-12,PEP,156.54
2024-06-13,PEP,156.06
2024-06-14,PEP,156.52
2024-06-17,PEP,158.75
2024-06-18,PEP,159.07
2024-06-20,PEP,159.26
2024-06-21,PEP,159.84
2024-06-24,PEP,160.6
2024-06-25,PEP,159.9
2024-06-26,PEP,159.32
2024-06-27,PEP,158.86
2024-06-28,PEP,157.59
2024-07-01,PEP,155.64
2024-07-02,PEP,156.3
2024-07-03,PEP,155.37
2024-07-05,PEP,157.08
2024-07-08,PEP,154.91
2024-07-09,PEP,154.7
2024-07-10,PEP,156.31
2024-07-11,PEP,156.66
2024-07-12,PEP,158.98
2024-07-15,PEP,156.57
2024-07-16,PEP,157.43
2024-07-17,PEP,162.33
2024-07-18,PEP,162.79
2024-07-19,PEP,161.82
2024-07-22,PEP,160.2
2024-07-23,PEP,158.88
2024-07-24,PEP,160.69
2024-07-25,PEP,163.41
2024-07-26,PEP,165.06
2024-07-29,PEP,165.5
2024-07-30,PEP,165.47
2024-07-31,PEP,164.99
2024-08-01,PEP,167.18
2024-08-02,PEP,170.12
2024-08-05,PEP,166.3
2024-08-06,PEP,164.82
2024-08-07,PEP,164.15
2024-08-08,PEP,164.7
2024-08-09,PEP,164.72
2024-08-12,PEP,163.79
2024-08-13,PEP,164.7
2024-08-14,PEP,165.98
2024-08-15,PEP,164.84
2024-08-16,PEP,164.94
2024-08-19,PEP,166.09
2024-08-20,PEP,168.03
2024-08-21,PEP,167.41
2024-08-22,PEP,167.92
2024-08-23,PEP,168.04
2024-08-26,PEP,168.14
2024-08-27,PEP,167.5
2024-08-28,PEP,166.18
2024-08-29,PEP,164.43
2024-08-30,PEP,165.19
2024-09-03,PEP,169.64
2024-09-04,PEP,170.58
2024-09-05,PEP,171.32
2024-09-06,PEP,170.74
2024-09-09,PEP,171.56
2024-09-10,PEP,171.19
2024-09-11,PEP,169.24
2024-09-12,PEP,170.65
2024-09-13,PEP,170.76
2024-09-16,PEP,170.61
2024-09-17,PEP,170.29
2024-09-18,PEP,168.69
2024-09-19,PEP,168.16
2024-09-20,PEP,164.81
2024-09-23,PEP,165.7
2024-09-24,PEP,163.6
2024-09-25,PEP,163.1
2024-09-26,PEP,163.37
2024-09-27,PEP,163.67
2024-09-30,PEP,163.72
2024-10-01,PEP,165.0
2024-10-02,PEP,163.24
2024-10-03,PEP,162.26
2024-10-04,PEP,161.72
2024-10-07,PEP,160.99
2024-10-08,PEP,164.08
2024-10-09,PEP,166.12
2024-10-10,PEP,166.55
2024-10-11,PEP,168.3
2024-10-14,PEP,169.55
2024-10-15,PEP,169.35
2024-10-16,PEP,167.99
2024-10-17,PEP,168.17
2024-10-18,PEP,168.54
2024-10-21,PEP,168.5
2024-10-22,PEP,167.88
2024-10-23,PEP,166.51
2024-10-24,PEP,165.75
2024-10-25,PEP,165.4
2024-10-28,PEP,163.52
2024-10-29,PEP,161.27
2024-10-30,PEP,160.02
2024-10-31,PEP,159.9
2024-11-01,PEP,159.43
2024-11-04,PEP,160.15
2024-11-05,PEP,161.6
2024-11-06,PEP,158.58
2024-11-07,PEP,157.9
2024-11-08,PEP,158.96
2024-11-11,PEP,158.15
2024-11-12,PEP,158.22
2024-11-13,PEP,158.61
2024-11-14,PEP,159.0
2024-11-15,PEP,152.72
2024-11-18,PEP,152.44
2024-11-19,PEP,150.89
2024-11-20,PEP,152.83
2024-11-21,PEP,154.37
2024-11-22,PEP,155.97
2024-11-25,PEP,156.98
2024-11-26,PEP,156.12
2024-11-27,PEP,156.66
2024-11-29,PEP,157.37
2024-12-02,PEP,156.98
2024-12-03,PEP,155.68
2024-12-04,PEP,154.22
2024-12-05,PEP,154.52
2024-12-06,PEP,153.21
2024-12-09,PEP,154.84
2024-12-10,PEP,155.2
2024-12-11,PEP,152.22
2024-12-12,PEP,154.29
2024-12-13,PEP,153.39
2024-12-16,PEP,151.49
2024-12-17,PEP,151.61
2024-12-18,PEP,149.95
2024-12-19,PEP,147.07
2024-12-20,PEP,148.36
2024-12-23,PEP,146.9
2024-12-24,PEP,148.38
2024-12-26,PEP,148.02
2024-12-27,PEP,148.45
2024-12-30,PEP,147.32
2024-01-02,GGAL,15.45
2024-01-03,GGAL,15.28
2024-01-04,GGAL,14.79
2024-01-05,GGAL,15.02
2024-01-08,GGAL,15.12
2024-01-09,GGAL,14.11
2024-01-10,GGAL,14.66
2024-01-11,GGAL,14.37
2024-01-12,GGAL,14.56
2024-01-16,GGAL,14.28
2024-01-17,GGAL,14.81
2024-01-18,GGAL,15.18
2024-01-19,GGAL,15.66
2024-01-22,GGAL,16.56
2024-01-23,GGAL,16.75
2024-01-24,GGAL,17.31
2024-01-25,GGAL,18.51
2024-01-26,GGAL,19.38
2024-01-29,GGAL,19.38
2024-01-30,GGAL,19.58
2024-01-31,GGAL,19.68
2024-02-01,GGAL,19.88
2024-02-02,GGAL,19.95
2024-02-05,GGAL,18.92
2024-02-06,GGAL,18.82
2024-02-07,GGAL,17.6
2024-02-08,GGAL,16.53
2024-02-09,GGAL,17.31
2024-02-12,GGAL,17.53
2024-02-13,GGAL,17.64
2024-02-14,GGAL,18.08
2024-02-15,GGAL,18.35
2024-02-16,GGAL,18.73
2024-02-20,GGAL,18.92
2024-02-21,GGAL,18.93
2024-02-22,GGAL,19.59
2024-02-23,GGAL,20.0
2024-02-26,GGAL,20.66
2024-02-27,GGAL,19.68
2024-02-28,GGAL,19.8
2024-02-29,GGAL,20.05
2024-03-01,GGAL,20.3
2024-03-04,GGAL,19.77
2024-03-05,GGAL,19.26
2024-03-06,GGAL,20.82
2024-03-07,GGAL,20.88
2024-03-08,GGAL,20.58
2024-03-11,GGAL,19.84
2024-03-12,GGAL,20.76
2024-03-13,GGAL,22.13
2024-03-14,GGAL,21.28
2024-03-15,GGAL,21.71
2024-03-18,GGAL,22.57
2024-03-19,GGAL,22.2
2024-03-20,GGAL,23.08
2024-03-21,GGAL,23.65
2024-03-22,GGAL,23.75
2024-03-25,GGAL,23.82
2024-03-26,GGAL,23.37
2024-03-27,GGAL,23.82
2024-03-28,GGAL,23.15
2024-04-01,GGAL,23.49
2024-04-02,GGAL,22.7
2024-04-03,GGAL,23.77
2024-04-04,GGAL,23.5
2024-04-05,GGAL,24.93
2024-04-08,GGAL,25.26
2024-04-09,GGAL,26.1
2024-04-10,GGAL,26.28
2024-04-11,GGAL,27.12
2024-04-12,GGAL,26.97
2024-04-15,GGAL,25.14
2024-04-16,GGAL,25.29
2024-04-17,GGAL,25.21
2024-04-18,GGAL,25.53
2024-04-19,GGAL,25.92
2024-04-22,GGAL,28.25
2024-04-23,GGAL,27.81
2024-04-24,GGAL,26.48
2024-04-25,GGAL,26.86
2024-04-26,GGAL,27.96
2024-04-29,GGAL,28.47
2024-04-30,GGAL,29.54
2024-05-01,GGAL,29.48
2024-05-02,GGAL,29.05
2024-05-03,GGAL,31.26
2024-05-06,GGAL,33.52
2024-05-07,GGAL,32.47
2024-05-08,GGAL,32.84
2024-05-09,GGAL,32.34
2024-05-10,GGAL,31.85
2024-05-13,GGAL,31.56
2024-05-14,GGAL,32.31
2024-05-15,GGAL,33.56
2024-05-16,GGAL,33.35
2024-05-17,GGAL,33.4
2024-05-20,GGAL,33.96
2024-05-21,GGAL,32.95
2024-05-22,GGAL,30.59
2024-05-23,GGAL,28.23
2024-05-24,GGAL,29.58
2024-05-28,GGAL,30.12
2024-05-29,GGAL,31.12
2024-05-30,GGAL,33.59
2024-05-31,GGAL,32.65
2024-06-03,GGAL,32.43
2024-06-04,GGAL,30.28
2024-06-05,GGAL,30.29
2024-06-06,GGAL,28.7
2024-06-07,GGAL,28.85
2024-06-10,GGAL,30.39
2024-06-11,GGAL,29.55
2024-06-12,GGAL,31.2
2024-06-13,GGAL,32.36
2024-06-14,GGAL,31.98
2024-06-17,GGAL,31.32
2024-06-18,GGAL,32.02
2024-06-20,GGAL,30.34
2024-06-21,GGAL,30.11
2024-06-24,GGAL,30.24
2024-06-25,GGAL,30.66
2024-06-26,GGAL,28.99
2024-06-27,GGAL,29.72
2024-06-28,GGAL,28.7
2024-07-01,GGAL,25.99
2024-07-02,GGAL,26.4
2024-07-03,GGAL,26.77
2024-07-05,GGAL,26.73
2024-07-08,GGAL,26.79
2024-07-09,GGAL,27.08
2024-07-10,GGAL,27.72
2024-07-11,GGAL,27.24
2024-07-12,GGAL,26.92
2024-07-15,GGAL,25.75
2024-07-16,GGAL,26.87
2024-07-17,GGAL,25.79
2024-07-18,GGAL,25.83
2024-07-19,GGAL,26.49
2024-07-22,GGAL,26.56
2024-07-23,GGAL,27.71
2024-07-24,GGAL,26.94
2024-07-25,GGAL,26.64
2024-07-26,GGAL,27.24
2024-07-29,GGAL,26.53
2024-07-30,GGAL,25.98
2024-07-31,GGAL,27.85
2024-08-01,GGAL,27.28
2024-08-02,GGAL,25.62
2024-08-05,GGAL,25.58
2024-08-06,GGAL,26.97
2024-08-07,GGAL,27.56
2024-08-08,GGAL,31.51
2024-08-09,GGAL,32.92
2024-08-12,GGAL,32.92
2024-08-13,GGAL,33.08
2024-08-14,GGAL,34.07
2024-08-15,GGAL,34.12
2024-08-16,GGAL,33.81
2024-08-19,GGAL,34.01
2024-08-20,GGAL,34.12
2024-08-21,GGAL,33.25
2024-08-22,GGAL,32.51
2024-08-23,GGAL,34.04
2024-08-26,GGAL,33.17
2024-08-27,GGAL,34.3
2024-08-28,GGAL,34.55
2024-08-29,GGAL,36.99
2024-08-30,GGAL,38.45
2024-09-03,GGAL,39.55
2024-09-04,GGAL,41.47
2024-09-05,GGAL,41.22
2024-09-06,GGAL,40.33
2024-09-09,GGAL,41.52
2024-09-10,GGAL,40.79
2024-09-11,GGAL,42.37
2024-09-12,GGAL,42.68
2024-09-13,GGAL,44.23
2024-09-16,GGAL,43.52
2024-09-17,GGAL,44.31
2024-09-18,GGAL,45.29
2024-09-19,GGAL,46.24
2024-09-20,GGAL,45.78
2024-09-23,GGAL,44.79
2024-09-24,GGAL,43.55
2024-09-25,GGAL,42.34
2024-09-26,GGAL,42.42
2024-09-27,GGAL,42.98
2024-09-30,GGAL,41.32
2024-10-01,GGAL,41.63
2024-10-02,GGAL,41.17
2024-10-03,GGAL,42.62
2024-10-04,GGAL,42.69
2024-10-07,GGAL,41.74
2024-10-08,GGAL,43.37
2024-10-09,GGAL,45.73
2024-10-10,GGAL,47.06
2024-10-11,GGAL,48.86
2024-10-14,GGAL,48.53
2024-10-15,GGAL,48.74
2024-10-16,GGAL,47.95
2024-10-17,GGAL,47.93
2024-10-18,GGAL,49.69
2024-10-21,GGAL,49.7
2024-10-22,GGAL,49.61
2024-10-23,GGAL,48.86
2024-10-24,GGAL,51.96
2024-10-25,GGAL,52.9
2024-10-28,GGAL,53.12
2024-10-29,GGAL,52.55
2024-10-30,GGAL,51.3
2024-10-31,GGAL,51.75
2024-11-01,GGAL,50.98
2024-11-04,GGAL,50.8
2024-11-05,GGAL,50.84
2024-11-06,GGAL,53.93
2024-11-07,GGAL,53.76
2024-11-08,GGAL,52.83
2024-11-11,GGAL,52.82
2024-11-12,GGAL,53.75
2024-11-13,GGAL,54.02
2024-11-14,GGAL,53.71
2024-11-15,GGAL,55.26
2024-11-18,GGAL,58.08
2024-11-19,GGAL,55.99
2024-11-20,GGAL,56.6
2024-11-21,GGAL,54.91
2024-11-22,GGAL,54.46
2024-11-25,GGAL,54.49
2024-11-26,GGAL,55.69
2024-11-27,GGAL,55.08
2024-11-29,GGAL,55.41
2024-12-02,GGAL,58.15
2024-12-03,GGAL,57.05
2024-12-04,GGAL,55.09
2024-12-05,GGAL,57.16
2024-12-06,GGAL,57.84
2024-12-09,GGAL,57.21
2024-12-10,GGAL,56.89
2024-12-11,GGAL,60.64
2024-12-12,GGAL,60.45
2024-12-13,GGAL,61.18
2024-12-16,GGAL,66.52
2024-12-17,GGAL,67.46
2024-12-18,GGAL,62.17
2024-12-19,GGAL,60.18
2024-12-20,GGAL,62.43
2024-12-23,GGAL,61.95
2024-12-24,GGAL,63.68
2024-12-26,GGAL,63.53
2024-12-27,GGAL,63.12
2024-12-30,GGAL,61.67
2024-01-02,HUT,12.6
2024-01-03,HUT,12.33
2024-01-04,HUT,12.53
2024-01-05,HUT,11.9
2024-01-08,HUT,12.0
2024-01-09,HUT,11.73
2024-01-10,HUT,12.11
2024-01-11,HUT,11.24
2024-01-12,HUT,9.9
2024-01-16,HUT,9.62
2024-01-17,HUT,9.28
2024-01-18,HUT,7.12
2024-01-19,HUT,6.91
2024-01-22,HUT,6.72
2024-01-23,HUT,6.33
2024-01-24,HUT,6.35
2024-01-25,HUT,7.47
2024-01-26,HUT,8.45
2024-01-29,HUT,8.42
2024-01-30,HUT,7.82
2024-01-31,HUT,7.47
2024-02-01,HUT,7.47
2024-02-02,HUT,7.28
2024-02-05,HUT,6.88
2024-02-06,HUT,6.88
2024-02-07,HUT,6.77
2024-02-08,HUT,7.47
2024-02-09,HUT,8.35
2024-02-12,HUT,9.06
2024-02-13,HUT,8.53
2024-02-14,HUT,10.23
2024-02-15,HUT,9.97
2024-02-16,HUT,10.08
2024-02-20,HUT,9.43
2024-02-21,HUT,8.74
2024-02-22,HUT,8.27
2024-02-23,HUT,7.82
2024-02-26,HUT,9.22
2024-02-27,HUT,9.29
2024-02-28,HUT,8.73
2024-02-29,HUT,8.49
2024-03-01,HUT,8.92
2024-03-04,HUT,8.36
2024-03-05,HUT,7.52
2024-03-06,HUT,7.87
2024-03-07,HUT,7.72
2024-03-08,HUT,7.93
2024-03-11,HUT,7.08
2024-03-12,HUT,7.13
2024-03-13,HUT,7.73
2024-03-14,HUT,7.24
2024-03-15,HUT,7.54
2024-03-18,HUT,7.79
2024-03-19,HUT,8.05
2024-03-20,HUT,9.08
2024-03-21,HUT,8.88
2024-03-22,HUT,8.72
2024-03-25,HUT,9.4
2024-03-26,HUT,9.88
2024-03-27,HUT,9.86
2024-03-28,HUT,11.04
2024-04-01,HUT,10.82
2024-04-02,HUT,9.38
2024-04-03,HUT,9.69
2024-04-04,HUT,9.69
2024-04-05,HUT,8.98
2024-04-08,HUT,9.0
2024-04-09,HUT,8.62
2024-04-10,HUT,8.53
2024-04-11,HUT,8.11
2024-04-12,HUT,7.72
2024-04-15,HUT,7.24
2024-04-16,HUT,7.24
2024-04-17,HUT,7.44
2024-04-18,HUT,7.88
2024-04-19,HUT,8.05
2024-04-22,HUT,9.22
2024-04-23,HUT,9.63
2024-04-24,HUT,8.98
2024-04-25,HUT,8.86
2024-04-26,HUT,8.81
2024-04-29,HUT,8.34
2024-04-30,HUT,7.86
2024-05-01,HUT,7.99
2024-05-02,HUT,8.16
2024-05-03,HUT,8.27
2024-05-06,HUT,8.85
2024-05-07,HUT,8.19
2024-05-08,HUT,8.19
2024-05-09,HUT,8.15
2024-05-10,HUT,7.99
2024-05-13,HUT,7.87
2024-05-14,HUT,7.79
2024-05-15,HUT,8.83
2024-05-16,HUT,8.92
2024-05-17,HUT,9.16
2024-05-20,HUT,9.95
2024-05-21,HUT,9.7
2024-05-22,HUT,9.85
2024-05-23,HUT,8.86
2024-05-24,HUT,9.28
2024-05-28,HUT,9.2
2024-05-29,HUT,8.92
2024-05-30,HUT,8.99
2024-05-31,HUT,8.69
2024-06-03,HUT,8.96
2024-06-04,HUT,9.56
2024-06-05,HUT,10.04
2024-06-06,HUT,10.47
2024-06-07,HUT,9.68
2024-06-10,HUT,9.85
2024-06-11,HUT,9.93
2024-06-12,HUT,10.93
2024-06-13,HUT,11.51
2024-06-14,HUT,11.28
2024-06-17,HUT,12.24
2024-06-18,HUT,11.96
2024-06-20,HUT,13.01
2024-06-21,HUT,12.35
2024-06-24,HUT,12.53
2024-06-25,HUT,14.62
2024-06-26,HUT,15.32
2024-06-27,HUT,15.2
2024-06-28,HUT,14.99
2024-07-01,HUT,15.25
2024-07-02,HUT,15.67
2024-07-03,HUT,16.16
2024-07-05,HUT,16.49
2024-07-08,HUT,17.48
2024-07-09,HUT,16.03
2024-07-10,HUT,15.24
2024-07-11,HUT,14.92
2024-07-12,HUT,16.96
2024-07-15,HUT,20.0
2024-07-16,HUT,20.93
2024-07-17,HUT,19.73
2024-07-18,HUT,18.13
2024-07-19,HUT,19.52
2024-07-22,HUT,20.26
2024-07-23,HUT,19.9
2024-07-24,HUT,18.02
2024-07-25,HUT,14.79
2024-07-26,HUT,15.17
2024-07-29,HUT,14.83
2024-07-30,HUT,13.97
2024-07-31,HUT,14.64
2024-08-01,HUT,13.9
2024-08-02,HUT,12.4
2024-08-05,HUT,11.59
2024-08-06,HUT,12.31
2024-08-07,HUT,11.13
2024-08-08,HUT,12.42
2024-08-09,HUT,11.97
2024-08-12,HUT,11.39
2024-08-13,HUT,10.96
2024-08-14,HUT,10.97
2024-08-15,HUT,11.65
2024-08-16,HUT,11.54
2024-08-19,HUT,12.22
2024-08-20,HUT,11.56
2024-08-21,HUT,12.19
2024-08-22,HUT,11.45
2024-08-23,HUT,12.57
2024-08-26,HUT,12.08
2024-08-27,HUT,11.24
2024-08-28,HUT,10.34
2024-08-29,HUT,10.38
2024-08-30,HUT,10.11
2024-09-03,HUT,9.09
2024-09-04,HUT,9.19
2024-09-05,HUT,9.5
2024-09-06,HUT,9.0
2024-09-09,HUT,9.97
2024-09-10,HUT,10.44
2024-09-11,HUT,10.58
2024-09-12,HUT,10.89
2024-09-13,HUT,11.24
2024-09-16,HUT,11.03
2024-09-17,HUT,11.42
2024-09-18,HUT,11.02
2024-09-19,HUT,11.43
2024-09-20,HUT,11.17
2024-09-23,HUT,11.57
2024-09-24,HUT,12.5
2024-09-25,HUT,12.53
2024-09-26,HUT,12.63
2024-09-27,HUT,13.08
2024-09-30,HUT,12.26
2024-10-01,HUT,11.56
2024-10-02,HUT,11.98
2024-10-03,HUT,11.73
2024-10-04,HUT,12.02
2024-10-07,HUT,11.72
2024-10-08,HUT,11.34
2024-10-09,HUT,10.97
2024-10-10,HUT,11.12
2024-10-11,HUT,11.72
2024-10-14,HUT,12.18
2024-10-15,HUT,11.77
2024-10-16,HUT,12.9
2024-10-17,HUT,12.67
2024-10-18,HUT,14.47
2024-10-21,HUT,15.33
2024-10-22,HUT,15.66
2024-10-23,HUT,15.11
2024-10-24,HUT,15.31
2024-10-25,HUT,14.9
2024-10-28,HUT,17.21
2024-10-29,HUT,17.18
2024-10-30,HUT,18.16
2024-10-31,HUT,15.79
2024-11-01,HUT,16.02
2024-11-04,HUT,15.56
2024-11-05,HUT,16.74
2024-11-06,HUT,18.59
2024-11-07,HUT,18.97
2024-11-08,HUT,19.58
2024-11-11,HUT,24.59
2024-11-12,HUT,23.86
2024-11-13,HUT,24.78
2024-11-14,HUT,23.14
2024-11-15,HUT,25.26
2024-11-18,HUT,25.04
2024-11-19,HUT,25.32
2024-11-20,HUT,24.46
2024-11-21,HUT,23.48
2024-11-22,HUT,25.92
2024-11-25,HUT,25.24
2024-11-26,HUT,24.42
2024-11-27,HUT,28.45
2024-11-29,HUT,28.02
2024-12-02,HUT,25.93
2024-12-03,HUT,25.06
2024-12-04,HUT,27.03
2024-12-05,HUT,27.67
2024-12-06,HUT,30.24
2024-12-09,HUT,27.2
2024-12-10,HUT,25.62
2024-12-11,HUT,26.69
2024-12-12,HUT,27.32
2024-12-13,HUT,27.33
2024-12-16,HUT,29.06
2024-12-17,HUT,29.62
2024-12-18,HUT,26.13
2024-12-19,HUT,23.8
2024-12-20,HUT,23.68
2024-12-23,HUT,21.65
2024-12-24,HUT,24.28
2024-12-26,HUT,23.89
2024-12-27,HUT,22.32
2024-12-30,HUT,21.51
2024-01-02,COIN,156.88
2024-01-03,COIN,152.24
2024-01-04,COIN,155.6
2024-01-05,COIN,153.98
2024-01-08,COIN,159.42
2024-01-09,COIN,151.99
2024-01-10,COIN,151.29
2024-01-11,COIN,141.16
2024-01-12,COIN,130.78
2024-01-16,COIN,133.88
2024-01-17,COIN,133.86
2024-01-18,COIN,124.34
2024-01-19,COIN,124.75
2024-01-22,COIN,128.21
2024-01-23,COIN,124.19
2024-01-24,COIN,121.34
2024-01-25,COIN,121.01
2024-01-26,COIN,125.2
2024-01-29,COIN,132.82
2024-01-30,COIN,130.82
2024-01-31,COIN,128.2
2024-02-01,COIN,128.95
2024-02-02,COIN,129.22
2024-02-05,COIN,117.3
2024-02-06,COIN,119.79
2024-02-07,COIN,122.07
2024-02-08,COIN,132.55
2024-02-09,COIN,141.99
2024-02-12,COIN,147.31
2024-02-13,COIN,140.39
2024-02-14,COIN,160.38
2024-02-15,COIN,165.67
2024-02-16,COIN,180.31
2024-02-20,COIN,173.3
2024-02-21,COIN,162.41
2024-02-22,COIN,170.91
2024-02-23,COIN,165.98
2024-02-26,COIN,193.94
2024-02-27,COIN,199.22
2024-02-28,COIN,200.8
2024-02-29,COIN,203.56
2024-03-01,COIN,205.77
2024-03-04,COIN,229.15
2024-03-05,COIN,216.77
2024-03-06,COIN,238.55
2024-03-07,COIN,242.62
2024-03-08,COIN,256.62
2024-03-11,COIN,254.17
2024-03-12,COIN,256.14
2024-03-13,COIN,251.73
2024-03-14,COIN,233.67
2024-03-15,COIN,242.36
2024-03-18,COIN,239.62
2024-03-19,COIN,230.12
2024-03-20,COIN,256.88
2024-03-21,COIN,262.0
2024-03-22,COIN,255.51
2024-03-25,COIN,279.71
2024-03-26,COIN,266.81
2024-03-27,COIN,256.7
2024-03-28,COIN,265.12
2024-04-01,COIN,252.11
2024-04-02,COIN,245.84
2024-04-03,COIN,251.58
2024-04-04,COIN,249.61
2024-04-05,COIN,240.9
2024-04-08,COIN,256.99
2024-04-09,COIN,242.95
2024-04-10,COIN,250.99
2024-04-11,COIN,263.01
2024-04-12,COIN,245.75
2024-04-15,COIN,223.41
2024-04-16,COIN,218.83
2024-04-17,COIN,213.78
2024-04-18,COIN,218.08
2024-04-19,COIN,211.01
2024-04-22,COIN,225.86
2024-04-23,COIN,236.43
2024-04-24,COIN,224.37
2024-04-25,COIN,223.61
2024-04-26,COIN,236.32
2024-04-29,COIN,218.16
2024-04-30,COIN,203.93
2024-05-01,COIN,210.09
2024-05-02,COIN,228.85
2024-05-03,COIN,223.25
2024-05-06,COIN,226.93
2024-05-07,COIN,214.34
2024-05-08,COIN,211.2
2024-05-09,COIN,210.45
2024-05-10,COIN,200.92
2024-05-13,COIN,199.51
2024-05-14,COIN,203.05
2024-05-15,COIN,219.91
2024-05-16,COIN,199.17
2024-05-17,COIN,207.6
2024-05-20,COIN,225.19
2024-05-21,COIN,225.78
2024-05-22,COIN,231.51
2024-05-23,COIN,218.86
2024-05-24,COIN,237.65
2024-05-28,COIN,245.0
2024-05-29,COIN,236.65
2024-05-30,COIN,234.76
2024-05-31,COIN,225.92
2024-06-03,COIN,231.39
2024-06-04,COIN,244.2
2024-06-05,COIN,251.4
2024-06-06,COIN,257.08
2024-06-07,COIN,244.16
2024-06-10,COIN,249.81
2024-06-11,COIN,244.2
2024-06-12,COIN,254.96
2024-06-13,COIN,247.64
2024-06-14,COIN,244.5
2024-06-17,COIN,245.1
2024-06-18,COIN,235.95
2024-06-20,COIN,235.03
2024-06-21,COIN,225.86
2024-06-24,COIN,212.31
2024-06-25,COIN,221.71
2024-06-26,COIN,214.58
2024-06-27,COIN,224.0
2024-06-28,COIN,222.23
2024-07-01,COIN,233.37
2024-07-02,COIN,227.51
2024-07-03,COIN,224.94
2024-07-05,COIN,223.68
2024-07-08,COIN,220.56
2024-07-09,COIN,219.97
2024-07-10,COIN,219.56
2024-07-11,COIN,214.63
2024-07-12,COIN,218.02
2024-07-15,COIN,242.85
2024-07-16,COIN,251.49
2024-07-17,COIN,249.1
2024-07-18,COIN,233.24
2024-07-19,COIN,257.79
2024-07-22,COIN,265.15
2024-07-23,COIN,257.63
2024-07-24,COIN,245.06
2024-07-25,COIN,231.52
2024-07-26,COIN,242.93
2024-07-29,COIN,234.2
2024-07-30,COIN,224.46
2024-07-31,COIN,224.36
2024-08-01,COIN,212.64
2024-08-02,COIN,204.44
2024-08-05,COIN,189.47
2024-08-06,COIN,194.17
2024-08-07,COIN,178.91
2024-08-08,COIN,192.32
2024-08-09,COIN,196.29
2024-08-12,COIN,191.74
2024-08-13,COIN,197.94
2024-08-14,COIN,195.96
2024-08-15,COIN,197.12
2024-08-16,COIN,205.31
2024-08-19,COIN,204.46
2024-08-20,COIN,197.25
2024-08-21,COIN,206.23
2024-08-22,COIN,198.43
2024-08-23,COIN,211.4
2024-08-26,COIN,204.0
2024-08-27,COIN,198.3
2024-08-28,COIN,190.2
2024-08-29,COIN,188.28
2024-08-30,COIN,183.36
2024-09-03,COIN,169.13
2024-09-04,COIN,163.22
2024-09-05,COIN,159.7
2024-09-06,COIN,147.35
2024-09-09,COIN,155.05
2024-09-10,COIN,158.46
2024-09-11,COIN,157.15
2024-09-12,COIN,162.89
2024-09-13,COIN,163.05
2024-09-16,COIN,161.5
2024-09-17,COIN,162.45
2024-09-18,COIN,162.64
2024-09-19,COIN,168.24
2024-09-20,COIN,170.09
2024-09-23,COIN,170.22
2024-09-24,COIN,171.68
2024-09-25,COIN,167.08
2024-09-26,COIN,179.93
2024-09-27,COIN,191.23
2024-09-30,COIN,178.17
2024-10-01,COIN,165.01
2024-10-02,COIN,164.47
2024-10-03,COIN,163.1
2024-10-04,COIN,170.91
2024-10-07,COIN,168.92
2024-10-08,COIN,167.69
2024-10-09,COIN,166.97
2024-10-10,COIN,164.27
2024-10-11,COIN,176.38
2024-10-14,COIN,196.35
2024-10-15,COIN,196.34
2024-10-16,COIN,210.48
2024-10-17,COIN,204.2
2024-10-18,COIN,220.21
2024-10-21,COIN,213.72
2024-10-22,COIN,210.72
2024-10-23,COIN,198.93
2024-10-24,COIN,209.16
2024-10-25,COIN,205.04
2024-10-28,COIN,216.1
2024-10-29,COIN,219.66
2024-10-30,COIN,211.74
2024-10-31,COIN,179.25
2024-11-01,COIN,182.88
2024-11-04,COIN,186.27
2024-11-05,COIN,193.96
2024-11-06,COIN,254.31
2024-11-07,COIN,255.58
2024-11-08,COIN,270.74
2024-11-11,COIN,324.24
2024-11-12,COIN,319.13
2024-11-13,COIN,284.72
2024-11-14,COIN,278.84
2024-11-15,COIN,305.85
2024-11-18,COIN,325.41
2024-11-19,COIN,324.57
2024-11-20,COIN,320.01
2024-11-21,COIN,295.23
2024-11-22,COIN,304.64
2024-11-25,COIN,312.22
2024-11-26,COIN,293.29
2024-11-27,COIN,310.98
2024-11-29,COIN,296.2
2024-12-02,COIN,302.4
2024-12-03,COIN,309.35
2024-12-04,COIN,330.94
2024-12-05,COIN,320.57
2024-12-06,COIN,343.62
2024-12-09,COIN,310.52
2024-12-10,COIN,302.42
2024-12-11,COIN,313.81
2024-12-12,COIN,312.96
2024-12-13,COIN,310.58
2024-12-16,COIN,315.31
2024-12-17,COIN,311.64
2024-12-18,COIN,279.86
2024-12-19,COIN,273.92
2024-12-20,COIN,278.71
2024-12-23,COIN,268.15
2024-12-24,COIN,279.62
2024-12-26,COIN,274.41
2024-12-27,COIN,265.71
2024-12-30,COIN,255.56
2024-01-02,MRVL,57.78
2024-01-03,MRVL,56.38
2024-01-04,MRVL,57.74
2024-01-05,MRVL,59.58
2024-01-08,MRVL,63.75
2024-01-09,MRVL,63.11
2024-01-10,MRVL,63.07
2024-01-11,MRVL,65.5
2024-01-12,MRVL,65.31
2024-01-16,MRVL,65.15
2024-01-17,MRVL,64.99
2024-01-18,MRVL,67.83
2024-01-19,MRVL,70.68
2024-01-22,MRVL,69.72
2024-01-23,MRVL,70.2
2024-01-24,MRVL,71.87
2024-01-25,MRVL,69.61
2024-01-26,MRVL,67.66
2024-01-29,MRVL,69.75
2024-01-30,MRVL,68.44
2024-01-31,MRVL,67.32
2024-02-01,MRVL,66.5
2024-02-02,MRVL,67.15
2024-02-05,MRVL,66.64
2024-02-06,MRVL,66.7
2024-02-07,MRVL,68.98
2024-02-08,MRVL,70.62
2024-02-09,MRVL,68.44
2024-02-12,MRVL,70.03
2024-02-13,MRVL,67.75
2024-02-14,MRVL,68.57
2024-02-15,MRVL,67.06
2024-02-16,MRVL,65.92
2024-02-20,MRVL,64.68
2024-02-21,MRVL,65.15
2024-02-22,MRVL,69.48
2024-02-23,MRVL,67.2
2024-02-26,MRVL,68.24
2024-02-27,MRVL,68.74
2024-02-28,MRVL,67.16
2024-02-29,MRVL,71.26
2024-03-01,MRVL,77.17
2024-03-04,MRVL,78.91
2024-03-05,MRVL,78.29
2024-03-06,MRVL,80.91
2024-03-07,MRVL,84.61
2024-03-08,MRVL,75.0
2024-03-11,MRVL,71.95
2024-03-12,MRVL,71.37
2024-03-13,MRVL,67.25
2024-03-14,MRVL,65.71
2024-03-15,MRVL,66.5
2024-03-18,MRVL,66.82
2024-03-19,MRVL,64.7
2024-03-20,MRVL,65.17
2024-03-21,MRVL,66.22
2024-03-22,MRVL,66.17
2024-03-25,MRVL,65.75
2024-03-26,MRVL,67.88
2024-03-27,MRVL,71.9
2024-03-28,MRVL,70.48
2024-04-01,MRVL,72.79
2024-04-02,MRVL,73.18
2024-04-03,MRVL,72.62
2024-04-04,MRVL,70.48
2024-04-05,MRVL,72.24
2024-04-08,MRVL,71.52
2024-04-09,MRVL,72.93
2024-04-10,MRVL,71.03
2024-04-11,MRVL,71.19
2024-04-12,MRVL,69.83
2024-04-15,MRVL,67.56
2024-04-16,MRVL,67.95
2024-04-17,MRVL,66.16
2024-04-18,MRVL,64.93
2024-04-19,MRVL,61.83
2024-04-22,MRVL,62.58
2024-04-23,MRVL,63.56
2024-04-24,MRVL,64.54
2024-04-25,MRVL,67.16
2024-04-26,MRVL,69.29
2024-04-29,MRVL,68.42
2024-04-30,MRVL,65.6
2024-05-01,MRVL,63.52
2024-05-02,MRVL,66.35
2024-05-03,MRVL,68.18
2024-05-06,MRVL,69.49
2024-05-07,MRVL,68.35
2024-05-08,MRVL,67.79
2024-05-09,MRVL,67.36
2024-05-10,MRVL,68.14
2024-05-13,MRVL,68.69
2024-05-14,MRVL,67.7
2024-05-15,MRVL,69.82
2024-05-16,MRVL,72.73
2024-05-17,MRVL,71.58
2024-05-20,MRVL,74.11
2024-05-21,MRVL,72.95
2024-05-22,MRVL,73.33
2024-05-23,MRVL,74.66
2024-05-24,MRVL,76.31
2024-05-28,MRVL,77.96
2024-05-29,MRVL,75.42
2024-05-30,MRVL,76.48
2024-05-31,MRVL,68.48
2024-06-03,MRVL,67.88
2024-06-04,MRVL,66.06
2024-06-05,MRVL,69.47
2024-06-06,MRVL,67.78
2024-06-07,MRVL,67.67
2024-06-10,MRVL,69.14
2024-06-11,MRVL,70.06
2024-06-12,MRVL,73.01
2024-06-13,MRVL,72.52
2024-06-14,MRVL,72.92
2024-06-17,MRVL,71.48
2024-06-18,MRVL,72.79
2024-06-20,MRVL,72.89
2024-06-21,MRVL,71.55
2024-06-24,MRVL,67.45
2024-06-25,MRVL,67.93
2024-06-26,MRVL,67.94
2024-06-27,MRVL,68.4
2024-06-28,MRVL,69.57
2024-07-01,MRVL,70.66
2024-07-02,MRVL,71.26
2024-07-03,MRVL,71.86
2024-07-05,MRVL,71.74
2024-07-08,MRVL,74.55
2024-07-09,MRVL,73.49
2024-07-10,MRVL,74.52
2024-07-11,MRVL,71.84
2024-07-12,MRVL,73.3
2024-07-15,MRVL,73.31
2024-07-16,MRVL,75.3
2024-07-17,MRVL,67.66
2024-07-18,MRVL,67.94
2024-07-19,MRVL,66.25
2024-07-22,MRVL,68.74
2024-07-23,MRVL,68.12
2024-07-24,MRVL,64.1
2024-07-25,MRVL,63.74
2024-07-26,MRVL,65.46
2024-07-29,MRVL,64.23
2024-07-30,MRVL,62.55
2024-07-31,MRVL,66.72
2024-08-01,MRVL,62.81
2024-08-02,MRVL,59.02
2024-08-05,MRVL,57.44
2024-08-06,MRVL,57.99
2024-08-07,MRVL,55.93
2024-08-08,MRVL,60.92
2024-08-09,MRVL,60.32
2024-08-12,MRVL,60.27
2024-08-13,MRVL,63.8
2024-08-14,MRVL,63.54
2024-08-15,MRVL,69.06
2024-08-16,MRVL,69.05
2024-08-19,MRVL,70.76
2024-08-20,MRVL,69.14
2024-08-21,MRVL,71.06
2024-08-22,MRVL,68.39
2024-08-23,MRVL,71.56
2024-08-26,MRVL,68.55
2024-08-27,MRVL,69.44
2024-08-28,MRVL,68.17
2024-08-29,MRVL,69.56
2024-08-30,MRVL,75.94
2024-09-03,MRVL,69.74
2024-09-04,MRVL,70.59
2024-09-05,MRVL,69.61
2024-09-06,MRVL,65.94
2024-09-09,MRVL,68.66
2024-09-10,MRVL,71.32
2024-09-11,MRVL,74.59
2024-09-12,MRVL,74.01
2024-09-13,MRVL,74.19
2024-09-16,MRVL,73.11
2024-09-17,MRVL,72.48
2024-09-18,MRVL,71.27
2024-09-19,MRVL,74.58
2024-09-20,MRVL,73.58
2024-09-23,MRVL,71.53
2024-09-24,MRVL,70.92
2024-09-25,MRVL,70.9
2024-09-26,MRVL,73.16
2024-09-27,MRVL,70.71
2024-09-30,MRVL,71.84
2024-10-01,MRVL,70.03
2024-10-02,MRVL,71.76
2024-10-03,MRVL,71.96
2024-10-04,MRVL,73.12
2024-10-07,MRVL,73.43
2024-10-08,MRVL,72.82
2024-10-09,MRVL,72.55
2024-10-10,MRVL,72.25
2024-10-11,MRVL,73.78
2024-10-14,MRVL,77.44
2024-10-15,MRVL,79.16
2024-10-16,MRVL,81.43
2024-10-17,MRVL,79.66
2024-10-18,MRVL,79.6
2024-10-21,MRVL,81.57
2024-10-22,MRVL,83.09
2024-10-23,MRVL,81.57
2024-10-24,MRVL,81.67
2024-10-25,MRVL,81.36
2024-10-28,MRVL,83.18
2024-10-29,MRVL,84.61
2024-10-30,MRVL,82.54
2024-10-31,MRVL,79.86
2024-11-01,MRVL,84.51
2024-11-04,MRVL,84.12
2024-11-05,MRVL,86.92
2024-11-06,MRVL,90.35
2024-11-07,MRVL,93.65
2024-11-08,MRVL,93.51
2024-11-11,MRVL,91.96
2024-11-12,MRVL,92.49
2024-11-13,MRVL,89.79
2024-11-14,MRVL,90.42
2024-11-15,MRVL,87.56
2024-11-18,MRVL,88.43
2024-11-19,MRVL,89.06
2024-11-20,MRVL,89.58
2024-11-21,MRVL,92.65
2024-11-22,MRVL,92.22
2024-11-25,MRVL,91.95
2024-11-26,MRVL,92.85
2024-11-27,MRVL,89.82
2024-11-29,MRVL,92.4
2024-12-02,MRVL,96.56
2024-12-03,MRVL,95.61
2024-12-04,MRVL,117.78
2024-12-05,MRVL,113.02
2024-12-06,MRVL,113.16
2024-12-09,MRVL,106.7
2024-12-10,MRVL,106.35
2024-12-11,MRVL,111.01
2024-12-12,MRVL,108.67
2024-12-13,MRVL,120.39
2024-12-16,MRVL,124.39
2024-12-17,MRVL,111.9
2024-12-18,MRVL,104.95
2024-12-19,MRVL,108.77
2024-12-20,MRVL,111.55
2024-12-23,MRVL,113.41
2024-12-24,MRVL,115.59
2024-12-26,MRVL,115.35
2024-12-27,MRVL,113.27
2024-12-30,MRVL,111.31
2024-01-02,PFE,26.13
2024-01-03,PFE,26.13
2024-01-04,PFE,25.56
2024-01-05,PFE,25.9
2024-01-08,PFE,26.0
2024-01-09,PFE,25.84
2024-01-10,PFE,25.48
2024-01-11,PFE,24.96
2024-01-12,PFE,25.22
2024-01-16,PFE,24.89
2024-01-17,PFE,24.74
2024-01-18,PFE,24.69
2024-01-19,PFE,24.85
2024-01-22,PFE,24.88
2024-01-23,PFE,24.98
2024-01-24,PFE,24.9
2024-01-25,PFE,24.5
2024-01-26,PFE,24.5
2024-01-29,PFE,24.51
2024-01-30,PFE,24.1
2024-01-31,PFE,24.16
2024-02-01,PFE,24.34
2024-02-02,PFE,24.02
2024-02-05,PFE,23.7
2024-02-06,PFE,24.53
2024-02-07,PFE,24.58
2024-02-08,PFE,24.59
2024-02-09,PFE,24.58
2024-02-12,PFE,24.67
2024-02-13,PFE,24.06
2024-02-14,PFE,24.18
2024-02-15,PFE,24.54
2024-02-16,PFE,24.64
2024-02-20,PFE,24.61
2024-02-21,PFE,24.68
2024-02-22,PFE,24.58
2024-02-23,PFE,24.76
2024-02-26,PFE,24.25
2024-02-27,PFE,23.99
2024-02-28,PFE,24.12
2024-02-29,PFE,23.69
2024-03-01,PFE,23.72
2024-03-04,PFE,23.09
2024-03-05,PFE,23.26
2024-03-06,PFE,24.25
2024-03-07,PFE,23.9
2024-03-08,PFE,24.28
2024-03-11,PFE,25.31
2024-03-12,PFE,24.99
2024-03-13,PFE,25.17
2024-03-14,PFE,25.09
2024-03-15,PFE,24.92
2024-03-18,PFE,24.73
2024-03-19,PFE,24.65
2024-03-20,PFE,24.71
2024-03-21,PFE,24.67
2024-03-22,PFE,24.41
2024-03-25,PFE,24.47
2024-03-26,PFE,24.61
2024-03-27,PFE,24.78
2024-03-28,PFE,24.75
2024-04-01,PFE,24.73
2024-04-02,PFE,24.58
2024-04-03,PFE,24.28
2024-04-04,PFE,23.77
2024-04-05,PFE,23.78
2024-04-08,PFE,23.71
2024-04-09,PFE,23.89
2024-04-10,PFE,23.48
2024-04-11,PFE,23.5
2024-04-12,PFE,23.07
2024-04-15,PFE,23.11
2024-04-16,PFE,22.92
2024-04-17,PFE,22.68
2024-04-18,PFE,22.65
2024-04-19,PFE,23.19
2024-04-22,PFE,23.42
2024-04-23,PFE,23.48
2024-04-24,PFE,23.43
2024-04-25,PFE,22.53
2024-04-26,PFE,22.66
2024-04-29,PFE,22.87
2024-04-30,PFE,22.85
2024-05-01,PFE,24.25
2024-05-02,PFE,24.71
2024-05-03,PFE,24.81
2024-05-06,PFE,25.12
2024-05-07,PFE,24.77
2024-05-08,PFE,25.22
2024-05-09,PFE,25.52
2024-05-10,PFE,25.36
2024-05-13,PFE,25.75
2024-05-14,PFE,25.7
2024-05-15,PFE,26.1
2024-05-16,PFE,26.19
2024-05-17,PFE,25.93
2024-05-20,PFE,25.83
2024-05-21,PFE,25.86
2024-05-22,PFE,26.8
2024-05-23,PFE,25.98
2024-05-24,PFE,26.15
2024-05-28,PFE,25.63
2024-05-29,PFE,25.19
2024-05-30,PFE,25.53
2024-05-31,PFE,25.95
2024-06-03,PFE,26.54
2024-06-04,PFE,26.7
2024-06-05,PFE,26.76
2024-06-06,PFE,26.08
2024-06-07,PFE,25.88
2024-06-10,PFE,25.42
2024-06-11,PFE,25.38
2024-06-12,PFE,25.05
2024-06-13,PFE,25.04
2024-06-14,PFE,24.93
2024-06-17,PFE,24.43
2024-06-18,PFE,24.82
2024-06-20,PFE,25.12
2024-06-21,PFE,25.12
2024-06-24,PFE,25.68
2024-06-25,PFE,25.34
2024-06-26,PFE,24.83
2024-06-27,PFE,25.17
2024-06-28,PFE,25.34
2024-07-01,PFE,25.55
2024-07-02,PFE,25.2
2024-07-03,PFE,25.08
2024-07-05,PFE,25.4
2024-07-08,PFE,25.29
2024-07-09,PFE,25.1
2024-07-10,PFE,25.67
2024-07-11,PFE,25.95
2024-07-12,PFE,26.19
2024-07-15,PFE,26.35
2024-07-16,PFE,26.71
2024-07-17,PFE,27.19
2024-07-18,PFE,26.9
2024-07-19,PFE,27.14
2024-07-22,PFE,26.8
2024-07-23,PFE,26.71
2024-07-24,PFE,27.15
2024-07-25,PFE,27.33
2024-07-26,PFE,28.25
2024-07-29,PFE,28.21
2024-07-30,PFE,28.82
2024-07-31,PFE,28.04
2024-08-01,PFE,28.14
2024-08-02,PFE,27.94
2024-08-05,PFE,27.31
2024-08-06,PFE,26.92
2024-08-07,PFE,26.49
2024-08-08,PFE,26.41
2024-08-09,PFE,26.22
2024-08-12,PFE,26.12
2024-08-13,PFE,26.49
2024-08-14,PFE,26.52
2024-08-15,PFE,26.36
2024-08-16,PFE,25.99
2024-08-19,PFE,26.45
2024-08-20,PFE,26.54
2024-08-21,PFE,26.66
2024-08-22,PFE,26.43
2024-08-23,PFE,26.54
2024-08-26,PFE,26.56
2024-08-27,PFE,26.46
2024-08-28,PFE,26.4
2024-08-29,PFE,26.37
2024-08-30,PFE,26.64
2024-09-03,PFE,25.99
2024-09-04,PFE,26.07
2024-09-05,PFE,26.18
2024-09-06,PFE,26.23
2024-09-09,PFE,27.01
2024-09-10,PFE,27.31
2024-09-11,PFE,27.24
2024-09-12,PFE,26.78
2024-09-13,PFE,26.88
2024-09-16,PFE,27.61
2024-09-17,PFE,27.39
2024-09-18,PFE,27.32
2024-09-19,PFE,27.24
2024-09-20,PFE,27.02
2024-09-23,PFE,26.91
2024-09-24,PFE,27.09
2024-09-25,PFE,26.57
2024-09-26,PFE,26.6
2024-09-27,PFE,26.71
2024-09-30,PFE,26.57
2024-10-01,PFE,26.33
2024-10-02,PFE,26.27
2024-10-03,PFE,26.02
2024-10-04,PFE,26.24
2024-10-07,PFE,26.81
2024-10-08,PFE,26.79
2024-10-09,PFE,27.72
2024-10-10,PFE,26.94
2024-10-11,PFE,26.78
2024-10-14,PFE,26.7
2024-10-15,PFE,27.03
2024-10-16,PFE,27.24
2024-10-17,PFE,26.88
2024-10-18,PFE,26.83
2024-10-21,PFE,26.57
2024-10-22,PFE,26.48
2024-10-23,PFE,26.5
2024-10-24,PFE,26.3
2024-10-25,PFE,26.12
2024-10-28,PFE,26.5
2024-10-29,PFE,26.13
2024-10-30,PFE,26.19
2024-10-31,PFE,25.99
2024-11-01,PFE,25.79
2024-11-04,PFE,25.49
2024-11-05,PFE,25.7
2024-11-06,PFE,25.12
2024-11-07,PFE,25.22
2024-11-08,PFE,24.92
2024-11-11,PFE,24.47
2024-11-12,PFE,24.42
2024-11-13,PFE,24.92
2024-11-14,PFE,24.26
2024-11-15,PFE,23.13
2024-11-18,PFE,23.18
2024-11-19,PFE,23.41
2024-11-20,PFE,23.26
2024-11-21,PFE,23.43
2024-11-22,PFE,23.92
2024-11-25,PFE,24.4
2024-11-26,PFE,24.03
2024-11-27,PFE,24.09
2024-11-29,PFE,24.44
2024-12-02,PFE,24.08
2024-12-03,PFE,23.84
2024-12-04,PFE,23.53
2024-12-05,PFE,23.97
2024-12-06,PFE,23.99
2024-12-09,PFE,24.34
2024-12-10,PFE,23.84
2024-12-11,PFE,23.53
2024-12-12,PFE,23.66
2024-12-13,PFE,23.85
2024-12-16,PFE,23.55
2024-12-17,PFE,24.65
2024-12-18,PFE,24.14
2024-12-19,PFE,24.03
2024-12-20,PFE,24.58
2024-12-23,PFE,24.91
2024-12-24,PFE,24.94
2024-12-26,PFE,24.77
2024-12-27,PFE,24.82
2024-12-30,PFE,24.64
2024-01-02,AVGO,106.34
2024-01-03,AVGO,103.71
2024-01-04,AVGO,102.78
2024-01-05,AVGO,102.8
2024-01-08,AVGO,105.31
2024-01-09,AVGO,106.06
2024-01-10,AVGO,105.87
2024-01-11,AVGO,107.77
2024-01-12,AVGO,108.52
2024-01-16,AVGO,109.24
2024-01-17,AVGO,108.13
2024-01-18,AVGO,112.07
2024-01-19,AVGO,118.67
2024-01-22,AVGO,119.58
2024-01-23,AVGO,120.15
2024-01-24,AVGO,122.85
2024-01-25,AVGO,120.51
2024-01-26,AVGO,118.05
2024-01-29,AVGO,119.31
2024-01-30,AVGO,118.37
2024-01-31,AVGO,115.61
2024-02-01,AVGO,117.57
2024-02-02,AVGO,119.95
2024-02-05,AVGO,121.79
2024-02-06,AVGO,119.79
2024-02-07,AVGO,123.16
2024-02-08,AVGO,124.89
2024-02-09,AVGO,125.74
2024-02-12,AVGO,123.94
2024-02-13,AVGO,122.63
2024-02-14,AVGO,123.67
2024-02-15,AVGO,123.94
2024-02-16,AVGO,122.03
2024-02-20,AVGO,120.17
2024-02-21,AVGO,120.26
2024-02-22,AVGO,127.85
2024-02-23,AVGO,127.01
2024-02-26,AVGO,128.26
2024-02-27,AVGO,127.0
2024-02-28,AVGO,126.33
2024-02-29,AVGO,127.41
2024-03-01,AVGO,137.08
2024-03-04,AVGO,137.39
2024-03-05,AVGO,131.56
2024-03-06,AVGO,132.27
2024-03-07,AVGO,137.85
2024-03-08,AVGO,128.22
2024-03-11,AVGO,126.69
2024-03-12,AVGO,126.57
2024-03-13,AVGO,123.24
2024-03-14,AVGO,123.67
2024-03-15,AVGO,121.05
2024-03-18,AVGO,121.22
2024-03-19,AVGO,121.29
2024-03-20,AVGO,125.55
2024-03-21,AVGO,132.63
2024-03-22,AVGO,133.17
2024-03-25,AVGO,132.98
2024-03-26,AVGO,131.01
2024-03-27,AVGO,129.75
2024-03-28,AVGO,130.41
2024-04-01,AVGO,132.85
2024-04-02,AVGO,131.72
2024-04-03,AVGO,134.13
2024-04-04,AVGO,129.63
2024-04-05,AVGO,131.79
2024-04-08,AVGO,131.46
2024-04-09,AVGO,131.26
2024-04-10,AVGO,130.11
2024-04-11,AVGO,136.02
2024-04-12,AVGO,132.25
2024-04-15,AVGO,128.96
2024-04-16,AVGO,130.77
2024-04-17,AVGO,126.2
2024-04-18,AVGO,123.87
2024-04-19,AVGO,118.53
2024-04-22,AVGO,120.48
2024-04-23,AVGO,122.91
2024-04-24,AVGO,123.66
2024-04-25,AVGO,127.36
2024-04-26,AVGO,132.25
2024-04-29,AVGO,131.71
2024-04-30,AVGO,127.94
2024-05-01,AVGO,122.29
2024-05-02,AVGO,121.86
2024-05-03,AVGO,125.76
2024-05-06,AVGO,128.92
2024-05-07,AVGO,128.22
2024-05-08,AVGO,130.41
2024-05-09,AVGO,128.47
2024-05-10,AVGO,131.14
2024-05-13,AVGO,131.6
2024-05-14,AVGO,135.78
2024-05-15,AVGO,141.31
2024-05-16,AVGO,138.94
2024-05-17,AVGO,137.28
2024-05-20,AVGO,139.13
2024-05-21,AVGO,137.67
2024-05-22,AVGO,136.98
2024-05-23,AVGO,137.09
2024-05-24,AVGO,138.52
2024-05-28,AVGO,138.97
2024-05-29,AVGO,136.83
2024-05-30,AVGO,134.21
2024-05-31,AVGO,130.72
2024-06-03,AVGO,130.06
2024-06-04,AVGO,130.94
2024-06-05,AVGO,139.04
2024-06-06,AVGO,137.87
2024-06-07,AVGO,138.4
2024-06-10,AVGO,141.73
2024-06-11,AVGO,143.75
2024-06-12,AVGO,147.15
2024-06-13,AVGO,165.2
2024-06-14,AVGO,170.71
2024-06-17,AVGO,179.95
2024-06-18,AVGO,177.35
2024-06-20,AVGO,170.67
2024-06-21,AVGO,163.2
2024-06-24,AVGO,157.16
2024-06-25,AVGO,156.03
2024-06-26,AVGO,157.14
2024-06-27,AVGO,156.61
2024-06-28,AVGO,158.47
2024-07-01,AVGO,161.95
2024-07-02,AVGO,163.6
2024-07-03,AVGO,170.68
2024-07-05,AVGO,168.12
2024-07-08,AVGO,172.32
2024-07-09,AVGO,171.08
2024-07-10,AVGO,172.21
2024-07-11,AVGO,168.38
2024-07-12,AVGO,167.86
2024-07-15,AVGO,169.2
2024-07-16,AVGO,167.19
2024-07-17,AVGO,153.96
2024-07-18,AVGO,158.44
2024-07-19,AVGO,155.31
2024-07-22,AVGO,158.97
2024-07-23,AVGO,161.65
2024-07-24,AVGO,149.38
2024-07-25,AVGO,147.33
2024-07-26,AVGO,149.67
2024-07-29,AVGO,148.27
2024-07-30,AVGO,141.66
2024-07-31,AVGO,158.6
2024-08-01,AVGO,145.11
2024-08-02,AVGO,141.96
2024-08-05,AVGO,140.24
2024-08-06,AVGO,142.05
2024-08-07,AVGO,134.5
2024-08-08,AVGO,143.85
2024-08-09,AVGO,146.34
2024-08-12,AVGO,146.69
2024-08-13,AVGO,154.14
2024-08-14,AVGO,155.65
2024-08-15,AVGO,163.98
2024-08-16,AVGO,163.57
2024-08-19,AVGO,165.54
2024-08-20,AVGO,163.8
2024-08-21,AVGO,163.63
2024-08-22,AVGO,160.24
2024-08-23,AVGO,164.2
2024-08-26,AVGO,157.55
2024-08-27,AVGO,159.3
2024-08-28,AVGO,156.13
2024-08-29,AVGO,154.9
2024-08-30,AVGO,160.71
2024-09-03,AVGO,150.81
2024-09-04,AVGO,152.12
2024-09-05,AVGO,150.84
2024-09-06,AVGO,135.22
2024-09-09,AVGO,139.0
2024-09-10,AVGO,146.29
2024-09-11,AVGO,156.22
2024-09-12,AVGO,162.43
2024-09-13,AVGO,165.52
2024-09-16,AVGO,161.89
2024-09-17,AVGO,160.36
2024-09-18,AVGO,159.57
2024-09-19,AVGO,165.79
2024-09-20,AVGO,169.44
2024-09-23,AVGO,171.26
2024-09-24,AVGO,173.14
2024-09-25,AVGO,173.82
2024-09-26,AVGO,176.36
2024-09-27,AVGO,171.01
2024-09-30,AVGO,170.82
2024-10-01,AVGO,165.84
2024-10-02,AVGO,169.0
2024-10-03,AVGO,170.22
2024-10-04,AVGO,174.92
2024-10-07,AVGO,173.38
2024-10-08,AVGO,178.97
2024-10-09,AVGO,184.14
2024-10-10,AVGO,183.89
2024-10-11,AVGO,179.72
2024-10-14,AVGO,180.54
2024-10-15,AVGO,174.27
2024-10-16,AVGO,175.1
2024-10-17,AVGO,179.77
2024-10-18,AVGO,178.14
2024-10-21,AVGO,178.24
2024-10-22,AVGO,177.64
2024-10-23,AVGO,171.82
2024-10-24,AVGO,169.69
2024-10-25,AVGO,171.32
2024-10-28,AVGO,170.35
2024-10-29,AVGO,177.5
2024-10-30,AVGO,174.92
2024-10-31,AVGO,168.12
2024-11-01,AVGO,167.28
2024-11-04,AVGO,166.91
2024-11-05,AVGO,172.21
2024-11-06,AVGO,177.81
2024-11-07,AVGO,182.02
2024-11-08,AVGO,181.86
2024-11-11,AVGO,177.17
2024-11-12,AVGO,174.51
2024-11-13,AVGO,171.89
2024-11-14,AVGO,168.73
2024-11-15,AVGO,163.24
2024-11-18,AVGO,164.06
2024-11-19,AVGO,163.74
2024-11-20,AVGO,161.66
2024-11-21,AVGO,162.35
2024-11-22,AVGO,162.63
2024-11-25,AVGO,163.22
2024-11-26,AVGO,163.14
2024-11-27,AVGO,158.12
2024-11-29,AVGO,160.51
2024-12-02,AVGO,164.89
2024-12-03,AVGO,166.52
2024-12-04,AVGO,168.9
2024-12-05,AVGO,168.81
2024-12-06,AVGO,177.79
2024-12-09,AVGO,177.2
2024-12-10,AVGO,170.14
2024-12-11,AVGO,181.42
2024-12-12,AVGO,178.91
2024-12-13,AVGO,222.62
2024-12-16,AVGO,247.57
2024-12-17,AVGO,237.9
2024-12-18,AVGO,221.45
2024-12-19,AVGO,216.2
2024-12-20,AVGO,218.65
2024-12-23,AVGO,230.71
2024-12-24,AVGO,237.99
2024-12-26,AVGO,243.63
2024-12-27,AVGO,240.04
2024-12-30,AVGO,233.92
2024-01-02,YPF,16.52
2024-01-03,YPF,16.77
2024-01-04,YPF,16.23
2024-01-05,YPF,16.7
2024-01-08,YPF,16.71
2024-01-09,YPF,16.04
2024-01-10,YPF,15.9
2024-01-11,YPF,15.99
2024-01-12,YPF,15.89
2024-01-16,YPF,14.91
2024-01-17,YPF,15.0
2024-01-18,YPF,15.2
2024-01-19,YPF,15.63
2024-01-22,YPF,15.64
2024-01-23,YPF,15.79
2024-01-24,YPF,16.44
2024-01-25,YPF,17.37
2024-01-26,YPF,17.69
2024-01-29,YPF,17.54
2024-01-30,YPF,17.29
2024-01-31,YPF,17.28
2024-02-01,YPF,17.49
2024-02-02,YPF,17.18
2024-02-05,YPF,16.41
2024-02-06,YPF,16.53
2024-02-07,YPF,16.04
2024-02-08,YPF,15.81
2024-02-09,YPF,16.64
2024-02-12,YPF,16.74
2024-02-13,YPF,16.66
2024-02-14,YPF,17.02
2024-02-15,YPF,17.0
2024-02-16,YPF,16.85
2024-02-20,YPF,16.71
2024-02-21,YPF,16.96
2024-02-22,YPF,18.05
2024-02-23,YPF,18.04
2024-02-26,YPF,17.91
2024-02-27,YPF,17.41
2024-02-28,YPF,17.07
2024-02-29,YPF,17.3
2024-03-01,YPF,17.83
2024-03-04,YPF,18.71
2024-03-05,YPF,18.2
2024-03-06,YPF,18.67
2024-03-07,YPF,18.32
2024-03-08,YPF,17.65
2024-03-11,YPF,17.34
2024-03-12,YPF,17.64
2024-03-13,YPF,18.11
2024-03-14,YPF,18.0
2024-03-15,YPF,18.06
2024-03-18,YPF,19.26
2024-03-19,YPF,18.97
2024-03-20,YPF,19.36
2024-03-21,YPF,20.19
2024-03-22,YPF,20.26
2024-03-25,YPF,20.37
2024-03-26,YPF,19.8
2024-03-27,YPF,20.12
2024-03-28,YPF,19.8
2024-04-01,YPF,19.63
2024-04-02,YPF,19.91
2024-04-03,YPF,20.64
2024-04-04,YPF,20.23
2024-04-05,YPF,21.04
2024-04-08,YPF,21.71
2024-04-09,YPF,21.75
2024-04-10,YPF,21.46
2024-04-11,YPF,21.61
2024-04-12,YPF,21.17
2024-04-15,YPF,20.21
2024-04-16,YPF,20.25
2024-04-17,YPF,19.47
2024-04-18,YPF,19.07
2024-04-19,YPF,19.34
2024-04-22,YPF,20.79
2024-04-23,YPF,20.87
2024-04-24,YPF,20.16
2024-04-25,YPF,20.24
2024-04-26,YPF,21.17
2024-04-29,YPF,21.48
2024-04-30,YPF,21.96
2024-05-01,YPF,22.08
2024-05-02,YPF,22.36
2024-05-03,YPF,23.38
2024-05-06,YPF,23.88
2024-05-07,YPF,24.03
2024-05-08,YPF,24.46
2024-05-09,YPF,24.38
2024-05-10,YPF,22.78
2024-05-13,YPF,22.78
2024-05-14,YPF,23.02
2024-05-15,YPF,23.91
2024-05-16,YPF,23.64
2024-05-17,YPF,23.44
2024-05-20,YPF,23.77
2024-05-21,YPF,23.53
2024-05-22,YPF,21.77
2024-05-23,YPF,21.35
2024-05-24,YPF,21.01
2024-05-28,YPF,22.25
2024-05-29,YPF,22.46
2024-05-30,YPF,23.91
2024-05-31,YPF,23.21
2024-06-03,YPF,22.1
2024-06-04,YPF,20.28
2024-06-05,YPF,20.81
2024-06-06,YPF,20.1
2024-06-07,YPF,20.02
2024-06-10,YPF,20.83
2024-06-11,YPF,20.27
2024-06-12,YPF,20.67
2024-06-13,YPF,21.17
2024-06-14,YPF,20.88
2024-06-17,YPF,20.44
2024-06-18,YPF,21.01
2024-06-20,YPF,20.76
2024-06-21,YPF,20.3
2024-06-24,YPF,20.77
2024-06-25,YPF,20.82
2024-06-26,YPF,20.28
2024-06-27,YPF,20.72
2024-06-28,YPF,20.12
2024-07-01,YPF,19.34
2024-07-02,YPF,20.01
2024-07-03,YPF,20.15
2024-07-05,YPF,20.08
2024-07-08,YPF,20.55
2024-07-09,YPF,20.73
2024-07-10,YPF,21.05
2024-07-11,YPF,21.13
2024-07-12,YPF,21.29
2024-07-15,YPF,20.99
2024-07-16,YPF,20.64
2024-07-17,YPF,19.87
2024-07-18,YPF,19.91
2024-07-19,YPF,20.19
2024-07-22,YPF,20.16
2024-07-23,YPF,20.47
2024-07-24,YPF,19.69
2024-07-25,YPF,19.68
2024-07-26,YPF,19.98
2024-07-29,YPF,19.3
2024-07-30,YPF,18.95
2024-07-31,YPF,19.94
2024-08-01,YPF,19.37
2024-08-02,YPF,18.14
2024-08-05,YPF,18.06
2024-08-06,YPF,18.45
2024-08-07,YPF,19.03
2024-08-08,YPF,19.78
2024-08-09,YPF,20.58
2024-08-12,YPF,21.44
2024-08-13,YPF,21.59
2024-08-14,YPF,21.6
2024-08-15,YPF,21.78
2024-08-16,YPF,21.67
2024-08-19,YPF,21.79
2024-08-20,YPF,21.64
2024-08-21,YPF,21.12
2024-08-22,YPF,20.68
2024-08-23,YPF,21.07
2024-08-26,YPF,21.32
2024-08-27,YPF,21.59
2024-08-28,YPF,21.73
2024-08-29,YPF,22.44
2024-08-30,YPF,23.7
2024-09-03,YPF,23.25
2024-09-04,YPF,24.04
2024-09-05,YPF,23.92
2024-09-06,YPF,23.35
2024-09-09,YPF,23.27
2024-09-10,YPF,22.72
2024-09-11,YPF,22.82
2024-09-12,YPF,23.11
2024-09-13,YPF,23.31
2024-09-16,YPF,23.87
2024-09-17,YPF,23.65
2024-09-18,YPF,23.56
2024-09-19,YPF,24.26
2024-09-20,YPF,23.65
2024-09-23,YPF,22.88
2024-09-24,YPF,22.75
2024-09-25,YPF,22.35
2024-09-26,YPF,22.06
2024-09-27,YPF,21.68
2024-09-30,YPF,21.21
2024-10-01,YPF,21.67
2024-10-02,YPF,21.69
2024-10-03,YPF,22.36
2024-10-04,YPF,22.24
2024-10-07,YPF,21.98
2024-10-08,YPF,22.1
2024-10-09,YPF,23.59
2024-10-10,YPF,24.25
2024-10-11,YPF,24.88
2024-10-14,YPF,25.25
2024-10-15,YPF,25.74
2024-10-16,YPF,24.88
2024-10-17,YPF,25.02
2024-10-18,YPF,25.0
2024-10-21,YPF,24.87
2024-10-22,YPF,24.82
2024-10-23,YPF,24.3
2024-10-24,YPF,25.11
2024-10-25,YPF,25.65
2024-10-28,YPF,25.51
2024-10-29,YPF,24.84
2024-10-30,YPF,24.55
2024-10-31,YPF,24.51
2024-11-01,YPF,25.37
2024-11-04,YPF,26.59
2024-11-05,YPF,27.49
2024-11-06,YPF,28.25
2024-11-07,YPF,29.32
2024-11-08,YPF,29.24
2024-11-11,YPF,29.84
2024-11-12,YPF,29.79
2024-11-13,YPF,30.91
2024-11-14,YPF,32.26
2024-11-15,YPF,32.39
2024-11-18,YPF,34.94
2024-11-19,YPF,35.55
2024-11-20,YPF,37.17
2024-11-21,YPF,37.47
2024-11-22,YPF,40.03
2024-11-25,YPF,39.26
2024-11-26,YPF,40.03
2024-11-27,YPF,39.71
2024-11-29,YPF,40.3
2024-12-02,YPF,40.22
2024-12-03,YPF,40.15
2024-12-04,YPF,38.38
2024-12-05,YPF,38.46
2024-12-06,YPF,38.87
2024-12-09,YPF,40.51
2024-12-10,YPF,40.65
2024-12-11,YPF,43.12
2024-12-12,YPF,43.96
2024-12-13,YPF,44.56
2024-12-16,YPF,44.58
2024-12-17,YPF,44.88
2024-12-18,YPF,41.69
2024-12-19,YPF,41.42
2024-12-20,YPF,42.02
2024-12-23,YPF,42.44
2024-12-24,YPF,42.79
2024-12-26,YPF,43.06
2024-12-27,YPF,42.64
2024-12-30,YPF,42.37
