Date,Ticker,Price,Ratio,CCL,Precio_CEDEAR_ARS
2024-01-02,NVDA,48.15,10,996.61,4798.67715
2024-01-03,NVDA,47.55,10,1048.82,4987.139099999999
2024-01-04,NVDA,47.98,10,1090.91,5234.18618
2024-01-05,NVDA,49.08,10,1140.44,5597.27952
2024-01-08,NVDA,52.23,10,1201.55,6275.69565
2024-01-09,NVDA,53.12,10,1193.5,6339.871999999999
2024-01-10,NVDA,54.33,10,1182.72,6425.71776
2024-01-11,NVDA,54.8,10,1148.09,6291.5332
2024-01-12,NVDA,54.69,10,1136.65,6216.33885
2024-01-16,NVDA,56.36,10,1213.74,6840.63864
2024-01-17,NVDA,56.03,10,1273.34,7134.52402
2024-01-18,NVDA,57.08,10,1282.58,7320.966639999999
2024-01-19,NVDA,59.46,10,1306.16,7766.42736
2024-01-22,NVDA,59.63,10,1312.49,7826.377870000001
2024-01-23,NVDA,59.85,10,1285.71,7694.9743499999995
2024-01-24,NVDA,61.33,10,1304.7,8001.725100000001
2024-01-25,NVDA,61.59,10,1281.95,7895.530050000001
2024-01-26,NVDA,61.0,10,1231.09,7509.648999999999
2024-01-29,NVDA,62.44,10,1263.18,7887.29592
2024-01-30,NVDA,62.75,10,1269.37,7965.2967499999995
2024-01-31,NVDA,61.5,10,1248.95,7681.0425000000005
2024-02-01,NVDA,63.0,10,1280.42,8066.646000000001
2024-02-02,NVDA,66.13,10,1288.36,8519.92468
2024-02-05,NVDA,69.3,10,1294.93,8973.8649
2024-02-06,NVDA,68.19,10,1249.42,8519.79498
2024-02-07,NVDA,70.07,10,1263.67,8854.53569
2024-02-08,NVDA,69.61,10,1246.57,8677.37377
2024-02-09,NVDA,72.1,10,1229.01,8861.1621
2024-02-12,NVDA,72.22,10,1229.01,8875.91022
2024-02-13,NVDA,72.1,10,1229.01,8861.1621
2024-02-14,NVDA,73.87,10,1174.95,8679.355650000001
2024-02-15,NVDA,72.63,10,1153.96,8381.21148
2024-02-16,NVDA,72.58,10,1112.9,8077.4282
2024-02-20,NVDA,69.42,10,1130.07,7844.94594
2024-02-21,NVDA,67.44,10,1114.22,7514.299679999999
2024-02-22,NVDA,78.5,10,1094.85,8594.572499999998
2024-02-23,NVDA,78.78,10,1114.71,8781.685379999999
2024-02-26,NVDA,79.06,10,1098.25,8682.764500000001
2024-02-27,NVDA,78.67,10,1087.26,8553.47442
2024-02-28,NVDA,77.63,10,1072.1,8322.7123
2024-02-29,NVDA,79.08,10,1071.73,8475.24084
2024-03-01,NVDA,82.24,10,1089.95,8963.7488
2024-03-04,NVDA,85.2,10,1065.88,9081.297600000002
2024-03-05,NVDA,85.93,10,1042.21,8955.71053
2024-03-06,NVDA,88.66,10,1022.5,9065.484999999999
2024-03-07,NVDA,92.63,10,1029.27,9534.128009999999
2024-03-08,NVDA,87.49,10,1048.98,9177.52602
2024-03-11,NVDA,85.74,10,1021.75,8760.4845
2024-03-12,NVDA,91.88,10,1067.23,9805.70924
2024-03-13,NVDA,90.85,10,1053.42,9570.3207
2024-03-14,NVDA,87.91,10,1060.45,9322.415949999999
2024-03-15,NVDA,87.8,10,1067.97,9376.776600000001
2024-03-18,NVDA,88.42,10,1080.99,9558.113580000001
2024-03-19,NVDA,89.36,10,1083.6,9683.049599999998
2024-03-20,NVDA,90.34,10,1097.82,9917.70588
2024-03-21,NVDA,91.4,10,1099.02,10045.0428
2024-03-22,NVDA,94.25,10,1096.17,10331.402250000001
2024-03-25,NVDA,94.96,10,1079.64,10252.26144
2024-03-26,NVDA,92.52,10,1101.71,10193.020919999999
2024-03-27,NVDA,90.21,10,1085.7,9794.0997
2024-03-28,NVDA,90.32,10,1085.7,9806.0424
2024-04-01,NVDA,90.33,10,1085.7,9807.1281
2024-04-02,NVDA,89.42,10,1085.7,9708.3294
2024-04-03,NVDA,88.93,10,1069.53,9511.330290000002
2024-04-04,NVDA,85.87,10,1057.04,9076.80248
2024-04-05,NVDA,87.97,10,1048.61,9224.622169999999
2024-04-08,NVDA,87.1,10,1034.67,9011.975699999999
2024-04-09,NVDA,85.32,10,1046.55,8929.1646
2024-04-10,NVDA,87.0,10,1045.49,9095.763
2024-04-11,NVDA,90.58,10,1048.9,9500.9362
2024-04-12,NVDA,88.15,10,1047.36,9232.4784
2024-04-15,NVDA,85.97,10,1074.13,9234.295610000001
2024-04-16,NVDA,87.38,10,1075.44,9397.19472
2024-04-17,NVDA,84.0,10,1062.34,8923.655999999999
2024-04-18,NVDA,84.64,10,1065.74,9020.42336
2024-04-19,NVDA,76.17,10,1068.81,8141.125770000001
2024-04-22,NVDA,79.49,10,1058.46,8413.69854
2024-04-23,NVDA,82.39,10,1051.95,8667.01605
2024-04-24,NVDA,79.65,10,1053.98,8394.950700000001
2024-04-25,NVDA,82.6,10,1081.23,8930.9598
2024-04-26,NVDA,87.7,10,1085.07,9516.0639
2024-04-29,NVDA,87.72,10,1090.83,9568.76076
2024-04-30,NVDA,86.37,10,1091.95,9431.172150000002
2024-05-01,NVDA,83.01,10,1091.95,9064.276950000001
2024-05-02,NVDA,85.78,10,1120.38,9610.61964
2024-05-03,NVDA,88.75,10,1121.12,9949.939999999999
2024-05-06,NVDA,92.1,10,1108.66,10210.7586
2024-05-07,NVDA,90.52,10,1094.7,9909.224400000001
2024-05-08,NVDA,90.38,10,1076.45,9728.9551
2024-05-09,NVDA,88.71,10,1083.85,9614.833349999997
2024-05-10,NVDA,89.84,10,1078.41,9688.435440000001
2024-05-13,NVDA,90.36,10,1075.73,9720.296279999999
2024-05-14,NVDA,91.32,10,1084.51,9903.745319999998
2024-05-15,NVDA,94.59,10,1092.63,10335.187170000001
2024-05-16,NVDA,94.32,10,1099.3,10368.5976
2024-05-17,NVDA,92.44,10,1104.04,10205.74576
2024-05-20,NVDA,94.74,10,1142.72,10826.12928
2024-05-21,NVDA,95.35,10,1196.31,11406.815849999999
2024-05-22,NVDA,94.91,10,1256.19,11922.49929
2024-05-23,NVDA,103.76,10,1256.24,13034.74624
2024-05-24,NVDA,106.43,10,1234.76,13141.55068
2024-05-28,NVDA,113.86,10,1233.95,14049.7547
2024-05-29,NVDA,114.78,10,1214.34,13938.19452
2024-05-30,NVDA,110.46,10,1213.09,13399.79214
2024-05-31,NVDA,109.59,10,1247.42,13670.475780000002
2024-06-03,NVDA,114.95,10,1297.47,14914.41765
2024-06-04,NVDA,116.39,10,1311.19,15260.940410000001
2024-06-05,NVDA,122.39,10,1304.36,15964.062039999999
2024-06-06,NVDA,120.95,10,1296.88,15685.763600000002
2024-06-07,NVDA,120.84,10,1313.02,15866.533679999999
2024-06-10,NVDA,121.74,10,1307.44,15916.77456
2024-06-11,NVDA,120.87,10,1305.74,15782.47938
2024-06-12,NVDA,125.16,10,1301.69,16291.95204
2024-06-13,NVDA,129.57,10,1274.41,16512.53037
2024-06-14,NVDA,131.84,10,1267.39,16709.269760000003
2024-06-17,NVDA,130.94,10,1267.39,16595.20466
2024-06-18,NVDA,135.54,10,1263.97,17131.84938
2024-06-20,NVDA,130.74,10,1263.97,16525.143780000002
2024-06-21,NVDA,126.53,10,1263.97,15993.012410000001
2024-06-24,NVDA,118.07,10,1313.9,15513.2173
2024-06-25,NVDA,126.05,10,1312.66,16546.0793
2024-06-26,NVDA,126.36,10,1341.33,16949.045879999998
2024-06-27,NVDA,123.95,10,1345.17,16673.38215
2024-06-28,NVDA,123.5,10,1350.08,16673.488
2024-07-01,NVDA,124.26,10,1412.26,17548.74276
2024-07-02,NVDA,122.63,10,1428.27,17514.87501
2024-07-03,NVDA,128.24,10,1394.4,17881.785600000003
2024-07-05,NVDA,125.79,10,1391.94,17509.21326
2024-07-08,NVDA,128.16,10,1386.59,17770.537439999996
2024-07-09,NVDA,131.34,10,1386.59,18211.473059999997
2024-07-10,NVDA,134.87,10,1390.66,18755.831420000002
2024-07-11,NVDA,127.36,10,1414.42,18014.05312
2024-07-12,NVDA,129.2,10,1428.57,18457.124399999997
2024-07-15,NVDA,128.4,10,1306.97,16781.4948
2024-07-16,NVDA,126.32,10,1285.59,16239.572879999998
2024-07-17,NVDA,117.95,10,1309.23,15442.36785
2024-07-18,NVDA,121.05,10,1332.64,16131.607200000002
2024-07-19,NVDA,117.89,10,1328.69,15663.92641
2024-07-22,NVDA,123.5,10,1329.71,16421.9185
2024-07-23,NVDA,122.55,10,1337.36,16389.3468
2024-07-24,NVDA,114.21,10,1335.28,15250.23288
2024-07-25,NVDA,112.24,10,1330.03,14928.25672
2024-07-26,NVDA,113.02,10,1318.05,14896.6011
2024-07-29,NVDA,111.55,10,1294.33,14438.25115
2024-07-30,NVDA,103.7,10,1265.14,13119.501800000002
2024-07-31,NVDA,116.98,10,1284.84,15030.05832
2024-08-01,NVDA,109.18,10,1302.24,14217.85632
2024-08-02,NVDA,107.24,10,1321.58,14172.623919999998
2024-08-05,NVDA,100.42,10,1338.11,13437.30062
2024-08-06,NVDA,104.22,10,1340.93,13975.172460000002
2024-08-07,NVDA,98.88,10,1327.42,13125.52896
2024-08-08,NVDA,104.94,10,1311.29,13760.67726
2024-08-09,NVDA,104.72,10,1297.68,13589.30496
2024-08-12,NVDA,108.99,10,1281.72,13969.466279999999
2024-08-13,NVDA,116.1,10,1267.16,14711.727600000002
2024-08-14,NVDA,118.04,10,1268.59,14974.436360000002
2024-08-15,NVDA,122.82,10,1276.4,15676.7448
2024-08-16,NVDA,124.54,10,1291.92,16089.571680000003
2024-08-19,NVDA,129.96,10,1286.6,16720.653599999998
2024-08-20,NVDA,127.21,10,1290.0,16410.09
2024-08-21,NVDA,128.46,10,1286.47,16525.99362
2024-08-22,NVDA,123.7,10,1285.52,15901.882399999999
2024-08-23,NVDA,129.33,10,1286.0,16631.838
2024-08-26,NVDA,126.42,10,1289.88,16306.662960000001
2024-08-27,NVDA,128.26,10,1293.71,16593.12446
2024-08-28,NVDA,125.57,10,1292.68,16232.18276
2024-08-29,NVDA,117.55,10,1289.04,15152.6652
2024-08-30,NVDA,119.33,10,1298.81,15498.699729999998
2024-09-03,NVDA,107.97,10,1302.9,14067.411300000002
2024-09-04,NVDA,106.18,10,1293.76,13737.14368
2024-09-05,NVDA,107.18,10,1271.6,13629.0088
2024-09-06,NVDA,102.8,10,1258.08,12933.062399999999
2024-09-09,NVDA,106.44,10,1245.65,13258.6986
2024-09-10,NVDA,108.07,10,1249.13,13499.34791
2024-09-11,NVDA,116.87,10,1245.08,14551.249960000001
2024-09-12,NVDA,119.11,10,1260.0,15007.86
2024-09-13,NVDA,119.07,10,1253.33,14923.400309999997
2024-09-16,NVDA,116.75,10,1244.8,14533.039999999999
2024-09-17,NVDA,115.56,10,1241.3,14344.4628
2024-09-18,NVDA,113.34,10,1233.45,13979.9223
2024-09-19,NVDA,117.84,10,1217.79,14350.43736
2024-09-20,NVDA,115.97,10,1219.64,14144.16508
2024-09-23,NVDA,116.23,10,1226.82,14259.32886
2024-09-24,NVDA,120.84,10,1223.19,14781.027960000001
2024-09-25,NVDA,123.48,10,1228.13,15164.949240000002
2024-09-26,NVDA,124.01,10,1227.24,15219.00324
2024-09-27,NVDA,121.37,10,1232.76,14962.008120000002
2024-09-30,NVDA,121.41,10,1243.74,15100.247339999998
2024-10-01,NVDA,116.97,10,1246.34,14578.438979999997
2024-10-02,NVDA,118.82,10,1233.98,14662.15036
2024-10-03,NVDA,122.82,10,1231.92,15130.44144
2024-10-04,NVDA,124.89,10,1225.59,15306.39351
2024-10-07,NVDA,127.69,10,1217.21,15542.55449
2024-10-08,NVDA,132.86,10,1210.61,16084.16446
2024-10-09,NVDA,132.62,10,1191.25,15798.357500000002
2024-10-10,NVDA,134.78,10,1176.9,15862.258200000002
2024-10-11,NVDA,134.77,10,1176.9,15861.081300000002
2024-10-14,NVDA,138.04,10,1181.76,16313.015039999998
2024-10-15,NVDA,131.57,10,1179.98,15524.99686
2024-10-16,NVDA,135.69,10,1190.31,16151.316389999998
2024-10-17,NVDA,136.9,10,1180.0,16154.2
2024-10-18,NVDA,137.97,10,1195.0,16487.415
2024-10-21,NVDA,143.68,10,1195.1,17171.196799999998
2024-10-22,NVDA,143.56,10,1195.1,17156.8556
2024-10-23,NVDA,139.53,10,1183.65,16515.46845
2024-10-24,NVDA,140.38,10,1179.42,16556.697959999998
2024-10-25,NVDA,141.51,10,1163.7,16467.5187
2024-10-28,NVDA,140.49,10,1154.94,16225.752060000003
2024-10-29,NVDA,141.22,10,1155.43,16316.982460000003
2024-10-30,NVDA,139.31,10,1158.6,16140.4566
2024-10-31,NVDA,132.73,10,1157.94,15369.33762
2024-11-01,NVDA,135.37,10,1176.74,15929.529380000002
2024-11-04,NVDA,136.02,10,1176.85,16007.5137
2024-11-05,NVDA,139.88,10,1181.73,16530.039240000002
2024-11-06,NVDA,145.58,10,1167.58,16997.62964
2024-11-07,NVDA,148.85,10,1166.35,17361.119749999998
2024-11-08,NVDA,147.6,10,1159.65,17116.434
2024-11-11,NVDA,145.23,10,1162.01,16875.871229999997
2024-11-12,NVDA,148.26,10,1164.95,17271.5487
2024-11-13,NVDA,146.24,10,1156.75,16916.312
2024-11-14,NVDA,146.73,10,1157.07,16977.688109999996
2024-11-15,NVDA,141.95,10,1134.15,16099.25925
2024-11-18,NVDA,140.12,10,1134.15,15891.709800000002
2024-11-19,NVDA,146.98,10,1104.41,16232.61818
2024-11-20,NVDA,145.86,10,1111.29,16209.275940000001
2024-11-21,NVDA,146.64,10,1111.59,16300.355759999997
2024-11-22,NVDA,141.92,10,1106.85,15708.415199999998
2024-11-25,NVDA,135.99,10,1104.77,15023.767230000001
2024-11-26,NVDA,136.89,10,1107.67,15162.894629999999
2024-11-27,NVDA,135.31,10,1105.85,14963.25635
2024-11-29,NVDA,138.22,10,1109.94,15341.59068
2024-12-02,NVDA,138.6,10,1099.42,15237.9612
2024-12-03,NVDA,140.23,10,1107.92,15536.36216
2024-12-04,NVDA,145.11,10,1101.11,15978.207209999999
2024-12-05,NVDA,145.04,10,1088.68,15790.21472
2024-12-06,NVDA,142.42,10,1075.48,15316.986159999997
2024-12-09,NVDA,138.79,10,1072.28,14882.17412
2024-12-10,NVDA,135.05,10,1074.95,14517.199750000003
2024-12-11,NVDA,139.29,10,1071.6,14926.3164
2024-12-12,NVDA,137.32,10,1067.12,14653.691839999996
2024-12-13,NVDA,134.23,10,1095.31,14702.34613
2024-12-16,NVDA,131.98,10,1119.1,14769.881799999997
2024-12-17,NVDA,130.37,10,1151.42,15011.062540000003
2024-12-18,NVDA,128.89,10,1163.48,14996.093719999999
2024-12-19,NVDA,130.66,10,1160.93,15168.711379999999
2024-12-20,NVDA,134.68,10,1167.07,15718.098759999999
2024-12-23,NVDA,139.65,10,1166.24,16286.5416
2024-12-24,NVDA,140.2,10,1173.62,16454.1524
2024-12-26,NVDA,139.91,10,1188.67,16630.681969999998
2024-12-27,NVDA,136.99,10,1182.95,16205.232050000002
2024-12-30,NVDA,137.47,10,1186.93,16316.726709999999
2024-01-02,AAPL,184.29,10,996.61,18366.525690000002
2024-01-03,AAPL,182.91,10,1048.82,19183.96662
2024-01-04,AAPL,180.59,10,1090.91,19700.743690000003
2024-01-05,AAPL,179.86,10,1140.44,20511.953840000002
2024-01-08,AAPL,184.21,10,1201.55,22133.752549999997
2024-01-09,AAPL,183.79,10,1193.5,21935.336499999998
2024-01-10,AAPL,184.84,10,1182.72,21861.396480000003
2024-01-11,AAPL,184.24,10,1148.09,21152.41016
2024-01-12,AAPL,184.57,10,1136.65,20979.14905
2024-01-16,AAPL,182.3,10,1213.74,22126.4802
2024-01-17,AAPL,181.35,10,1273.34,23092.020899999996
2024-01-18,AAPL,187.26,10,1282.58,24017.59308
2024-01-19,AAPL,190.17,10,1306.16,24839.24472
2024-01-22,AAPL,192.48,10,1312.49,25262.80752
2024-01-23,AAPL,193.76,10,1285.71,24911.91696
2024-01-24,AAPL,193.09,10,1304.7,25192.4523
2024-01-25,AAPL,192.76,10,1281.95,24710.8682
2024-01-26,AAPL,191.02,10,1231.09,23516.281179999998
2024-01-29,AAPL,190.34,10,1263.18,24043.368120000003
2024-01-30,AAPL,186.67,10,1269.37,23695.329789999996
2024-01-31,AAPL,183.06,10,1248.95,22863.278700000003
2024-02-01,AAPL,185.5,10,1280.42,23751.791
2024-02-02,AAPL,184.5,10,1288.36,23770.242
2024-02-05,AAPL,186.32,10,1294.93,24127.13576
2024-02-06,AAPL,187.92,10,1249.42,23479.100639999997
2024-02-07,AAPL,188.03,10,1263.67,23760.787010000004
2024-02-08,AAPL,186.95,10,1246.57,23304.626149999996
2024-02-09,AAPL,187.72,10,1229.01,23070.97572
2024-02-12,AAPL,186.03,10,1229.01,22863.27303
2024-02-13,AAPL,183.93,10,1229.01,22605.18093
2024-02-14,AAPL,183.04,10,1174.95,21506.2848
2024-02-15,AAPL,182.76,10,1153.96,21089.77296
2024-02-16,AAPL,181.22,10,1112.9,20167.9738
2024-02-20,AAPL,180.47,10,1130.07,20394.373289999996
2024-02-21,AAPL,181.23,10,1114.22,20193.00906
2024-02-22,AAPL,183.26,10,1094.85,20064.2211
2024-02-23,AAPL,181.42,10,1114.71,20223.06882
2024-02-26,AAPL,180.07,10,1098.25,19776.18775
2024-02-27,AAPL,181.53,10,1087.26,19737.03078
2024-02-28,AAPL,180.33,10,1072.1,19333.1793
2024-02-29,AAPL,179.66,10,1071.73,19254.70118
2024-03-01,AAPL,178.58,10,1089.95,19464.327100000002
2024-03-04,AAPL,174.05,10,1065.88,18551.6414
2024-03-05,AAPL,169.1,10,1042.21,17623.7711
2024-03-06,AAPL,168.1,10,1022.5,17188.225
2024-03-07,AAPL,167.99,10,1029.27,17290.706729999998
2024-03-08,AAPL,169.71,10,1048.98,17802.23958
2024-03-11,AAPL,171.71,10,1021.75,17544.469250000002
2024-03-12,AAPL,172.19,10,1067.23,18376.63337
2024-03-13,AAPL,170.1,10,1053.42,17918.6742
2024-03-14,AAPL,171.96,10,1060.45,18235.4982
2024-03-15,AAPL,171.58,10,1067.97,18324.22926
2024-03-18,AAPL,172.68,10,1080.99,18666.535320000003
2024-03-19,AAPL,175.02,10,1083.6,18965.1672
2024-03-20,AAPL,177.6,10,1097.82,19497.283199999998
2024-03-21,AAPL,170.34,10,1099.02,18720.70668
2024-03-22,AAPL,171.25,10,1096.17,18771.91125
2024-03-25,AAPL,169.82,10,1079.64,18334.446480000002
2024-03-26,AAPL,168.69,10,1101.71,18584.745990000003
2024-03-27,AAPL,172.27,10,1085.7,18703.353900000002
2024-03-28,AAPL,170.45,10,1085.7,18505.7565
2024-04-01,AAPL,169.01,10,1085.7,18349.4157
2024-04-02,AAPL,167.83,10,1085.7,18221.3031
2024-04-03,AAPL,168.63,10,1069.53,18035.484389999998
2024-04-04,AAPL,167.81,10,1057.04,17738.18824
2024-04-05,AAPL,168.56,10,1048.61,17675.37016
2024-04-08,AAPL,167.44,10,1034.67,17324.51448
2024-04-09,AAPL,168.65,10,1046.55,17650.06575
2024-04-10,AAPL,166.77,10,1045.49,17435.636730000002
2024-04-11,AAPL,173.99,10,1048.9,18249.811100000003
2024-04-12,AAPL,175.49,10,1047.36,18380.12064
2024-04-15,AAPL,171.65,10,1074.13,18437.441450000002
2024-04-16,AAPL,168.36,10,1075.44,18106.107840000004
2024-04-17,AAPL,166.99,10,1062.34,17740.015659999997
2024-04-18,AAPL,166.04,10,1065.74,17695.54696
2024-04-19,AAPL,164.01,10,1068.81,17529.552809999997
2024-04-22,AAPL,164.84,10,1058.46,17447.65464
2024-04-23,AAPL,165.9,10,1051.95,17451.8505
2024-04-24,AAPL,168.01,10,1053.98,17707.91798
2024-04-25,AAPL,168.87,10,1081.23,18258.73101
2024-04-26,AAPL,168.28,10,1085.07,18259.55796
2024-04-29,AAPL,172.46,10,1090.83,18812.45418
2024-04-30,AAPL,169.31,10,1091.95,18487.80545
2024-05-01,AAPL,168.28,10,1091.95,18375.334600000002
2024-05-02,AAPL,171.99,10,1120.38,19269.415620000003
2024-05-03,AAPL,182.28,10,1121.12,20435.775359999996
2024-05-06,AAPL,180.62,10,1108.66,20024.616920000004
2024-05-07,AAPL,181.31,10,1094.7,19848.0057
2024-05-08,AAPL,181.64,10,1076.45,19552.6378
2024-05-09,AAPL,183.46,10,1083.85,19884.3121
2024-05-10,AAPL,182.2,10,1078.41,19648.6302
2024-05-13,AAPL,185.41,10,1075.73,19945.10993
2024-05-14,AAPL,186.56,10,1084.51,20232.61856
2024-05-15,AAPL,188.84,10,1092.63,20633.22492
2024-05-16,AAPL,188.96,10,1099.3,20772.3728
2024-05-17,AAPL,188.99,10,1104.04,20865.25196
2024-05-20,AAPL,190.15,10,1142.72,21728.8208
2024-05-21,AAPL,191.45,10,1196.31,22903.354949999997
2024-05-22,AAPL,190.01,10,1256.19,23868.86619
2024-05-23,AAPL,186.01,10,1256.24,23367.320239999997
2024-05-24,AAPL,189.1,10,1234.76,23349.311599999997
2024-05-28,AAPL,189.11,10,1233.95,23335.228450000002
2024-05-29,AAPL,189.4,10,1214.34,22999.599599999998
2024-05-30,AAPL,190.4,10,1213.09,23097.2336
2024-05-31,AAPL,191.36,10,1247.42,23870.629120000005
2024-06-03,AAPL,193.13,10,1297.47,25058.03811
2024-06-04,AAPL,193.45,10,1311.19,25364.97055
2024-06-05,AAPL,194.96,10,1304.36,25429.80256
2024-06-06,AAPL,193.57,10,1296.88,25103.70616
2024-06-07,AAPL,195.97,10,1313.02,25731.25294
2024-06-10,AAPL,192.22,10,1307.44,25131.61168
2024-06-11,AAPL,206.19,10,1305.74,26923.05306
2024-06-12,AAPL,212.08,10,1301.69,27606.241520000003
2024-06-13,AAPL,213.24,10,1274.41,27175.518840000004
2024-06-14,AAPL,211.5,10,1267.39,26805.298500000004
2024-06-17,AAPL,215.66,10,1267.39,27332.532740000002
2024-06-18,AAPL,213.29,10,1263.97,26959.216129999997
2024-06-20,AAPL,208.7,10,1263.97,26379.0539
2024-06-21,AAPL,206.52,10,1263.97,26103.50844
2024-06-24,AAPL,207.17,10,1313.9,27220.0663
2024-06-25,AAPL,208.1,10,1312.66,27316.454600000005
2024-06-26,AAPL,212.26,10,1341.33,28471.07058
2024-06-27,AAPL,213.1,10,1345.17,28665.5727
2024-06-28,AAPL,209.64,10,1350.08,28303.077119999994
2024-07-01,AAPL,215.74,10,1412.26,30468.097240000003
2024-07-02,AAPL,219.24,10,1428.27,31313.391480000002
2024-07-03,AAPL,220.52,10,1394.4,30749.308800000006
2024-07-05,AAPL,225.29,10,1391.94,31359.016259999997
2024-07-08,AAPL,226.76,10,1386.59,31442.314839999995
2024-07-09,AAPL,227.62,10,1386.59,31561.561579999998
2024-07-10,AAPL,231.9,10,1390.66,32249.4054
2024-07-11,AAPL,226.51,10,1414.42,32038.02742
2024-07-12,AAPL,229.47,10,1428.57,32781.395789999995
2024-07-15,AAPL,233.31,10,1306.97,30492.917070000003
2024-07-16,AAPL,233.73,10,1285.59,30048.09507
2024-07-17,AAPL,227.81,10,1309.23,29825.56863
2024-07-18,AAPL,223.14,10,1332.64,29736.528960000003
2024-07-19,AAPL,223.27,10,1328.69,29665.661630000006
2024-07-22,AAPL,222.92,10,1329.71,29641.89532
2024-07-23,AAPL,223.96,10,1337.36,29951.51456
2024-07-24,AAPL,217.52,10,1335.28,29045.010560000002
2024-07-25,AAPL,216.48,10,1330.03,28792.489439999998
2024-07-26,AAPL,216.95,10,1318.05,28595.094749999997
2024-07-29,AAPL,217.22,10,1294.33,28115.43626
2024-07-30,AAPL,217.78,10,1265.14,27552.218920000003
2024-07-31,AAPL,221.05,10,1284.84,28401.388199999998
2024-08-01,AAPL,217.34,10,1302.24,28302.884159999998
2024-08-02,AAPL,218.84,10,1321.58,28921.45672
2024-08-05,AAPL,208.3,10,1338.11,27872.831299999998
2024-08-06,AAPL,206.27,10,1340.93,27659.36311
2024-08-07,AAPL,208.84,10,1327.42,27721.839280000004
2024-08-08,AAPL,212.32,10,1311.29,27841.309279999998
2024-08-09,AAPL,215.23,10,1297.68,27929.96664
2024-08-12,AAPL,216.77,10,1281.72,27783.844440000004
2024-08-13,AAPL,220.49,10,1267.16,27939.61084
2024-08-14,AAPL,220.94,10,1268.59,28028.227460000002
2024-08-15,AAPL,223.93,10,1276.4,28582.425200000005
2024-08-16,AAPL,225.26,10,1291.92,29101.78992
2024-08-19,AAPL,225.1,10,1286.6,28961.365999999998
2024-08-20,AAPL,225.72,10,1290.0,29117.879999999997
2024-08-21,AAPL,225.61,10,1286.47,29024.04967
2024-08-22,AAPL,223.74,10,1285.52,28762.224479999997
2024-08-23,AAPL,226.05,10,1286.0,29070.03
2024-08-26,AAPL,226.38,10,1289.88,29200.30344
2024-08-27,AAPL,227.23,10,1293.71,29396.97233
2024-08-28,AAPL,225.7,10,1292.68,29175.7876
2024-08-29,AAPL,228.99,10,1289.04,29517.72696
2024-08-30,AAPL,228.2,10,1298.81,29638.8442
2024-09-03,AAPL,221.99,10,1302.9,28923.077100000002
2024-09-04,AAPL,220.08,10,1293.76,28473.070079999998
2024-09-05,AAPL,221.6,10,1271.6,28178.656
2024-09-06,AAPL,220.05,10,1258.08,27684.0504
2024-09-09,AAPL,220.14,10,1245.65,27421.7391
2024-09-10,AAPL,219.34,10,1249.13,27398.41742
2024-09-11,AAPL,221.88,10,1245.08,27625.835039999998
2024-09-12,AAPL,221.99,10,1260.0,27970.74
2024-09-13,AAPL,221.72,10,1253.33,27788.832759999998
2024-09-16,AAPL,215.56,10,1244.8,26832.908799999997
2024-09-17,AAPL,216.03,10,1241.3,26815.8039
2024-09-18,AAPL,219.92,10,1233.45,27126.032400000004
2024-09-19,AAPL,228.07,10,1217.79,27774.13653
2024-09-20,AAPL,227.4,10,1219.64,27734.613600000004
2024-09-23,AAPL,225.68,10,1226.82,27686.87376
2024-09-24,AAPL,226.57,10,1223.19,27713.81583
2024-09-25,AAPL,225.58,10,1228.13,27704.156540000004
2024-09-26,AAPL,226.72,10,1227.24,27823.98528
2024-09-27,AAPL,226.99,10,1232.76,27982.41924
2024-09-30,AAPL,232.18,10,1243.74,28877.15532
2024-10-01,AAPL,225.42,10,1246.34,28094.99628
2024-10-02,AAPL,225.99,10,1233.98,27886.714020000003
2024-10-03,AAPL,224.88,10,1231.92,27703.416960000002
2024-10-04,AAPL,226.01,10,1225.59,27699.559589999997
2024-10-07,AAPL,220.91,10,1217.21,26889.38611
2024-10-08,AAPL,224.98,10,1210.61,27236.30378
2024-10-09,AAPL,228.74,10,1191.25,27248.652500000004
2024-10-10,AAPL,228.24,10,1176.9,26861.5656
2024-10-11,AAPL,226.75,10,1176.9,26686.2075
2024-10-14,AAPL,230.49,10,1181.76,27238.38624
2024-10-15,AAPL,233.03,10,1179.98,27497.073940000002
2024-10-16,AAPL,230.97,10,1190.31,27492.59007
2024-10-17,AAPL,231.34,10,1180.0,27298.120000000003
2024-10-18,AAPL,234.18,10,1195.0,27984.510000000002
2024-10-21,AAPL,235.65,10,1195.1,28162.5315
2024-10-22,AAPL,235.03,10,1195.1,28088.4353
2024-10-23,AAPL,229.95,10,1183.65,27218.031750000002
2024-10-24,AAPL,229.76,10,1179.42,27098.35392
2024-10-25,AAPL,230.6,10,1163.7,26834.922000000002
2024-10-28,AAPL,232.58,10,1154.94,26861.594520000002
2024-10-29,AAPL,232.85,10,1155.43,26904.187550000002
2024-10-30,AAPL,229.29,10,1158.6,26565.539399999998
2024-10-31,AAPL,225.12,10,1157.94,26067.545280000002
2024-11-01,AAPL,222.13,10,1176.74,26138.92562
2024-11-04,AAPL,221.23,10,1176.85,26035.452549999995
2024-11-05,AAPL,222.67,10,1181.73,26313.581909999997
2024-11-06,AAPL,221.94,10,1167.58,25913.27052
2024-11-07,AAPL,226.68,10,1166.35,26438.821799999998
2024-11-08,AAPL,226.41,10,1159.65,26255.63565
2024-11-11,AAPL,223.69,10,1162.01,25993.001689999997
2024-11-12,AAPL,223.69,10,1164.95,26058.76655
2024-11-13,AAPL,224.58,10,1156.75,25978.2915
2024-11-14,AAPL,227.67,10,1157.07,26343.012689999996
2024-11-15,AAPL,224.46,10,1134.15,25457.130900000004
2024-11-18,AAPL,227.47,10,1134.15,25798.510050000004
2024-11-19,AAPL,227.73,10,1104.41,25150.72893
2024-11-20,AAPL,228.45,10,1111.29,25387.420049999997
2024-11-21,AAPL,227.97,10,1111.59,25340.91723
2024-11-22,AAPL,229.32,10,1106.85,25382.2842
2024-11-25,AAPL,232.31,10,1104.77,25664.91187
2024-11-26,AAPL,234.49,10,1107.67,25973.75383
2024-11-27,AAPL,234.36,10,1105.85,25916.7006
2024-11-29,AAPL,236.76,10,1109.94,26278.93944
2024-12-02,AAPL,239.01,10,1099.42,26277.23742
2024-12-03,AAPL,242.07,10,1107.92,26819.419440000005
2024-12-04,AAPL,242.43,10,1101.11,26694.209729999995
2024-12-05,AAPL,242.46,10,1088.68,26396.135280000006
2024-12-06,AAPL,242.26,10,1075.48,26054.57848
2024-12-09,AAPL,246.16,10,1072.28,26395.24448
2024-12-10,AAPL,247.17,10,1074.95,26569.539149999997
2024-12-11,AAPL,245.9,10,1071.6,26350.644
2024-12-12,AAPL,247.36,10,1067.12,26396.280319999998
2024-12-13,AAPL,247.53,10,1095.31,27112.20843
2024-12-16,AAPL,250.44,10,1119.1,28026.7404
2024-12-17,AAPL,252.87,10,1151.42,29115.957540000003
2024-12-18,AAPL,247.45,10,1163.48,28790.312599999997
2024-12-19,AAPL,249.19,10,1160.93,28929.214670000005
2024-12-20,AAPL,253.88,10,1167.07,29629.57316
2024-12-23,AAPL,254.66,10,1166.24,29699.467839999998
2024-12-24,AAPL,257.58,10,1173.62,30230.103959999997
2024-12-26,AAPL,258.4,10,1188.67,30715.232799999998
2024-12-27,AAPL,254.97,10,1182.95,30161.676150000003
2024-12-30,AAPL,251.59,10,1186.93,29861.97187
2024-01-02,PAM,48.22,25,996.61,1922.2613680000002
2024-01-03,PAM,48.49,25,1048.82,2034.291272
2024-01-04,PAM,47.74,25,1090.91,2083.2017360000004
2024-01-05,PAM,48.17,25,1140.44,2197.399792
2024-01-08,PAM,48.8,25,1201.55,2345.4255999999996
2024-01-09,PAM,46.45,25,1193.5,2217.523
2024-01-10,PAM,46.86,25,1182.72,2216.890368
2024-01-11,PAM,46.6,25,1148.09,2140.03976
2024-01-12,PAM,46.91,25,1136.65,2132.81006
2024-01-16,PAM,46.72,25,1213.74,2268.237312
2024-01-17,PAM,47.15,25,1273.34,2401.5192399999996
2024-01-18,PAM,47.23,25,1282.58,2423.050136
2024-01-19,PAM,47.78,25,1306.16,2496.332992
2024-01-22,PAM,48.13,25,1312.49,2526.805748
2024-01-23,PAM,47.34,25,1285.71,2434.620456
2024-01-24,PAM,48.05,25,1304.7,2507.6334
2024-01-25,PAM,49.79,25,1281.95,2553.13162
2024-01-26,PAM,49.94,25,1231.09,2459.2253839999994
2024-01-29,PAM,49.09,25,1263.18,2480.3802480000004
2024-01-30,PAM,48.78,25,1269.37,2476.794744
2024-01-31,PAM,48.7,25,1248.95,2432.9546
2024-02-01,PAM,49.17,25,1280.42,2518.3300560000002
2024-02-02,PAM,48.59,25,1288.36,2504.056496
2024-02-05,PAM,46.9,25,1294.93,2429.28868
2024-02-06,PAM,46.85,25,1249.42,2341.4130800000003
2024-02-07,PAM,44.22,25,1263.67,2235.1794959999997
2024-02-08,PAM,43.37,25,1246.57,2162.5496359999997
2024-02-09,PAM,44.08,25,1229.01,2166.990432
2024-02-12,PAM,43.36,25,1229.01,2131.594944
2024-02-13,PAM,43.34,25,1229.01,2130.6117360000003
2024-02-14,PAM,43.93,25,1174.95,2064.62214
2024-02-15,PAM,43.38,25,1153.96,2002.351392
2024-02-16,PAM,42.34,25,1112.9,1884.8074400000003
2024-02-20,PAM,42.06,25,1130.07,1901.2297680000001
2024-02-21,PAM,42.21,25,1114.22,1881.2490480000001
2024-02-22,PAM,43.6,25,1094.85,1909.4184
2024-02-23,PAM,44.54,25,1114.71,1985.9673360000002
2024-02-26,PAM,43.45,25,1098.25,1908.7585000000001
2024-02-27,PAM,42.35,25,1087.26,1841.81844
2024-02-28,PAM,41.57,25,1072.1,1782.68788
2024-02-29,PAM,42.02,25,1071.73,1801.3637840000001
2024-03-01,PAM,42.69,25,1089.95,1861.19862
2024-03-04,PAM,41.63,25,1065.88,1774.9033760000002
2024-03-05,PAM,41.41,25,1042.21,1726.3166439999998
2024-03-06,PAM,41.85,25,1022.5,1711.665
2024-03-07,PAM,39.3,25,1029.27,1618.0124399999997
2024-03-08,PAM,39.61,25,1048.98,1662.0039120000001
2024-03-11,PAM,39.02,25,1021.75,1594.7474000000002
2024-03-12,PAM,39.37,25,1067.23,1680.673804
2024-03-13,PAM,39.16,25,1053.42,1650.077088
2024-03-14,PAM,39.16,25,1060.45,1661.08888
2024-03-15,PAM,39.64,25,1067.97,1693.3732320000001
2024-03-18,PAM,42.53,25,1080.99,1838.9801880000002
2024-03-19,PAM,41.91,25,1083.6,1816.5470399999997
2024-03-20,PAM,43.66,25,1097.82,1917.2328479999996
2024-03-21,PAM,43.4,25,1099.02,1907.8987200000001
2024-03-22,PAM,43.68,25,1096.17,1915.228224
2024-03-25,PAM,42.83,25,1079.64,1849.6392480000002
2024-03-26,PAM,42.55,25,1101.71,1875.11042
2024-03-27,PAM,43.5,25,1085.7,1889.1180000000002
2024-03-28,PAM,43.14,25,1085.7,1873.4839200000001
2024-04-01,PAM,42.71,25,1085.7,1854.80988
2024-04-02,PAM,41.74,25,1085.7,1812.6847200000002
2024-04-03,PAM,43.78,25,1069.53,1872.960936
2024-04-04,PAM,43.52,25,1057.04,1840.095232
2024-04-05,PAM,46.6,25,1048.61,1954.6090399999998
2024-04-08,PAM,46.04,25,1034.67,1905.448272
2024-04-09,PAM,46.5,25,1046.55,1946.5829999999999
2024-04-10,PAM,45.65,25,1045.49,1909.0647399999998
2024-04-11,PAM,46.12,25,1048.9,1935.0107200000002
2024-04-12,PAM,45.18,25,1047.36,1892.7889919999998
2024-04-15,PAM,42.45,25,1074.13,1823.8727400000002
2024-04-16,PAM,42.07,25,1075.44,1809.750432
2024-04-17,PAM,42.02,25,1062.34,1785.581072
2024-04-18,PAM,41.89,25,1065.74,1785.7539439999998
2024-04-19,PAM,43.08,25,1068.81,1841.7733919999998
2024-04-22,PAM,46.25,25,1058.46,1958.151
2024-04-23,PAM,45.1,25,1051.95,1897.7178000000004
2024-04-24,PAM,43.57,25,1053.98,1836.876344
2024-04-25,PAM,43.86,25,1081.23,1896.9099119999998
2024-04-26,PAM,44.04,25,1085.07,1911.459312
2024-04-29,PAM,44.84,25,1090.83,1956.5126879999998
2024-04-30,PAM,44.37,25,1091.95,1937.9928599999998
2024-05-01,PAM,45.39,25,1091.95,1982.5444200000002
2024-05-02,PAM,46.56,25,1120.38,2086.5957120000003
2024-05-03,PAM,48.74,25,1121.12,2185.7355519999996
2024-05-06,PAM,49.6,25,1108.66,2199.5814400000004
2024-05-07,PAM,49.85,25,1094.7,2182.8318000000004
2024-05-08,PAM,49.49,25,1076.45,2130.9404200000004
2024-05-09,PAM,49.01,25,1083.85,2124.7795399999995
2024-05-10,PAM,47.09,25,1078.41,2031.2930760000004
2024-05-13,PAM,45.94,25,1075.73,1976.7614479999997
2024-05-14,PAM,47.51,25,1084.51,2061.0028039999997
2024-05-15,PAM,48.79,25,1092.63,2132.3767080000002
2024-05-16,PAM,48.31,25,1099.3,2124.28732
2024-05-17,PAM,47.89,25,1104.04,2114.899024
2024-05-20,PAM,48.87,25,1142.72,2233.789056
2024-05-21,PAM,47.27,25,1196.31,2261.982948
2024-05-22,PAM,45.03,25,1256.19,2262.649428
2024-05-23,PAM,44.36,25,1256.24,2229.072256
2024-05-24,PAM,45.72,25,1234.76,2258.129088
2024-05-28,PAM,47.66,25,1233.95,2352.4022800000002
2024-05-29,PAM,48.53,25,1214.34,2357.276808
2024-05-30,PAM,50.21,25,1213.09,2436.369956
2024-05-31,PAM,49.35,25,1247.42,2462.40708
2024-06-03,PAM,47.45,25,1297.47,2462.5980600000003
2024-06-04,PAM,44.19,25,1311.19,2317.659444
2024-06-05,PAM,44.37,25,1304.36,2314.9781279999997
2024-06-06,PAM,43.72,25,1296.88,2267.983744
2024-06-07,PAM,43.45,25,1313.02,2282.02876
2024-06-10,PAM,46.17,25,1307.44,2414.580192
2024-06-11,PAM,44.64,25,1305.74,2331.529344
2024-06-12,PAM,45.21,25,1301.69,2353.976196
2024-06-13,PAM,47.11,25,1274.41,2401.4982040000004
2024-06-14,PAM,47.28,25,1267.39,2396.887968
2024-06-17,PAM,45.15,25,1267.39,2288.90634
2024-06-18,PAM,45.59,25,1263.97,2304.9756920000004
2024-06-20,PAM,43.63,25,1263.97,2205.8804440000004
2024-06-21,PAM,43.97,25,1263.97,2223.070436
2024-06-24,PAM,44.41,25,1313.9,2334.01196
2024-06-25,PAM,44.39,25,1312.66,2330.759096
2024-06-26,PAM,43.73,25,1341.33,2346.2544359999997
2024-06-27,PAM,45.62,25,1345.17,2454.666216
2024-06-28,PAM,44.26,25,1350.08,2390.181632
2024-07-01,PAM,42.69,25,1412.26,2411.575176
2024-07-02,PAM,43.28,25,1428.27,2472.621024
2024-07-03,PAM,44.63,25,1394.4,2489.28288
2024-07-05,PAM,45.09,25,1391.94,2510.502984
2024-07-08,PAM,46.3,25,1386.59,2567.9646799999996
2024-07-09,PAM,46.27,25,1386.59,2566.300772
2024-07-10,PAM,46.5,25,1390.66,2586.6276000000003
2024-07-11,PAM,46.7,25,1414.42,2642.1365600000004
2024-07-12,PAM,46.88,25,1428.57,2678.854464
2024-07-15,PAM,45.4,25,1306.97,2373.45752
2024-07-16,PAM,46.0,25,1285.59,2365.4856
2024-07-17,PAM,44.8,25,1309.23,2346.14016
2024-07-18,PAM,44.8,25,1332.64,2388.0908799999997
2024-07-19,PAM,46.14,25,1328.69,2452.230264
2024-07-22,PAM,46.55,25,1329.71,2475.9200199999996
2024-07-23,PAM,48.09,25,1337.36,2572.5456959999997
2024-07-24,PAM,46.87,25,1335.28,2503.382944
2024-07-25,PAM,45.64,25,1330.03,2428.1027679999997
2024-07-26,PAM,46.06,25,1318.05,2428.37532
2024-07-29,PAM,45.36,25,1294.33,2348.432352
2024-07-30,PAM,44.0,25,1265.14,2226.6464
2024-07-31,PAM,45.43,25,1284.84,2334.811248
2024-08-01,PAM,45.28,25,1302.24,2358.617088
2024-08-02,PAM,42.73,25,1321.58,2258.8445359999996
2024-08-05,PAM,41.97,25,1338.11,2246.4190679999997
2024-08-06,PAM,43.13,25,1340.93,2313.372436
2024-08-07,PAM,44.21,25,1327.42,2347.409528
2024-08-08,PAM,48.8,25,1311.29,2559.6380799999997
2024-08-09,PAM,50.99,25,1297.68,2646.748128
2024-08-12,PAM,51.83,25,1281.72,2657.2619040000004
2024-08-13,PAM,51.7,25,1267.16,2620.4868800000004
2024-08-14,PAM,51.86,25,1268.59,2631.563096
2024-08-15,PAM,52.79,25,1276.4,2695.24624
2024-08-16,PAM,52.52,25,1291.92,2714.0655360000005
2024-08-19,PAM,52.87,25,1286.6,2720.9016799999995
2024-08-20,PAM,52.6,25,1290.0,2714.16
2024-08-21,PAM,51.59,25,1286.47,2654.759492
2024-08-22,PAM,50.57,25,1285.52,2600.349856
2024-08-23,PAM,51.14,25,1286.0,2630.6416
2024-08-26,PAM,50.81,25,1289.88,2621.5521120000003
2024-08-27,PAM,51.5,25,1293.71,2665.0426
2024-08-28,PAM,51.97,25,1292.68,2687.223184
2024-08-29,PAM,53.0,25,1289.04,2732.7648
2024-08-30,PAM,54.42,25,1298.81,2827.249608
2024-09-03,PAM,54.86,25,1302.9,2859.08376
2024-09-04,PAM,56.68,25,1293.76,2933.212672
2024-09-05,PAM,56.67,25,1271.6,2882.46288
2024-09-06,PAM,56.18,25,1258.08,2827.157376
2024-09-09,PAM,57.76,25,1245.65,2877.9497600000004
2024-09-10,PAM,57.23,25,1249.13,2859.508396
2024-09-11,PAM,58.69,25,1245.08,2922.9498079999994
2024-09-12,PAM,58.99,25,1260.0,2973.0960000000005
2024-09-13,PAM,59.14,25,1253.33,2964.8774479999997
2024-09-16,PAM,58.76,25,1244.8,2925.7779199999995
2024-09-17,PAM,58.57,25,1241.3,2908.1176399999995
2024-09-18,PAM,59.44,25,1233.45,2932.6507199999996
2024-09-19,PAM,62.41,25,1217.79,3040.090956
2024-09-20,PAM,61.86,25,1219.64,3017.8772160000003
2024-09-23,PAM,59.98,25,1226.82,2943.3865439999995
2024-09-24,PAM,60.18,25,1223.19,2944.4629680000003
2024-09-25,PAM,59.4,25,1228.13,2918.03688
2024-09-26,PAM,58.24,25,1227.24,2858.978304
2024-09-27,PAM,58.62,25,1232.76,2890.575648
2024-09-30,PAM,60.04,25,1243.74,2986.9659840000004
2024-10-01,PAM,61.03,25,1246.34,3042.565208
2024-10-02,PAM,59.98,25,1233.98,2960.564816
2024-10-03,PAM,62.12,25,1231.92,3061.074816
2024-10-04,PAM,63.06,25,1225.59,3091.428216
2024-10-07,PAM,61.02,25,1217.21,2970.9661680000004
2024-10-08,PAM,61.73,25,1210.61,2989.2382119999993
2024-10-09,PAM,63.79,25,1191.25,3039.5935
2024-10-10,PAM,63.67,25,1176.9,2997.3289200000004
2024-10-11,PAM,64.97,25,1176.9,3058.52772
2024-10-14,PAM,64.88,25,1181.76,3066.9035519999998
2024-10-15,PAM,65.6,25,1179.98,3096.26752
2024-10-16,PAM,64.36,25,1190.31,3064.3340639999997
2024-10-17,PAM,67.85,25,1180.0,3202.52
2024-10-18,PAM,67.63,25,1195.0,3232.7139999999995
2024-10-21,PAM,67.66,25,1195.1,3234.4186399999994
2024-10-22,PAM,67.66,25,1195.1,3234.4186399999994
2024-10-23,PAM,66.56,25,1183.65,3151.34976
2024-10-24,PAM,68.18,25,1179.42,3216.5142240000005
2024-10-25,PAM,68.61,25,1163.7,3193.6582800000006
2024-10-28,PAM,67.0,25,1154.94,3095.2392000000004
2024-10-29,PAM,66.4,25,1155.43,3068.8220800000004
2024-10-30,PAM,66.74,25,1158.6,3092.9985599999995
2024-10-31,PAM,66.93,25,1157.94,3100.0369680000003
2024-11-01,PAM,66.02,25,1176.74,3107.5349919999994
2024-11-04,PAM,65.72,25,1176.85,3093.7032799999997
2024-11-05,PAM,67.69,25,1181.73,3199.652148
2024-11-06,PAM,69.23,25,1167.58,3233.262536
2024-11-07,PAM,69.42,25,1166.35,3238.72068
2024-11-08,PAM,70.16,25,1159.65,3254.44176
2024-11-11,PAM,71.07,25,1162.01,3303.3620279999996
2024-11-12,PAM,71.69,25,1164.95,3340.61062
2024-11-13,PAM,73.97,25,1156.75,3422.5919
2024-11-14,PAM,75.84,25,1157.07,3510.087552
2024-11-15,PAM,76.38,25,1134.15,3465.05508
2024-11-18,PAM,80.02,25,1134.15,3630.18732
2024-11-19,PAM,79.41,25,1104.41,3508.0479240000004
2024-11-20,PAM,81.89,25,1111.29,3640.1415239999997
2024-11-21,PAM,82.28,25,1111.59,3658.4650079999997
2024-11-22,PAM,84.93,25,1106.85,3760.19082
2024-11-25,PAM,82.63,25,1104.77,3651.485804
2024-11-26,PAM,83.93,25,1107.67,3718.6697240000003
2024-11-27,PAM,84.2,25,1105.85,3724.5027999999998
2024-11-29,PAM,85.59,25,1109.94,3799.9905840000006
2024-12-02,PAM,86.93,25,1099.42,3822.9032240000006
2024-12-03,PAM,87.1,25,1107.92,3859.9932799999997
2024-12-04,PAM,86.06,25,1101.11,3790.461064
2024-12-05,PAM,87.02,25,1088.68,3789.4773440000004
2024-12-06,PAM,87.42,25,1075.48,3760.7384640000005
2024-12-09,PAM,87.86,25,1072.28,3768.420832
2024-12-10,PAM,86.73,25,1074.95,3729.2165400000004
2024-12-11,PAM,90.51,25,1071.6,3879.62064
2024-12-12,PAM,89.66,25,1067.12,3827.1191679999993
2024-12-13,PAM,89.39,25,1095.31,3916.3904359999997
2024-12-16,PAM,91.79,25,1119.1,4108.88756
2024-12-17,PAM,90.69,25,1151.42,4176.891192
2024-12-18,PAM,85.65,25,1163.48,3986.08248
2024-12-19,PAM,84.97,25,1160.93,3945.768884
2024-12-20,PAM,85.92,25,1167.07,4010.986176
2024-12-23,PAM,86.67,25,1166.24,4043.120832
2024-12-24,PAM,88.21,25,1173.62,4141.000808
2024-12-26,PAM,88.11,25,1188.67,4189.348548
2024-12-27,PAM,88.39,25,1182.95,4182.4380200000005
2024-12-30,PAM,87.76,25,1186.93,4166.599072000001
2024-01-02,GOOG,138.74,29,996.61,4767.919703448277
2024-01-03,GOOG,139.53,29,1048.82,5046.270848275862
2024-01-04,GOOG,137.22,29,1090.91,5161.885179310346
2024-01-05,GOOG,136.58,29,1140.44,5371.079144827587
2024-01-08,GOOG,139.7,29,1201.55,5788.156379310344
2024-01-09,GOOG,141.72,29,1193.5,5832.511034482759
2024-01-10,GOOG,142.95,29,1182.72,5829.993931034483
2024-01-11,GOOG,142.82,29,1148.09,5654.145303448275
2024-01-12,GOOG,143.39,29,1136.65,5620.146327586207
2024-01-16,GOOG,143.23,29,1213.74,5994.620006896552
2024-01-17,GOOG,142.05,29,1273.34,6237.1705862068975
2024-01-18,GOOG,144.13,29,1282.58,6374.4226
2024-01-19,GOOG,147.1,29,1306.16,6625.384
2024-01-22,GOOG,146.84,29,1312.49,6645.725227586207
2024-01-23,GOOG,147.8,29,1285.71,6552.68751724138
2024-01-24,GOOG,149.46,29,1304.7,6724.153862068966
2024-01-25,GOOG,152.73,29,1281.95,6751.455982758621
2024-01-26,GOOG,152.88,29,1231.09,6489.966868965516
2024-01-29,GOOG,153.93,29,1263.18,6704.872324137931
2024-01-30,GOOG,152.15,29,1269.37,6659.8153620689645
2024-01-31,GOOG,140.96,29,1248.95,6070.758344827587
2024-02-01,GOOG,141.87,29,1280.42,6263.902944827587
2024-02-02,GOOG,142.69,29,1288.36,6339.175462068964
2024-02-05,GOOG,144.07,29,1294.93,6433.122934482759
2024-02-06,GOOG,144.55,29,1249.42,6227.712448275863
2024-02-07,GOOG,145.81,29,1263.67,6353.645610344828
2024-02-08,GOOG,146.35,29,1246.57,6290.879982758621
2024-02-09,GOOG,149.33,29,1229.01,6328.553906896552
2024-02-12,GOOG,147.85,29,1229.01,6265.832017241379
2024-02-13,GOOG,145.51,29,1229.01,6166.663624137931
2024-02-14,GOOG,146.27,29,1174.95,5926.204706896552
2024-02-15,GOOG,143.09,29,1153.96,5693.797806896552
2024-02-16,GOOG,140.92,29,1112.9,5407.92648275862
2024-02-20,GOOG,141.36,29,1130.07,5508.506731034483
2024-02-21,GOOG,142.99,29,1114.22,5493.873027586207
2024-02-22,GOOG,144.46,29,1094.85,5453.863137931034
2024-02-23,GOOG,144.43,29,1114.71,5551.640182758621
2024-02-26,GOOG,137.93,29,1098.25,5223.504224137931
2024-02-27,GOOG,139.27,29,1087.26,5221.472420689656
2024-02-28,GOOG,136.62,29,1072.1,5050.700068965517
2024-02-29,GOOG,138.95,29,1071.73,5135.064948275862
2024-03-01,GOOG,137.26,29,1089.95,5158.846103448275
2024-03-04,GOOG,133.41,29,1065.88,4903.415544827586
2024-03-05,GOOG,132.99,29,1042.21,4779.431306896553
2024-03-06,GOOG,131.78,29,1022.5,4646.381034482758
2024-03-07,GOOG,134.44,29,1029.27,4771.553751724138
2024-03-08,GOOG,135.48,29,1048.98,4900.545186206896
2024-03-11,GOOG,138.12,29,1021.75,4866.348620689656
2024-03-12,GOOG,138.79,29,1067.23,5107.615575862069
2024-03-13,GOOG,139.94,29,1053.42,5083.2963724137935
2024-03-14,GOOG,143.49,29,1060.45,5247.033465517242
2024-03-15,GOOG,141.33,29,1067.97,5204.696555172414
2024-03-18,GOOG,147.6,29,1080.99,5501.866344827586
2024-03-19,GOOG,147.05,29,1083.6,5494.599310344828
2024-03-20,GOOG,148.8,29,1097.82,5632.95227586207
2024-03-21,GOOG,147.86,29,1099.02,5603.486110344828
2024-03-22,GOOG,150.87,29,1096.17,5702.729927586208
2024-03-25,GOOG,150.26,29,1079.64,5594.02435862069
2024-03-26,GOOG,150.8,29,1101.71,5728.892000000001
2024-03-27,GOOG,151.04,29,1085.7,5654.625103448276
2024-03-28,GOOG,151.36,29,1085.7,5666.605241379311
2024-04-01,GOOG,155.58,29,1085.7,5824.593310344829
2024-04-02,GOOG,154.95,29,1085.7,5801.007413793103
2024-04-03,GOOG,155.45,29,1069.53,5733.049603448276
2024-04-04,GOOG,151.04,29,1057.04,5505.355917241379
2024-04-05,GOOG,153.03,29,1048.61,5533.406493103448
2024-04-08,GOOG,155.22,29,1034.67,5537.981979310345
2024-04-09,GOOG,157.21,29,1046.55,5673.383637931034
2024-04-10,GOOG,156.73,29,1045.49,5650.332679310345
2024-04-11,GOOG,159.84,29,1048.9,5781.247448275863
2024-04-12,GOOG,158.25,29,1047.36,5715.335172413792
2024-04-15,GOOG,155.41,29,1074.13,5756.225631034484
2024-04-16,GOOG,155.08,29,1075.44,5751.008110344828
2024-04-17,GOOG,155.95,29,1062.34,5712.824931034482
2024-04-18,GOOG,156.53,29,1065.74,5752.423524137932
2024-04-19,GOOG,154.8,29,1068.81,5705.2340689655175
2024-04-22,GOOG,157.02,29,1058.46,5731.0134206896555
2024-04-23,GOOG,158.98,29,1051.95,5766.862448275862
2024-04-24,GOOG,160.15,29,1053.98,5820.513689655172
2024-04-25,GOOG,157.02,29,1081.23,5854.301193103449
2024-04-26,GOOG,172.66,29,1085.07,6460.282282758621
2024-04-29,GOOG,166.91,29,1090.83,6278.290872413792
2024-04-30,GOOG,163.67,29,1091.95,6162.739879310345
2024-05-01,GOOG,164.59,29,1091.95,6197.381051724138
2024-05-02,GOOG,167.46,29,1120.38,6469.61499310345
2024-05-03,GOOG,167.99,29,1121.12,6494.377544827586
2024-05-06,GOOG,168.83,29,1108.66,6454.312682758621
2024-05-07,GOOG,171.96,29,1094.7,6491.1935172413805
2024-05-08,GOOG,170.15,29,1076.45,6315.791982758622
2024-05-09,GOOG,170.57,29,1083.85,6374.906706896551
2024-05-10,GOOG,169.28,29,1078.41,6294.939475862069
2024-05-13,GOOG,169.89,29,1075.73,6301.923093103447
2024-05-14,GOOG,170.91,29,1084.51,6391.503589655173
2024-05-15,GOOG,172.85,29,1092.63,6512.451568965518
2024-05-16,GOOG,174.39,29,1099.3,6610.583689655171
2024-05-17,GOOG,176.24,29,1104.04,6709.517572413793
2024-05-20,GOOG,177.41,29,1142.72,6990.688110344828
2024-05-21,GOOG,178.48,29,1196.31,7362.6692689655165
2024-05-22,GOOG,176.95,29,1256.19,7664.924844827587
2024-05-23,GOOG,174.03,29,1256.24,7538.739558620689
2024-05-24,GOOG,175.29,29,1234.76,7463.485531034482
2024-05-28,GOOG,176.97,29,1233.95,7530.0735
2024-05-29,GOOG,176.35,29,1214.34,7384.443413793102
2024-05-30,GOOG,172.53,29,1213.09,7217.048886206896
2024-05-31,GOOG,172.93,29,1247.42,7438.494503448277
2024-06-03,GOOG,173.39,29,1297.47,7757.528389655172
2024-06-04,GOOG,174.1,29,1311.19,7871.661344827587
2024-06-05,GOOG,176.02,29,1304.36,7917.015420689655
2024-06-06,GOOG,177.3,29,1296.88,7928.856000000001
2024-06-07,GOOG,174.91,29,1313.02,7919.321662068965
2024-06-10,GOOG,175.79,29,1307.44,7925.340606896552
2024-06-11,GOOG,177.34,29,1305.74,7984.825227586207
2024-06-12,GOOG,178.7,29,1301.69,8021.103551724138
2024-06-13,GOOG,175.9,29,1274.41,7729.955827586207
2024-06-14,GOOG,177.52,29,1267.39,7758.174924137932
2024-06-17,GOOG,177.93,29,1267.39,7776.093196551725
2024-06-18,GOOG,175.61,29,1263.97,7653.992127586207
2024-06-20,GOOG,176.86,29,1263.97,7708.473593103449
2024-06-21,GOOG,179.4,29,1263.97,7819.179931034483
2024-06-24,GOOG,179.93,29,1313.9,8152.069896551725
2024-06-25,GOOG,184.69,29,1312.66,8359.833634482758
2024-06-26,GOOG,184.48,29,1341.33,8532.708910344827
2024-06-27,GOOG,185.97,29,1345.17,8626.250513793104
2024-06-28,GOOG,182.54,29,1350.08,8498.05528275862
2024-07-01,GOOG,183.61,29,1412.26,8941.553744827586
2024-07-02,GOOG,185.72,29,1428.27,9146.83808275862
2024-07-03,GOOG,186.49,29,1394.4,8966.953655172414
2024-07-05,GOOG,191.04,29,1391.94,9169.524744827586
2024-07-08,GOOG,189.57,29,1386.59,9063.995389655172
2024-07-09,GOOG,189.53,29,1386.59,9062.082851724137
2024-07-10,GOOG,191.74,29,1390.66,9194.660289655172
2024-07-11,GOOG,186.41,29,1414.42,9091.794213793104
2024-07-12,GOOG,185.89,29,1428.57,9157.1337
2024-07-15,GOOG,187.29,29,1306.97,8440.772803448275
2024-07-16,GOOG,184.61,29,1285.59,8183.8886172413795
2024-07-17,GOOG,181.75,29,1309.23,8205.260431034483
2024-07-18,GOOG,178.36,29,1332.64,8196.195531034484
2024-07-19,GOOG,178.53,29,1328.69,8179.69054137931
2024-07-22,GOOG,182.47,29,1329.71,8366.627024137932
2024-07-23,GOOG,182.72,29,1337.36,8426.290317241379
2024-07-24,GOOG,173.54,29,1335.28,7990.499696551724
2024-07-25,GOOG,168.35,29,1330.03,7721.0534655172405
2024-07-26,GOOG,167.87,29,1318.05,7629.6915
2024-07-29,GOOG,170.31,29,1294.33,7601.287665517241
2024-07-30,GOOG,171.04,29,1265.14,7461.708468965518
2024-07-31,GOOG,172.32,29,1284.84,7634.607889655172
2024-08-01,GOOG,171.63,29,1302.24,7707.015558620689
2024-08-02,GOOG,167.6,29,1321.58,7637.820965517241
2024-08-05,GOOG,159.87,29,1338.11,7376.677437931035
2024-08-06,GOOG,159.77,29,1340.93,7387.599520689656
2024-08-07,GOOG,159.98,29,1327.42,7322.781089655173
2024-08-08,GOOG,163.06,29,1311.29,7373.067151724138
2024-08-09,GOOG,164.6,29,1297.68,7365.452689655172
2024-08-12,GOOG,163.17,29,1281.72,7211.663875862069
2024-08-13,GOOG,165.14,29,1267.16,7215.820772413793
2024-08-14,GOOG,161.26,29,1268.59,7054.235289655171
2024-08-15,GOOG,162.39,29,1276.4,7147.399862068965
2024-08-16,GOOG,163.95,29,1291.92,7303.802896551723
2024-08-19,GOOG,167.6,29,1286.6,7435.660689655171
2024-08-20,GOOG,168.15,29,1290.0,7479.775862068966
2024-08-21,GOOG,166.83,29,1286.47,7400.751382758621
2024-08-22,GOOG,164.7,29,1285.52,7300.867034482758
2024-08-23,GOOG,166.63,29,1286.0,7389.178620689655
2024-08-26,GOOG,167.13,29,1289.88,7433.71187586207
2024-08-27,GOOG,165.59,29,1293.71,7387.0841
2024-08-28,GOOG,163.71,29,1292.68,7297.40147586207
2024-08-29,GOOG,162.62,29,1289.04,7228.40292413793
2024-08-30,GOOG,164.32,29,1298.81,7359.326179310344
2024-09-03,GOOG,157.85,29,1302.9,7091.819482758621
2024-09-04,GOOG,157.06,29,1293.76,7006.825710344828
2024-09-05,GOOG,157.84,29,1271.6,6921.011862068965
2024-09-06,GOOG,151.4,29,1258.08,6568.045241379311
2024-09-09,GOOG,149.02,29,1245.65,6400.922862068966
2024-09-10,GOOG,149.49,29,1249.13,6439.049782758621
2024-09-11,GOOG,151.62,29,1245.08,6509.621710344828
2024-09-12,GOOG,155.0,29,1260.0,6734.482758620689
2024-09-13,GOOG,157.82,29,1253.33,6820.708296551724
2024-09-16,GOOG,158.44,29,1244.8,6800.900413793103
2024-09-17,GOOG,159.72,29,1241.3,6836.566758620689
2024-09-18,GOOG,160.25,29,1233.45,6815.874568965518
2024-09-19,GOOG,162.67,29,1217.79,6830.9620448275855
2024-09-20,GOOG,164.07,29,1219.64,6900.218441379311
2024-09-23,GOOG,162.5,29,1226.82,6874.422413793103
2024-09-24,GOOG,163.07,29,1223.19,6878.123906896552
2024-09-25,GOOG,162.42,29,1228.13,6878.374986206897
2024-09-26,GOOG,163.26,29,1227.24,6908.938013793103
2024-09-27,GOOG,164.72,29,1232.76,7002.0768
2024-09-30,GOOG,166.61,29,1243.74,7145.5007379310355
2024-10-01,GOOG,167.84,29,1246.34,7213.300193103448
2024-10-02,GOOG,166.73,29,1233.98,7094.533979310344
2024-10-03,GOOG,166.63,29,1231.92,7078.4424
2024-10-04,GOOG,167.98,29,1225.59,7099.1244206896545
2024-10-07,GOOG,163.82,29,1217.21,6875.977317241379
2024-10-08,GOOG,165.13,29,1210.61,6893.380320689654
2024-10-09,GOOG,162.49,29,1191.25,6674.696982758622
2024-10-10,GOOG,162.61,29,1176.9,6599.162379310346
2024-10-11,GOOG,163.95,29,1176.9,6653.543275862069
2024-10-14,GOOG,165.77,29,1181.76,6755.184662068967
2024-10-15,GOOG,166.32,29,1179.98,6767.3887448275855
2024-10-16,GOOG,166.16,29,1190.31,6820.065848275862
2024-10-17,GOOG,163.94,29,1180.0,6670.662068965517
2024-10-18,GOOG,164.48,29,1195.0,6777.710344827586
2024-10-21,GOOG,165.23,29,1195.1,6809.185275862068
2024-10-22,GOOG,166.24,29,1195.1,6850.807724137931
2024-10-23,GOOG,163.91,29,1183.65,6690.071431034484
2024-10-24,GOOG,163.96,29,1179.42,6668.196662068966
2024-10-25,GOOG,166.41,29,1163.7,6677.631620689655
2024-10-28,GOOG,167.76,29,1154.94,6681.128772413793
2024-10-29,GOOG,170.55,29,1155.43,6795.123672413794
2024-10-30,GOOG,175.53,29,1158.6,7012.726137931034
2024-10-31,GOOG,172.09,29,1157.94,6871.375675862069
2024-11-01,GOOG,172.05,29,1176.74,6981.314379310345
2024-11-04,GOOG,170.09,29,1176.85,6902.428155172413
2024-11-05,GOOG,170.82,29,1181.73,6960.797193103448
2024-11-06,GOOG,177.71,29,1167.58,7154.849717241379
2024-11-07,GOOG,181.65,29,1166.35,7305.775086206896
2024-11-08,GOOG,179.24,29,1159.65,7167.436758620691
2024-11-11,GOOG,181.34,29,1162.01,7266.168737931034
2024-11-12,GOOG,182.68,29,1164.95,7338.381586206897
2024-11-13,GOOG,179.86,29,1156.75,7174.24327586207
2024-11-14,GOOG,176.74,29,1157.07,7051.743165517241
2024-11-15,GOOG,173.29,29,1134.15,6777.132879310345
2024-11-18,GOOG,176.19,29,1134.15,6890.547879310345
2024-11-19,GOOG,178.96,29,1104.41,6815.352193103449
2024-11-20,GOOG,176.72,29,1111.29,6771.971337931034
2024-11-21,GOOG,168.65,29,1111.59,6464.470810344827
2024-11-22,GOOG,165.99,29,1106.85,6335.380396551724
2024-11-25,GOOG,168.84,29,1104.77,6432.047131034482
2024-11-26,GOOG,170.03,29,1107.67,6494.383796551724
2024-11-27,GOOG,170.23,29,1105.85,6491.339499999999
2024-11-29,GOOG,169.9,29,1109.94,6502.717448275863
2024-12-02,GOOG,172.38,29,1099.42,6535.104124137931
2024-12-03,GOOG,172.42,29,1107.92,6587.157462068966
2024-12-04,GOOG,175.48,29,1101.11,6662.854579310343
2024-12-05,GOOG,173.71,29,1088.68,6521.193200000001
2024-12-06,GOOG,175.88,29,1075.48,6522.6007724137935
2024-12-09,GOOG,176.69,29,1072.28,6533.143213793103
2024-12-10,GOOG,186.09,29,1074.95,6897.842948275862
2024-12-11,GOOG,196.25,29,1071.6,7251.775862068965
2024-12-12,GOOG,193.18,29,1067.12,7108.491089655172
2024-12-13,GOOG,190.93,29,1095.31,7211.294424137931
2024-12-16,GOOG,197.7,29,1119.1,7629.174827586206
2024-12-17,GOOG,196.66,29,1151.42,7808.215765517242
2024-12-18,GOOG,189.71,29,1163.48,7611.1652
2024-12-19,GOOG,189.26,29,1160.93,7576.469372413793
2024-12-20,GOOG,192.51,29,1167.07,7747.332610344826
2024-12-23,GOOG,195.53,29,1166.24,7863.272662068966
2024-12-24,GOOG,197.11,29,1173.62,7976.973731034483
2024-12-26,GOOG,196.64,29,1188.67,8060.002372413794
2024-12-27,GOOG,193.59,29,1182.95,7896.803120689655
2024-12-30,GOOG,192.24,29,1186.93,7868.118041379311
2024-01-02,AMZN,149.93,144,996.61,1037.6509534722222
2024-01-03,AMZN,148.47,144,1048.82,1081.3771208333333
2024-01-04,AMZN,144.57,144,1090.91,1095.2281854166667
2024-01-05,AMZN,145.24,144,1140.44,1150.2604555555556
2024-01-08,AMZN,149.1,144,1201.55,1244.104895833333
2024-01-09,AMZN,151.37,144,1193.5,1254.5839930555555
2024-01-10,AMZN,153.73,144,1182.72,1262.6357333333333
2024-01-11,AMZN,155.18,144,1148.09,1237.2264319444446
2024-01-12,AMZN,154.62,144,1136.65,1220.4779375000003
2024-01-16,AMZN,153.16,144,1213.74,1290.94735
2024-01-17,AMZN,151.71,144,1273.34,1341.5167458333335
2024-01-18,AMZN,153.5,144,1282.58,1367.1946527777777
2024-01-19,AMZN,155.34,144,1306.16,1409.0201000000002
2024-01-22,AMZN,154.78,144,1312.49,1410.7444597222222
2024-01-23,AMZN,156.02,144,1285.71,1393.0310708333336
2024-01-24,AMZN,156.87,144,1304.7,1421.3075625000001
2024-01-25,AMZN,157.75,144,1281.95,1404.358420138889
2024-01-26,AMZN,159.12,144,1231.09,1360.3544499999998
2024-01-29,AMZN,161.26,144,1263.18,1414.5861583333333
2024-01-30,AMZN,159.0,144,1269.37,1401.5960416666667
2024-01-31,AMZN,155.2,144,1248.95,1346.0905555555555
2024-02-01,AMZN,159.28,144,1280.42,1416.286788888889
2024-02-02,AMZN,171.81,144,1288.36,1537.174525
2024-02-05,AMZN,170.31,144,1294.93,1531.5245020833333
2024-02-06,AMZN,169.15,144,1249.42,1467.634673611111
2024-02-07,AMZN,170.53,144,1263.67,1496.4836465277779
2024-02-08,AMZN,169.84,144,1246.57,1470.260061111111
2024-02-09,AMZN,174.45,144,1229.01,1488.89440625
2024-02-12,AMZN,172.34,144,1229.01,1470.8859958333333
2024-02-13,AMZN,168.64,144,1229.01,1439.3072666666665
2024-02-14,AMZN,170.98,144,1174.95,1395.0899375
2024-02-15,AMZN,169.8,144,1153.96,1360.711166666667
2024-02-16,AMZN,169.51,144,1112.9,1310.053326388889
2024-02-20,AMZN,167.08,144,1130.07,1311.1951083333333
2024-02-21,AMZN,168.59,144,1114.22,1304.4885402777777
2024-02-22,AMZN,174.58,144,1094.85,1327.3535625
2024-02-23,AMZN,174.99,144,1114.71,1354.6048812500003
2024-02-26,AMZN,174.73,144,1098.25,1332.6196006944442
2024-02-27,AMZN,173.54,144,1087.26,1310.2993083333333
2024-02-28,AMZN,173.16,144,1072.1,1289.2002499999999
2024-02-29,AMZN,176.76,144,1071.73,1315.5485749999998
2024-03-01,AMZN,178.22,144,1089.95,1348.9645069444443
2024-03-04,AMZN,177.58,144,1065.88,1314.4372944444447
2024-03-05,AMZN,174.12,144,1042.21,1260.2055916666668
2024-03-06,AMZN,173.51,144,1022.5,1232.0414930555553
2024-03-07,AMZN,176.82,144,1029.27,1263.8577875
2024-03-08,AMZN,175.35,144,1048.98,1277.3516875
2024-03-11,AMZN,171.96,144,1021.75,1220.1397916666667
2024-03-12,AMZN,175.39,144,1067.23,1299.871317361111
2024-03-13,AMZN,176.56,144,1053.42,1291.6099666666667
2024-03-14,AMZN,178.75,144,1060.45,1316.357204861111
2024-03-15,AMZN,174.42,144,1067.97,1293.5786624999998
2024-03-18,AMZN,174.48,144,1080.99,1309.79955
2024-03-19,AMZN,175.9,144,1083.6,1323.6475
2024-03-20,AMZN,178.15,144,1097.82,1358.1710625
2024-03-21,AMZN,178.15,144,1099.02,1359.6556458333334
2024-03-22,AMZN,178.87,144,1096.17,1361.6106104166668
2024-03-25,AMZN,179.71,144,1079.64,1347.3757250000003
2024-03-26,AMZN,178.3,144,1101.71,1364.131201388889
2024-03-27,AMZN,179.83,144,1085.7,1355.8432708333335
2024-03-28,AMZN,180.38,144,1085.7,1359.9900416666667
2024-04-01,AMZN,180.97,144,1085.7,1364.4383958333335
2024-04-02,AMZN,180.69,144,1085.7,1362.3273125
2024-04-03,AMZN,182.41,144,1069.53,1354.8122729166666
2024-04-04,AMZN,180.0,144,1057.04,1321.3
2024-04-05,AMZN,185.07,144,1048.61,1347.6823104166665
2024-04-08,AMZN,185.19,144,1034.67,1330.62873125
2024-04-09,AMZN,185.67,144,1046.55,1349.39540625
2024-04-10,AMZN,185.95,144,1045.49,1350.061565972222
2024-04-11,AMZN,189.05,144,1048.9,1377.0454513888892
2024-04-12,AMZN,186.13,144,1047.36,1353.7855333333332
2024-04-15,AMZN,183.62,144,1074.13,1369.6649347222224
2024-04-16,AMZN,183.32,144,1075.44,1369.0948666666668
2024-04-17,AMZN,181.28,144,1062.34,1337.368022222222
2024-04-18,AMZN,179.22,144,1065.74,1326.4022416666667
2024-04-19,AMZN,174.63,144,1068.81,1296.15479375
2024-04-22,AMZN,177.23,144,1058.46,1302.7143458333333
2024-04-23,AMZN,179.54,144,1051.95,1311.5771041666667
2024-04-24,AMZN,176.59,144,1053.98,1292.5161680555557
2024-04-25,AMZN,173.67,144,1081.23,1304.0084312499998
2024-04-26,AMZN,179.62,144,1085.07,1353.4741208333335
2024-04-29,AMZN,180.96,144,1090.83,1370.8097
2024-04-30,AMZN,175.0,144,1091.95,1327.0225694444443
2024-05-01,AMZN,179.0,144,1091.95,1357.354513888889
2024-05-02,AMZN,184.72,144,1120.38,1437.198566666667
2024-05-03,AMZN,186.21,144,1121.12,1449.7483
2024-05-06,AMZN,188.7,144,1108.66,1452.8065416666666
2024-05-07,AMZN,188.76,144,1094.7,1434.9692499999999
2024-05-08,AMZN,188.0,144,1076.45,1405.365277777778
2024-05-09,AMZN,189.5,144,1083.85,1426.3164930555554
2024-05-10,AMZN,187.48,144,1078.41,1404.0299083333332
2024-05-13,AMZN,186.57,144,1075.73,1393.74268125
2024-05-14,AMZN,187.07,144,1084.51,1408.8839284722221
2024-05-15,AMZN,185.99,144,1092.63,1411.237872916667
2024-05-16,AMZN,183.63,144,1099.3,1401.8365208333332
2024-05-17,AMZN,184.7,144,1104.04,1416.0846388888888
2024-05-20,AMZN,183.54,144,1142.72,1456.4918666666665
2024-05-21,AMZN,183.15,144,1196.31,1521.55678125
2024-05-22,AMZN,183.13,144,1256.19,1597.5421854166666
2024-05-23,AMZN,181.05,144,1256.24,1579.4600833333334
2024-05-24,AMZN,180.75,144,1234.76,1549.8810416666665
2024-05-28,AMZN,182.15,144,1233.95,1560.8610590277779
2024-05-29,AMZN,182.02,144,1214.34,1534.9594916666667
2024-05-30,AMZN,179.32,144,1213.09,1510.6340194444444
2024-05-31,AMZN,176.44,144,1247.42,1528.4360055555558
2024-06-03,AMZN,178.34,144,1297.47,1606.8805541666668
2024-06-04,AMZN,179.34,144,1311.19,1632.9778791666668
2024-06-05,AMZN,181.28,144,1304.36,1642.044311111111
2024-06-06,AMZN,185.0,144,1296.88,1666.1305555555557
2024-06-07,AMZN,184.3,144,1313.02,1680.4832361111112
2024-06-10,AMZN,187.06,144,1307.44,1698.4008777777779
2024-06-11,AMZN,187.23,144,1305.74,1697.7340291666667
2024-06-12,AMZN,186.89,144,1301.69,1689.3947506944444
2024-06-13,AMZN,183.83,144,1274.41,1626.9082659722224
2024-06-14,AMZN,183.66,144,1267.39,1616.450329166667
2024-06-17,AMZN,184.06,144,1267.39,1619.9708569444447
2024-06-18,AMZN,182.81,144,1263.97,1604.627470138889
2024-06-20,AMZN,186.1,144,1263.97,1633.5056736111112
2024-06-21,AMZN,189.08,144,1263.97,1659.6628305555557
2024-06-24,AMZN,185.57,144,1313.9,1693.1973819444445
2024-06-25,AMZN,186.34,144,1312.66,1698.618502777778
2024-06-26,AMZN,193.61,144,1341.33,1803.4368145833332
2024-06-27,AMZN,197.85,144,1345.17,1848.2075312499999
2024-06-28,AMZN,193.25,144,1350.08,1811.826111111111
2024-07-01,AMZN,197.2,144,1412.26,1934.0116111111108
2024-07-02,AMZN,200.0,144,1428.27,1983.7083333333333
2024-07-03,AMZN,197.59,144,1394.4,1913.3298333333337
2024-07-05,AMZN,200.0,144,1391.94,1933.25
2024-07-08,AMZN,199.29,144,1386.59,1918.9827854166663
2024-07-09,AMZN,199.34,144,1386.59,1919.464240277778
2024-07-10,AMZN,199.79,144,1390.66,1929.444176388889
2024-07-11,AMZN,195.05,144,1414.42,1915.8515347222226
2024-07-12,AMZN,194.49,144,1428.57,1929.4623562499999
2024-07-15,AMZN,192.72,144,1306.97,1749.1615166666666
2024-07-16,AMZN,193.02,144,1285.59,1723.2262624999998
2024-07-17,AMZN,187.93,144,1309.23,1708.63606875
2024-07-18,AMZN,183.75,144,1332.64,1700.5041666666666
2024-07-19,AMZN,183.13,144,1328.69,1689.7430534722223
2024-07-22,AMZN,182.55,144,1329.71,1685.6844479166668
2024-07-23,AMZN,186.41,144,1337.36,1731.2310944444444
2024-07-24,AMZN,180.83,144,1335.28,1676.7964055555558
2024-07-25,AMZN,179.85,144,1330.03,1661.1520520833333
2024-07-26,AMZN,182.5,144,1318.05,1670.4453125
2024-07-29,AMZN,183.2,144,1294.33,1646.6753888888886
2024-07-30,AMZN,181.71,144,1265.14,1596.4485375000002
2024-07-31,AMZN,186.98,144,1284.84,1668.3290499999998
2024-08-01,AMZN,184.07,144,1302.24,1664.6063666666666
2024-08-02,AMZN,167.9,144,1321.58,1540.9255694444446
2024-08-05,AMZN,161.02,144,1338.11,1496.2671680555554
2024-08-06,AMZN,161.93,144,1340.93,1507.8944090277778
2024-08-07,AMZN,162.77,144,1327.42,1500.4455097222226
2024-08-08,AMZN,165.8,144,1311.29,1509.8047361111112
2024-08-09,AMZN,166.94,144,1297.68,1504.4076333333333
2024-08-12,AMZN,166.8,144,1281.72,1484.659
2024-08-13,AMZN,170.23,144,1267.16,1497.9767138888888
2024-08-14,AMZN,170.1,144,1268.59,1498.5219375
2024-08-15,AMZN,177.59,144,1276.4,1574.138027777778
2024-08-16,AMZN,177.06,144,1291.92,1588.5233
2024-08-19,AMZN,178.22,144,1286.6,1592.3461944444443
2024-08-20,AMZN,178.88,144,1290.0,1602.4666666666665
2024-08-21,AMZN,180.11,144,1286.47,1609.070220138889
2024-08-22,AMZN,176.13,144,1285.52,1572.3516499999998
2024-08-23,AMZN,177.04,144,1286.0,1581.0655555555556
2024-08-26,AMZN,175.5,144,1289.88,1572.0412500000002
2024-08-27,AMZN,173.12,144,1293.71,1555.3269111111113
2024-08-28,AMZN,170.8,144,1292.68,1533.2621111111114
2024-08-29,AMZN,172.12,144,1289.04,1540.7608666666665
2024-08-30,AMZN,178.5,144,1298.81,1609.9832291666667
2024-09-03,AMZN,176.25,144,1302.9,1594.6953125000002
2024-09-04,AMZN,173.33,144,1293.76,1557.2737555555557
2024-09-05,AMZN,177.89,144,1271.6,1570.8675277777775
2024-09-06,AMZN,171.39,144,1258.08,1497.3772999999997
2024-09-09,AMZN,175.4,144,1245.65,1517.2709027777778
2024-09-10,AMZN,179.55,144,1249.13,1557.5089687500001
2024-09-11,AMZN,184.52,144,1245.08,1595.4316777777776
2024-09-12,AMZN,187.0,144,1260.0,1636.25
2024-09-13,AMZN,186.49,144,1253.33,1623.1493868055557
2024-09-16,AMZN,184.89,144,1244.8,1598.2713333333331
2024-09-17,AMZN,186.88,144,1241.3,1610.9315555555556
2024-09-18,AMZN,186.43,144,1233.45,1596.88946875
2024-09-19,AMZN,189.87,144,1217.79,1605.7068562499999
2024-09-20,AMZN,191.6,144,1219.64,1622.7987777777778
2024-09-23,AMZN,193.88,144,1226.82,1651.7768166666665
2024-09-24,AMZN,193.96,144,1223.19,1647.5689750000001
2024-09-25,AMZN,192.53,144,1228.13,1642.0268673611113
2024-09-26,AMZN,191.16,144,1227.24,1629.1611
2024-09-27,AMZN,187.97,144,1232.76,1609.1798416666668
2024-09-30,AMZN,186.33,144,1243.74,1609.3477375
2024-10-01,AMZN,185.13,144,1246.34,1602.3258624999999
2024-10-02,AMZN,184.76,144,1233.98,1583.2648944444443
2024-10-03,AMZN,181.96,144,1231.92,1556.6678000000002
2024-10-04,AMZN,186.51,144,1225.59,1587.3943812499997
2024-10-07,AMZN,180.8,144,1217.21,1528.274777777778
2024-10-08,AMZN,182.72,144,1210.61,1536.1295777777777
2024-10-09,AMZN,185.17,144,1191.25,1531.8316840277776
2024-10-10,AMZN,186.65,144,1176.9,1525.4748958333334
2024-10-11,AMZN,188.82,144,1176.9,1543.210125
2024-10-14,AMZN,187.54,144,1181.76,1539.0782666666664
2024-10-15,AMZN,187.69,144,1179.98,1537.9892097222223
2024-10-16,AMZN,186.89,144,1190.31,1544.8405270833332
2024-10-17,AMZN,187.53,144,1180.0,1536.7041666666667
2024-10-18,AMZN,188.99,144,1195.0,1568.354513888889
2024-10-21,AMZN,189.07,144,1195.1,1569.1497013888886
2024-10-22,AMZN,189.7,144,1195.1,1574.3782638888888
2024-10-23,AMZN,184.71,144,1183.65,1518.2777187500003
2024-10-24,AMZN,186.38,144,1179.42,1526.5298583333333
2024-10-25,AMZN,187.83,144,1163.7,1517.9011875000003
2024-10-28,AMZN,188.39,144,1154.94,1510.9662958333333
2024-10-29,AMZN,190.83,144,1155.43,1531.1854645833334
2024-10-30,AMZN,192.73,144,1158.6,1550.6734583333332
2024-10-31,AMZN,186.4,144,1157.94,1498.8890000000001
2024-11-01,AMZN,197.93,144,1176.74,1617.445473611111
2024-11-04,AMZN,195.78,144,1176.85,1600.025645833333
2024-11-05,AMZN,199.5,144,1181.73,1637.1884375
2024-11-06,AMZN,207.09,144,1167.58,1679.1259875
2024-11-07,AMZN,210.05,144,1166.35,1701.3320659722222
2024-11-08,AMZN,208.18,144,1159.65,1676.4995625000001
2024-11-11,AMZN,206.84,144,1162.01,1669.0982527777778
2024-11-12,AMZN,208.91,144,1164.95,1690.0673923611112
2024-11-13,AMZN,214.1,144,1156.75,1719.8623263888887
2024-11-14,AMZN,211.48,144,1157.07,1699.2858583333332
2024-11-15,AMZN,202.61,144,1134.15,1595.7648020833337
2024-11-18,AMZN,201.7,144,1134.15,1588.5976041666665
2024-11-19,AMZN,204.61,144,1104.41,1569.2592368055557
2024-11-20,AMZN,202.88,144,1111.29,1565.6841333333332
2024-11-21,AMZN,198.38,144,1111.59,1531.3696124999997
2024-11-22,AMZN,197.12,144,1106.85,1515.1546666666666
2024-11-25,AMZN,201.45,144,1104.77,1545.5271979166666
2024-11-26,AMZN,207.86,144,1107.67,1598.8908763888892
2024-11-27,AMZN,205.74,144,1105.85,1579.9831875
2024-11-29,AMZN,207.89,144,1109.94,1602.3987958333335
2024-12-02,AMZN,210.71,144,1099.42,1608.7415847222223
2024-12-03,AMZN,213.44,144,1107.92,1642.1836444444446
2024-12-04,AMZN,218.16,144,1101.11,1668.1816499999998
2024-12-05,AMZN,220.55,144,1088.68,1667.4192638888892
2024-12-06,AMZN,227.03,144,1075.48,1695.5987805555555
2024-12-09,AMZN,226.09,144,1072.28,1683.5540638888888
2024-12-10,AMZN,225.04,144,1074.95,1679.9079722222223
2024-12-11,AMZN,230.26,144,1071.6,1713.5181666666665
2024-12-12,AMZN,228.97,144,1067.12,1696.7949055555555
2024-12-13,AMZN,227.46,144,1095.31,1730.1334208333333
2024-12-16,AMZN,232.93,144,1119.1,1810.2219652777776
2024-12-17,AMZN,231.15,144,1151.42,1848.2689791666667
2024-12-18,AMZN,220.52,144,1163.48,1781.7403444444446
2024-12-19,AMZN,223.29,144,1160.93,1800.1670812500001
2024-12-20,AMZN,224.92,144,1167.07,1822.8985027777776
2024-12-23,AMZN,225.06,144,1166.24,1822.7359333333334
2024-12-24,AMZN,229.05,144,1173.62,1866.7893124999998
2024-12-26,AMZN,227.05,144,1188.67,1874.2189131944444
2024-12-27,AMZN,223.75,144,1182.95,1838.0907118055557
2024-12-30,AMZN,221.3,144,1186.93,1824.080618055556
2024-01-02,TSLA,248.42,15,996.61,16505.190413333334
2024-01-03,TSLA,238.45,15,1048.82,16672.74193333333
2024-01-04,TSLA,237.93,15,1090.91,17304.014420000003
2024-01-05,TSLA,237.49,15,1140.44,18056.206373333334
2024-01-08,TSLA,240.45,15,1201.55,19260.846499999996
2024-01-09,TSLA,234.96,15,1193.5,18694.984
2024-01-10,TSLA,233.94,15,1182.72,18445.701119999998
2024-01-11,TSLA,227.22,15,1148.09,17391.26732
2024-01-12,TSLA,218.89,15,1136.65,16586.754566666667
2024-01-16,TSLA,219.91,15,1213.74,17794.237559999998
2024-01-17,TSLA,215.55,15,1273.34,18297.8958
2024-01-18,TSLA,211.88,15,1282.58,18116.870026666667
2024-01-19,TSLA,212.19,15,1306.16,18476.93936
2024-01-22,TSLA,208.8,15,1312.49,18269.860800000002
2024-01-23,TSLA,209.14,15,1285.71,17926.22596
2024-01-24,TSLA,207.83,15,1304.7,18077.0534
2024-01-25,TSLA,182.63,15,1281.95,15608.168566666667
2024-01-26,TSLA,183.25,15,1231.09,15039.816166666666
2024-01-29,TSLA,190.93,15,1263.18,16078.597160000001
2024-01-30,TSLA,191.59,15,1269.37,16213.239886666666
2024-01-31,TSLA,187.29,15,1248.95,15594.3897
2024-02-01,TSLA,188.86,15,1280.42,16121.341413333335
2024-02-02,TSLA,187.91,15,1288.36,16139.715173333332
2024-02-05,TSLA,181.06,15,1294.93,15630.668386666666
2024-02-06,TSLA,185.1,15,1249.42,15417.8428
2024-02-07,TSLA,187.58,15,1263.67,15802.614573333334
2024-02-08,TSLA,189.56,15,1246.57,15753.320613333333
2024-02-09,TSLA,193.57,15,1229.01,15859.96438
2024-02-12,TSLA,188.13,15,1229.01,15414.24342
2024-02-13,TSLA,184.02,15,1229.01,15077.494680000002
2024-02-14,TSLA,188.71,15,1174.95,14781.6543
2024-02-15,TSLA,200.45,15,1153.96,15420.752133333333
2024-02-16,TSLA,199.95,15,1112.9,14834.957
2024-02-20,TSLA,193.76,15,1130.07,14597.490879999998
2024-02-21,TSLA,194.77,15,1114.22,14467.775293333334
2024-02-22,TSLA,197.41,15,1094.85,14408.955899999999
2024-02-23,TSLA,191.97,15,1114.71,14266.05858
2024-02-26,TSLA,199.4,15,1098.25,14599.403333333334
2024-02-27,TSLA,199.73,15,1087.26,14477.22932
2024-02-28,TSLA,202.04,15,1072.1,14440.472266666666
2024-02-29,TSLA,201.88,15,1071.73,14424.056826666667
2024-03-01,TSLA,202.64,15,1089.95,14724.497866666667
2024-03-04,TSLA,188.14,15,1065.88,13368.977546666667
2024-03-05,TSLA,180.74,15,1042.21,12557.935693333335
2024-03-06,TSLA,176.54,15,1022.5,12034.143333333333
2024-03-07,TSLA,178.65,15,1029.27,12258.605700000002
2024-03-08,TSLA,175.34,15,1048.98,12261.87688
2024-03-11,TSLA,177.77,15,1021.75,12109.099833333334
2024-03-12,TSLA,177.54,15,1067.23,12631.73428
2024-03-13,TSLA,169.48,15,1053.42,11902.241440000002
2024-03-14,TSLA,162.5,15,1060.45,11488.208333333334
2024-03-15,TSLA,163.57,15,1067.97,11645.85686
2024-03-18,TSLA,173.8,15,1080.99,12525.0708
2024-03-19,TSLA,171.32,15,1083.6,12376.156799999999
2024-03-20,TSLA,175.66,15,1097.82,12856.20408
2024-03-21,TSLA,172.82,15,1099.02,12662.17576
2024-03-22,TSLA,170.83,15,1096.17,12483.914740000002
2024-03-25,TSLA,172.63,15,1079.64,12425.21688
2024-03-26,TSLA,177.67,15,1101.71,13049.387713333334
2024-03-27,TSLA,179.83,15,1085.7,13016.0954
2024-03-28,TSLA,175.79,15,1085.7,12723.6802
2024-04-01,TSLA,175.22,15,1085.7,12682.423600000002
2024-04-02,TSLA,166.63,15,1085.7,12060.679399999999
2024-04-03,TSLA,168.38,15,1069.53,12005.83076
2024-04-04,TSLA,171.11,15,1057.04,12058.007626666667
2024-04-05,TSLA,164.9,15,1048.61,11527.719266666665
2024-04-08,TSLA,172.98,15,1034.67,11931.81444
2024-04-09,TSLA,176.88,15,1046.55,12340.917599999999
2024-04-10,TSLA,171.76,15,1045.49,11971.557493333332
2024-04-11,TSLA,174.6,15,1048.9,12209.196
2024-04-12,TSLA,171.05,15,1047.36,11943.395199999999
2024-04-15,TSLA,161.48,15,1074.13,11563.367493333333
2024-04-16,TSLA,157.11,15,1075.44,11264.158560000002
2024-04-17,TSLA,155.45,15,1062.34,11009.383533333332
2024-04-18,TSLA,149.93,15,1065.74,10652.426546666666
2024-04-19,TSLA,147.05,15,1068.81,10477.9007
2024-04-22,TSLA,142.05,15,1058.46,10023.6162
2024-04-23,TSLA,144.68,15,1051.95,10146.408400000002
2024-04-24,TSLA,162.13,15,1053.98,11392.118493333333
2024-04-25,TSLA,170.18,15,1081.23,12266.914760000001
2024-04-26,TSLA,168.29,15,1085.07,12173.762019999998
2024-04-29,TSLA,194.05,15,1090.83,14111.7041
2024-04-30,TSLA,183.28,15,1091.95,13342.173066666668
2024-05-01,TSLA,179.99,15,1091.95,13102.672033333334
2024-05-02,TSLA,180.01,15,1120.38,13445.30692
2024-05-03,TSLA,181.19,15,1121.12,13542.382186666664
2024-05-06,TSLA,184.76,15,1108.66,13655.734773333334
2024-05-07,TSLA,177.81,15,1094.7,12976.573800000002
2024-05-08,TSLA,174.72,15,1076.45,12538.4896
2024-05-09,TSLA,171.97,15,1083.85,12425.978966666666
2024-05-10,TSLA,168.47,15,1078.41,12111.98218
2024-05-13,TSLA,171.89,15,1075.73,12327.148646666667
2024-05-14,TSLA,177.55,15,1084.51,12836.98336666667
2024-05-15,TSLA,173.99,15,1092.63,12673.779580000002
2024-05-16,TSLA,174.84,15,1099.3,12813.4408
2024-05-17,TSLA,177.46,15,1104.04,13061.529226666667
2024-05-20,TSLA,174.95,15,1142.72,13327.924266666667
2024-05-21,TSLA,186.6,15,1196.31,14882.0964
2024-05-22,TSLA,180.11,15,1256.19,15083.49206
2024-05-23,TSLA,173.74,15,1256.24,14550.609173333334
2024-05-24,TSLA,179.24,15,1234.76,14754.558826666667
2024-05-28,TSLA,176.75,15,1233.95,14540.044166666667
2024-05-29,TSLA,176.19,15,1214.34,14263.637639999999
2024-05-30,TSLA,178.79,15,1213.09,14459.224073333333
2024-05-31,TSLA,178.08,15,1247.42,14809.370240000002
2024-06-03,TSLA,176.29,15,1297.47,15248.732419999998
2024-06-04,TSLA,174.77,15,1311.19,15277.111753333334
2024-06-05,TSLA,175.0,15,1304.36,15217.533333333331
2024-06-06,TSLA,177.94,15,1296.88,15384.455146666669
2024-06-07,TSLA,177.48,15,1313.02,15535.652639999998
2024-06-10,TSLA,173.79,15,1307.44,15147.99984
2024-06-11,TSLA,170.66,15,1305.74,14855.839226666667
2024-06-12,TSLA,177.29,15,1301.69,15385.108006666667
2024-06-13,TSLA,182.47,15,1274.41,15502.772846666667
2024-06-14,TSLA,178.01,15,1267.39,15040.539593333333
2024-06-17,TSLA,187.44,15,1267.39,15837.30544
2024-06-18,TSLA,184.86,15,1263.97,15577.166280000001
2024-06-20,TSLA,181.57,15,1263.97,15299.935526666666
2024-06-21,TSLA,183.01,15,1263.97,15421.276646666665
2024-06-24,TSLA,182.58,15,1313.9,15992.7908
2024-06-25,TSLA,187.35,15,1312.66,16395.1234
2024-06-26,TSLA,196.37,15,1341.33,17559.798140000003
2024-06-27,TSLA,197.42,15,1345.17,17704.23076
2024-06-28,TSLA,197.88,15,1350.08,17810.25536
2024-07-01,TSLA,209.86,15,1412.26,19758.458906666667
2024-07-02,TSLA,231.26,15,1428.27,22020.11468
2024-07-03,TSLA,246.39,15,1394.4,22904.4144
2024-07-05,TSLA,251.52,15,1391.94,23340.04992
2024-07-08,TSLA,252.94,15,1386.59,23381.60497333333
2024-07-09,TSLA,262.33,15,1386.59,24249.61031333333
2024-07-10,TSLA,263.26,15,1390.66,24407.010106666665
2024-07-11,TSLA,241.03,15,1414.42,22727.843506666668
2024-07-12,TSLA,248.23,15,1428.57,23640.92874
2024-07-15,TSLA,252.64,15,1306.97,22012.860053333334
2024-07-16,TSLA,256.56,15,1285.59,21988.731359999998
2024-07-17,TSLA,248.5,15,1309.23,21689.577
2024-07-18,TSLA,249.23,15,1332.64,22142.257813333337
2024-07-19,TSLA,239.2,15,1328.69,21188.17653333333
2024-07-22,TSLA,251.51,15,1329.71,22295.690806666666
2024-07-23,TSLA,246.38,15,1337.36,21966.583786666666
2024-07-24,TSLA,215.99,15,1335.28,19227.14181333333
2024-07-25,TSLA,220.25,15,1330.03,19529.273833333333
2024-07-26,TSLA,219.8,15,1318.05,19313.826
2024-07-29,TSLA,232.1,15,1294.33,20027.59953333333
2024-07-30,TSLA,222.62,15,1265.14,18776.364453333335
2024-07-31,TSLA,232.07,15,1284.84,19878.187919999997
2024-08-01,TSLA,216.86,15,1302.24,18826.91776
2024-08-02,TSLA,207.67,15,1321.58,18296.83457333333
2024-08-05,TSLA,198.88,15,1338.11,17741.55445333333
2024-08-06,TSLA,200.64,15,1340.93,17936.27968
2024-08-07,TSLA,191.76,15,1327.42,16969.737279999998
2024-08-08,TSLA,198.84,15,1311.29,17382.46024
2024-08-09,TSLA,200.0,15,1297.68,17302.4
2024-08-12,TSLA,197.49,15,1281.72,16875.12552
2024-08-13,TSLA,207.83,15,1267.16,17556.92418666667
2024-08-14,TSLA,201.38,15,1268.59,17031.243613333332
2024-08-15,TSLA,214.14,15,1276.4,18221.8864
2024-08-16,TSLA,216.12,15,1291.92,18613.983360000002
2024-08-19,TSLA,222.72,15,1286.6,19103.4368
2024-08-20,TSLA,221.1,15,1290.0,19014.6
2024-08-21,TSLA,223.27,15,1286.47,19148.677126666666
2024-08-22,TSLA,210.66,15,1285.52,18053.84288
2024-08-23,TSLA,220.32,15,1286.0,18888.768
2024-08-26,TSLA,213.21,15,1289.88,18334.354320000002
2024-08-27,TSLA,209.21,15,1293.71,18043.80460666667
2024-08-28,TSLA,205.75,15,1292.68,17731.26066666667
2024-08-29,TSLA,206.28,15,1289.04,17726.87808
2024-08-30,TSLA,214.11,15,1298.81,18539.213939999998
2024-09-03,TSLA,210.6,15,1302.9,18292.716
2024-09-04,TSLA,219.41,15,1293.76,18924.258773333335
2024-09-05,TSLA,230.17,15,1271.6,19512.27813333333
2024-09-06,TSLA,210.73,15,1258.08,17674.346559999998
2024-09-09,TSLA,216.27,15,1245.65,17959.781700000003
2024-09-10,TSLA,226.17,15,1249.13,18834.38214
2024-09-11,TSLA,228.13,15,1245.08,18936.006693333333
2024-09-12,TSLA,229.81,15,1260.0,19304.039999999997
2024-09-13,TSLA,230.29,15,1253.33,19241.95771333333
2024-09-16,TSLA,226.78,15,1244.8,18819.716266666666
2024-09-17,TSLA,227.87,15,1241.3,18857.002066666668
2024-09-18,TSLA,227.2,15,1233.45,18682.656
2024-09-19,TSLA,243.92,15,1217.79,19802.88912
2024-09-20,TSLA,238.25,15,1219.64,19371.94866666667
2024-09-23,TSLA,250.0,15,1226.82,20447.0
2024-09-24,TSLA,254.27,15,1223.19,20734.70142
2024-09-25,TSLA,257.02,15,1228.13,21043.598173333332
2024-09-26,TSLA,254.22,15,1227.24,20799.26352
2024-09-27,TSLA,260.46,15,1232.76,21405.64464
2024-09-30,TSLA,261.63,15,1243.74,21693.31308
2024-10-01,TSLA,258.02,15,1246.34,21438.709786666663
2024-10-02,TSLA,249.02,15,1233.98,20485.713306666665
2024-10-03,TSLA,240.66,15,1231.92,19764.92448
2024-10-04,TSLA,250.08,15,1225.59,20433.03648
2024-10-07,TSLA,240.83,15,1217.21,19542.71228666667
2024-10-08,TSLA,244.5,15,1210.61,19732.942999999996
2024-10-09,TSLA,241.05,15,1191.25,19143.3875
2024-10-10,TSLA,238.77,15,1176.9,18733.894200000002
2024-10-11,TSLA,217.8,15,1176.9,17088.588000000003
2024-10-14,TSLA,219.16,15,1181.76,17266.30144
2024-10-15,TSLA,219.57,15,1179.98,17272.54724
2024-10-16,TSLA,221.33,15,1190.31,17563.42082
2024-10-17,TSLA,220.89,15,1180.0,17376.68
2024-10-18,TSLA,220.7,15,1195.0,17582.433333333334
2024-10-21,TSLA,218.85,15,1195.1,17436.509
2024-10-22,TSLA,217.97,15,1195.1,17366.396466666665
2024-10-23,TSLA,213.65,15,1183.65,16859.1215
2024-10-24,TSLA,260.48,15,1179.42,20481.02144
2024-10-25,TSLA,269.19,15,1163.7,20883.7602
2024-10-28,TSLA,262.51,15,1154.94,20212.219960000002
2024-10-29,TSLA,259.52,15,1155.43,19990.479573333334
2024-10-30,TSLA,257.55,15,1158.6,19893.162
2024-10-31,TSLA,249.85,15,1157.94,19287.4206
2024-11-01,TSLA,248.98,15,1176.74,19532.315013333333
2024-11-04,TSLA,242.84,15,1176.85,19052.41693333333
2024-11-05,TSLA,251.44,15,1181.73,19808.94608
2024-11-06,TSLA,288.53,15,1167.58,22458.790493333327
2024-11-07,TSLA,296.91,15,1166.35,23086.731900000002
2024-11-08,TSLA,321.22,15,1159.65,24833.518200000002
2024-11-11,TSLA,350.0,15,1162.01,27113.566666666666
2024-11-12,TSLA,328.49,15,1164.95,25511.628366666668
2024-11-13,TSLA,330.24,15,1156.75,25467.007999999998
2024-11-14,TSLA,311.18,15,1157.07,24003.80284
2024-11-15,TSLA,320.72,15,1134.15,24249.6392
2024-11-18,TSLA,338.74,15,1134.15,25612.131400000002
2024-11-19,TSLA,346.0,15,1104.41,25475.057333333338
2024-11-20,TSLA,342.03,15,1111.29,25339.634579999998
2024-11-21,TSLA,339.64,15,1111.59,25169.361839999994
2024-11-22,TSLA,352.56,15,1106.85,26015.4024
2024-11-25,TSLA,338.59,15,1104.77,24937.60495333333
2024-11-26,TSLA,338.23,15,1107.67,24976.48160666667
2024-11-27,TSLA,332.89,15,1105.85,24541.760433333333
2024-11-29,TSLA,345.16,15,1109.94,25540.45936
2024-12-02,TSLA,357.09,15,1099.42,26172.792520000003
2024-12-03,TSLA,351.42,15,1107.92,25956.349760000005
2024-12-04,TSLA,357.93,15,1101.11,26274.68682
2024-12-05,TSLA,369.49,15,1088.68,26817.09154666667
2024-12-06,TSLA,389.22,15,1075.48,27906.555040000003
2024-12-09,TSLA,389.79,15,1072.28,27864.26808
2024-12-10,TSLA,400.99,15,1074.95,28736.280033333336
2024-12-11,TSLA,424.77,15,1071.6,30345.568799999997
2024-12-12,TSLA,418.1,15,1067.12,29744.191466666663
2024-12-13,TSLA,436.23,15,1095.31,31853.80542
2024-12-16,TSLA,463.02,15,1119.1,34544.37879999999
2024-12-17,TSLA,479.86,15,1151.42,36834.69341333334
2024-12-18,TSLA,440.13,15,1163.48,34138.83016
2024-12-19,TSLA,436.17,15,1160.93,33757.522540000005
2024-12-20,TSLA,421.06,15,1167.07,32760.432946666664
2024-12-23,TSLA,430.6,15,1166.24,33478.86293333334
2024-12-24,TSLA,462.28,15,1173.62,36169.40357333332
2024-12-26,TSLA,454.13,15,1188.67,35987.38047333333
2024-12-27,TSLA,431.66,15,1182.95,34042.14646666667
2024-12-30,TSLA,417.41,15,1186.93,33029.09675333334
2024-01-02,MSTR,68.51,20,996.61,3413.8875550000002
2024-01-03,MSTR,63.11,20,1048.82,3309.55151
2024-01-04,MSTR,65.58,20,1090.91,3577.09389
2024-01-05,MSTR,63.11,20,1140.44,3598.6584200000007
2024-01-08,MSTR,59.8,20,1201.55,3592.634499999999
2024-01-09,MSTR,57.73,20,1193.5,3445.0377499999995
2024-01-10,MSTR,56.57,20,1182.72,3345.3235200000004
2024-01-11,MSTR,53.62,20,1148.09,3078.0292899999995
2024-01-12,MSTR,48.55,20,1136.65,2759.217875
2024-01-16,MSTR,48.21,20,1213.74,2925.7202700000003
2024-01-17,MSTR,49.9,20,1273.34,3176.9833
2024-01-18,MSTR,48.66,20,1282.58,3120.5171399999995
2024-01-19,MSTR,48.1,20,1306.16,3141.3148000000006
2024-01-22,MSTR,47.02,20,1312.49,3085.66399
2024-01-23,MSTR,45.02,20,1285.71,2894.1332100000004
2024-01-24,MSTR,45.1,20,1304.7,2942.0985
2024-01-25,MSTR,45.78,20,1281.95,2934.38355
2024-01-26,MSTR,49.45,20,1231.09,3043.8700249999997
2024-01-29,MSTR,51.38,20,1263.18,3245.1094200000002
2024-01-30,MSTR,51.95,20,1269.37,3297.188575
2024-01-31,MSTR,50.12,20,1248.95,3129.8687
2024-02-01,MSTR,50.35,20,1280.42,3223.45735
2024-02-02,MSTR,50.01,20,1288.36,3221.54418
2024-02-05,MSTR,49.06,20,1294.93,3176.4632900000006
2024-02-06,MSTR,49.8,20,1249.42,3111.0558
2024-02-07,MSTR,50.8,20,1263.67,3209.7218000000003
2024-02-08,MSTR,58.78,20,1246.57,3663.6692300000004
2024-02-09,MSTR,64.63,20,1229.01,3971.545815
2024-02-12,MSTR,71.75,20,1229.01,4409.073375
2024-02-13,MSTR,68.6,20,1229.01,4215.5043
2024-02-14,MSTR,76.99,20,1174.95,4522.9700250000005
2024-02-15,MSTR,71.8,20,1153.96,4142.716399999999
2024-02-16,MSTR,69.96,20,1112.9,3892.9242
2024-02-20,MSTR,70.5,20,1130.07,3983.49675
2024-02-21,MSTR,67.28,20,1114.22,3748.23608
2024-02-22,MSTR,71.32,20,1094.85,3904.2350999999994
2024-02-23,MSTR,68.74,20,1114.71,3831.25827
2024-02-26,MSTR,79.65,20,1098.25,4373.780625
2024-02-27,MSTR,87.18,20,1087.26,4739.3663400000005
2024-02-28,MSTR,96.29,20,1072.1,5161.62545
2024-02-29,MSTR,102.28,20,1071.73,5480.82722
2024-03-01,MSTR,107.94,20,1089.95,5882.460150000001
2024-03-04,MSTR,133.4,20,1065.88,7109.419600000001
2024-03-05,MSTR,105.1,20,1042.21,5476.81355
2024-03-06,MSTR,124.62,20,1022.5,6371.1975
2024-03-07,MSTR,130.0,20,1029.27,6690.255
2024-03-08,MSTR,142.56,20,1048.98,7477.12944
2024-03-11,MSTR,148.42,20,1021.75,7582.406749999999
2024-03-12,MSTR,159.34,20,1067.23,8502.62141
2024-03-13,MSTR,176.62,20,1053.42,9302.752020000002
2024-03-14,MSTR,167.68,20,1060.45,8890.812800000002
2024-03-15,MSTR,178.24,20,1067.97,9517.748640000002
2024-03-18,MSTR,150.28,20,1080.99,8122.55886
2024-03-19,MSTR,141.75,20,1083.6,7680.014999999999
2024-03-20,MSTR,154.65,20,1097.82,8488.89315
2024-03-21,MSTR,159.93,20,1099.02,8788.31343
2024-03-22,MSTR,152.3,20,1096.17,8347.334550000001
2024-03-25,MSTR,185.6,20,1079.64,10019.0592
2024-03-26,MSTR,187.7,20,1101.71,10339.548350000001
2024-03-27,MSTR,191.92,20,1085.7,10418.377199999999
2024-03-28,MSTR,170.46,20,1085.7,9253.421100000001
2024-04-01,MSTR,163.67,20,1085.7,8884.82595
2024-04-02,MSTR,157.88,20,1085.7,8570.5158
2024-04-03,MSTR,160.61,20,1069.53,8588.860665
2024-04-04,MSTR,161.54,20,1057.04,8537.71208
2024-04-05,MSTR,143.9,20,1048.61,7544.748949999999
2024-04-08,MSTR,151.3,20,1034.67,7827.278550000001
2024-04-09,MSTR,144.1,20,1046.55,7540.392749999999
2024-04-10,MSTR,156.6,20,1045.49,8186.1867
2024-04-11,MSTR,155.18,20,1048.9,8138.415100000001
2024-04-12,MSTR,147.96,20,1047.36,7748.369279999999
2024-04-15,MSTR,133.59,20,1074.13,7174.6513350000005
2024-04-16,MSTR,125.4,20,1075.44,6743.0088000000005
2024-04-17,MSTR,118.81,20,1062.34,6310.83077
2024-04-18,MSTR,120.82,20,1065.74,6438.13534
2024-04-19,MSTR,117.41,20,1068.81,6274.449105
2024-04-22,MSTR,132.4,20,1058.46,7007.005200000001
2024-04-23,MSTR,133.86,20,1051.95,7040.701350000001
2024-04-24,MSTR,126.57,20,1053.98,6670.112429999999
2024-04-25,MSTR,124.04,20,1081.23,6705.788460000001
2024-04-26,MSTR,128.24,20,1085.07,6957.46884
2024-04-29,MSTR,129.3,20,1090.83,7052.21595
2024-04-30,MSTR,106.5,20,1091.95,5814.63375
2024-05-01,MSTR,102.83,20,1091.95,5614.2609250000005
2024-05-02,MSTR,112.94,20,1120.38,6326.785860000001
2024-05-03,MSTR,122.3,20,1121.12,6855.6488
2024-05-06,MSTR,126.88,20,1108.66,7033.339040000001
2024-05-07,MSTR,125.75,20,1094.7,6882.9262499999995
2024-05-08,MSTR,123.31,20,1076.45,6636.852475
2024-05-09,MSTR,126.36,20,1083.85,6847.7643
2024-05-10,MSTR,118.05,20,1078.41,6365.315025000001
2024-05-13,MSTR,124.6,20,1075.73,6701.7979
2024-05-14,MSTR,129.76,20,1084.51,7036.30088
2024-05-15,MSTR,150.35,20,1092.63,8213.846025
2024-05-16,MSTR,144.0,20,1099.3,7914.959999999999
2024-05-17,MSTR,158.45,20,1104.04,8746.756899999998
2024-05-20,MSTR,172.72,20,1142.72,9868.52992
2024-05-21,MSTR,165.54,20,1196.31,9901.857869999998
2024-05-22,MSTR,164.7,20,1256.19,10344.72465
2024-05-23,MSTR,154.41,20,1256.24,9698.80092
2024-05-24,MSTR,168.48,20,1234.76,10401.61824
2024-05-28,MSTR,167.54,20,1233.95,10336.79915
2024-05-29,MSTR,161.87,20,1214.34,9828.26079
2024-05-30,MSTR,154.1,20,1213.09,9346.85845
2024-05-31,MSTR,152.45,20,1247.42,9508.45895
2024-06-03,MSTR,162.74,20,1297.47,10557.513390000002
2024-06-04,MSTR,163.88,20,1311.19,10743.89086
2024-06-05,MSTR,169.47,20,1304.36,11052.494459999998
2024-06-06,MSTR,165.66,20,1296.88,10742.057040000002
2024-06-07,MSTR,159.62,20,1313.02,10479.21262
2024-06-10,MSTR,159.99,20,1307.44,10458.86628
2024-06-11,MSTR,155.55,20,1305.74,10155.39285
2024-06-12,MSTR,160.37,20,1301.69,10437.601265000001
2024-06-13,MSTR,148.39,20,1274.41,9455.484995
2024-06-14,MSTR,149.55,20,1267.39,9476.908725000001
2024-06-17,MSTR,150.73,20,1267.39,9551.684734999999
2024-06-18,MSTR,146.94,20,1263.97,9286.38759
2024-06-20,MSTR,146.54,20,1263.97,9261.108189999999
2024-06-21,MSTR,148.38,20,1263.97,9377.39343
2024-06-24,MSTR,137.21,20,1313.9,9014.01095
2024-06-25,MSTR,149.57,20,1312.66,9816.72781
2024-06-26,MSTR,145.77,20,1341.33,9776.283705
2024-06-27,MSTR,152.54,20,1345.17,10259.61159
2024-06-28,MSTR,137.75,20,1350.08,9298.676
2024-07-01,MSTR,136.6,20,1412.26,9645.735799999999
2024-07-02,MSTR,132.02,20,1428.27,9428.01027
2024-07-03,MSTR,130.21,20,1394.4,9078.2412
2024-07-05,MSTR,128.17,20,1391.94,8920.24749
2024-07-08,MSTR,129.06,20,1386.59,8947.66527
2024-07-09,MSTR,130.18,20,1386.59,9025.31431
2024-07-10,MSTR,130.57,20,1390.66,9078.92381
2024-07-11,MSTR,135.86,20,1414.42,9608.155060000001
2024-07-12,MSTR,139.68,20,1428.57,9977.132880000001
2024-07-15,MSTR,161.13,20,1306.97,10529.603805
2024-07-16,MSTR,166.43,20,1285.59,10698.037185
2024-07-17,MSTR,159.0,20,1309.23,10408.3785
2024-07-18,MSTR,155.52,20,1332.64,10362.608640000002
2024-07-19,MSTR,177.85,20,1328.69,11815.375825
2024-07-22,MSTR,180.01,20,1329.71,11968.054854999998
2024-07-23,MSTR,172.18,20,1337.36,11513.33224
2024-07-24,MSTR,167.27,20,1335.28,11167.61428
2024-07-25,MSTR,160.65,20,1330.03,10683.465975000001
2024-07-26,MSTR,175.27,20,1318.05,11550.731175
2024-07-29,MSTR,168.49,20,1294.33,10904.083085
2024-07-30,MSTR,160.41,20,1265.14,10147.05537
2024-07-31,MSTR,161.44,20,1284.84,10371.22848
2024-08-01,MSTR,151.18,20,1302.24,9843.632160000001
2024-08-02,MSTR,144.8,20,1321.58,9568.2392
2024-08-05,MSTR,130.9,20,1338.11,8757.92995
2024-08-06,MSTR,136.92,20,1340.93,9180.00678
2024-08-07,MSTR,124.68,20,1327.42,8275.13628
2024-08-08,MSTR,135.99,20,1311.29,8916.116355
2024-08-09,MSTR,135.37,20,1297.68,8783.347080000001
2024-08-12,MSTR,131.46,20,1281.72,8424.74556
2024-08-13,MSTR,135.38,20,1267.16,8577.40604
2024-08-14,MSTR,130.37,20,1268.59,8269.303915
2024-08-15,MSTR,131.93,20,1276.4,8419.7726
2024-08-16,MSTR,133.04,20,1291.92,8593.85184
2024-08-19,MSTR,135.35,20,1286.6,8707.065499999999
2024-08-20,MSTR,133.69,20,1290.0,8623.005000000001
2024-08-21,MSTR,141.42,20,1286.47,9096.629369999999
2024-08-22,MSTR,133.81,20,1285.52,8600.77156
2024-08-23,MSTR,150.01,20,1286.0,9645.643
2024-08-26,MSTR,146.9,20,1289.88,9474.1686
2024-08-27,MSTR,140.01,20,1293.71,9056.616855
2024-08-28,MSTR,132.09,20,1292.68,8537.50506
2024-08-29,MSTR,132.56,20,1289.04,8543.75712
2024-08-30,MSTR,132.42,20,1298.81,8599.421009999998
2024-09-03,MSTR,122.32,20,1302.9,7968.5364
2024-09-04,MSTR,124.85,20,1293.76,8076.296799999999
2024-09-05,MSTR,119.57,20,1271.6,7602.260599999999
2024-09-06,MSTR,114.3,20,1258.08,7189.9272
2024-09-09,MSTR,124.82,20,1245.65,7774.10165
2024-09-10,MSTR,129.64,20,1249.13,8096.86066
2024-09-11,MSTR,129.28,20,1245.08,8048.19712
2024-09-12,MSTR,130.77,20,1260.0,8238.51
2024-09-13,MSTR,141.47,20,1253.33,8865.429755
2024-09-16,MSTR,134.53,20,1244.8,8373.1472
2024-09-17,MSTR,131.27,20,1241.3,8147.27255
2024-09-18,MSTR,132.67,20,1233.45,8182.090574999999
2024-09-19,MSTR,144.66,20,1217.79,8808.27507
2024-09-20,MSTR,144.78,20,1219.64,8828.97396
2024-09-23,MSTR,149.97,20,1226.82,9199.30977
2024-09-24,MSTR,153.88,20,1223.19,9411.22386
2024-09-25,MSTR,151.94,20,1228.13,9330.103610000002
2024-09-26,MSTR,165.98,20,1227.24,10184.86476
2024-09-27,MSTR,176.22,20,1232.76,10861.84836
2024-09-30,MSTR,168.6,20,1243.74,10484.7282
2024-10-01,MSTR,162.69,20,1246.34,10138.352729999999
2024-10-02,MSTR,164.64,20,1233.98,10158.12336
2024-10-03,MSTR,163.41,20,1231.92,10065.40236
2024-10-04,MSTR,176.51,20,1225.59,10816.444544999998
2024-10-07,MSTR,186.09,20,1217.21,11325.530445
2024-10-08,MSTR,192.2,20,1210.61,11633.962099999999
2024-10-09,MSTR,188.91,20,1191.25,11251.951875
2024-10-10,MSTR,183.34,20,1176.9,10788.642300000001
2024-10-11,MSTR,212.59,20,1176.9,12509.85855
2024-10-14,MSTR,201.67,20,1181.76,11916.27696
2024-10-15,MSTR,194.31,20,1179.98,11464.09569
2024-10-16,MSTR,194.09,20,1190.31,11551.363395
2024-10-17,MSTR,193.42,20,1180.0,11411.779999999999
2024-10-18,MSTR,215.86,20,1195.0,12897.635
2024-10-21,MSTR,219.05,20,1195.1,13089.33275
2024-10-22,MSTR,219.7,20,1195.1,13128.173499999999
2024-10-23,MSTR,213.95,20,1183.65,12662.095875
2024-10-24,MSTR,235.89,20,1179.42,13910.66919
2024-10-25,MSTR,234.34,20,1163.7,13635.072900000003
2024-10-28,MSTR,255.34,20,1154.94,14745.118980000003
2024-10-29,MSTR,258.24,20,1155.43,14918.912160000002
2024-10-30,MSTR,247.31,20,1158.6,14326.6683
2024-10-31,MSTR,244.5,20,1157.94,14155.8165
2024-11-01,MSTR,229.71,20,1176.74,13515.44727
2024-11-04,MSTR,222.99,20,1176.85,13121.289074999999
2024-11-05,MSTR,227.8,20,1181.73,13459.904700000003
2024-11-06,MSTR,257.81,20,1167.58,15050.689989999999
2024-11-07,MSTR,270.81,20,1166.35,15792.962174999999
2024-11-08,MSTR,270.42,20,1159.65,15679.62765
2024-11-11,MSTR,340.0,20,1162.01,19754.170000000002
2024-11-12,MSTR,356.59,20,1164.95,20770.476025
2024-11-13,MSTR,328.38,20,1156.75,18992.67825
2024-11-14,MSTR,327.67,20,1157.07,18956.856345
2024-11-15,MSTR,340.65,20,1134.15,19317.409875
2024-11-18,MSTR,384.79,20,1134.15,21820.478925000003
2024-11-19,MSTR,430.54,20,1104.41,23774.634070000004
2024-11-20,MSTR,473.83,20,1111.29,26328.127035
2024-11-21,MSTR,397.28,20,1111.59,22080.623759999995
2024-11-22,MSTR,421.88,20,1106.85,23347.8939
2024-11-25,MSTR,403.45,20,1104.77,22285.972824999997
2024-11-26,MSTR,353.69,20,1107.67,19588.590115000003
2024-11-27,MSTR,388.84,20,1105.85,21499.935699999995
2024-11-29,MSTR,387.47,20,1109.94,21503.422590000002
2024-12-02,MSTR,380.3,20,1099.42,20905.4713
2024-12-03,MSTR,373.43,20,1107.92,20686.528280000002
2024-12-04,MSTR,406.0,20,1101.11,22352.533
2024-12-05,MSTR,386.4,20,1088.68,21033.297599999998
2024-12-06,MSTR,395.01,20,1075.48,21241.26774
2024-12-09,MSTR,365.34,20,1072.28,19587.33876
2024-12-10,MSTR,377.32,20,1074.95,20280.0067
2024-12-11,MSTR,411.4,20,1071.6,22042.811999999998
2024-12-12,MSTR,392.19,20,1067.12,20925.689639999997
2024-12-13,MSTR,408.67,20,1095.31,22381.016884999997
2024-12-16,MSTR,408.5,20,1119.1,22857.6175
2024-12-17,MSTR,386.42,20,1151.42,22246.58582
2024-12-18,MSTR,349.64,20,1163.48,20339.95736
2024-12-19,MSTR,326.46,20,1160.93,18949.860389999998
2024-12-20,MSTR,364.2,20,1167.07,21252.344699999998
2024-12-23,MSTR,332.23,20,1166.24,19372.99576
2024-12-24,MSTR,358.18,20,1173.62,21018.36058
2024-12-26,MSTR,341.05,20,1188.67,20269.795175
2024-12-27,MSTR,330.0,20,1182.95,19518.675
2024-12-30,MSTR,302.96,20,1186.93,17979.61564
2024-01-02,SPY,463.89,10,996.61,46231.74129
2024-01-03,SPY,460.1,10,1048.82,48256.2082
2024-01-04,SPY,458.62,10,1090.91,50031.31442
2024-01-05,SPY,459.25,10,1140.44,52374.707
2024-01-08,SPY,465.81,10,1201.55,55969.40055
2024-01-09,SPY,465.1,10,1193.5,55509.685
2024-01-10,SPY,467.73,10,1182.72,55319.36256
2024-01-11,SPY,467.52,10,1148.09,53675.50367999999
2024-01-12,SPY,467.85,10,1136.65,53178.17025
2024-01-16,SPY,466.13,10,1213.74,56576.06262
2024-01-17,SPY,463.54,10,1273.34,59024.40235999999
2024-01-18,SPY,467.66,10,1282.58,59981.13628
2024-01-19,SPY,473.49,10,1306.16,61845.36984
2024-01-22,SPY,474.49,10,1312.49,62276.33801000001
2024-01-23,SPY,475.88,10,1285.71,61184.36748
2024-01-24,SPY,476.4,10,1304.7,62155.907999999996
2024-01-25,SPY,478.99,10,1281.95,61404.12305000001
2024-01-26,SPY,478.38,10,1231.09,58892.88341999999
2024-01-29,SPY,482.17,10,1263.18,60906.750060000006
2024-01-30,SPY,481.8,10,1269.37,61158.2466
2024-01-31,SPY,473.93,10,1248.95,59191.487349999996
2024-02-01,SPY,480.14,10,1280.42,61478.085880000006
2024-02-02,SPY,485.19,10,1288.36,62509.938839999995
2024-02-05,SPY,483.42,10,1294.93,62599.50606000001
2024-02-06,SPY,484.83,10,1249.42,60575.62986
2024-02-07,SPY,488.87,10,1263.67,61777.03529000001
2024-02-08,SPY,489.09,10,1246.57,60968.49212999999
2024-02-09,SPY,491.91,10,1229.01,60456.230910000006
2024-02-12,SPY,491.7,10,1229.01,60430.42169999999
2024-02-13,SPY,484.93,10,1229.01,59598.381929999996
2024-02-14,SPY,489.33,10,1174.95,57493.82835
2024-02-15,SPY,492.71,10,1153.96,56856.763159999995
2024-02-16,SPY,490.26,10,1112.9,54561.03540000001
2024-02-20,SPY,487.56,10,1130.07,55097.69292
2024-02-21,SPY,488.0,10,1114.22,54373.936
2024-02-22,SPY,498.1,10,1094.85,54534.478500000005
2024-02-23,SPY,498.44,10,1114.71,55561.605240000004
2024-02-26,SPY,496.62,10,1098.25,54541.29150000001
2024-02-27,SPY,497.54,10,1087.26,54095.53404
2024-02-28,SPY,496.88,10,1072.1,53270.504799999995
2024-02-29,SPY,498.67,10,1071.73,53443.95991
2024-03-01,SPY,503.35,10,1089.95,54862.63325
2024-03-04,SPY,502.81,10,1065.88,53593.51228
2024-03-05,SPY,497.78,10,1042.21,51879.12938
2024-03-06,SPY,500.31,10,1022.5,51156.697499999995
2024-03-07,SPY,505.27,10,1029.27,52005.92529
2024-03-08,SPY,502.24,10,1048.98,52683.97152
2024-03-11,SPY,501.81,10,1021.75,51272.43675
2024-03-12,SPY,507.21,10,1067.23,54130.97283
2024-03-13,SPY,506.41,10,1053.42,53346.24222
2024-03-14,SPY,505.41,10,1060.45,53596.20345000001
2024-03-15,SPY,501.94,10,1067.97,53605.68618
2024-03-18,SPY,504.92,10,1080.99,54581.34708
2024-03-19,SPY,507.73,10,1083.6,55017.6228
2024-03-20,SPY,512.42,10,1097.82,56254.49243999999
2024-03-21,SPY,514.12,10,1099.02,56502.81624
2024-03-22,SPY,513.14,10,1096.17,56248.867379999996
2024-03-25,SPY,511.72,10,1079.64,55247.33808
2024-03-26,SPY,510.78,10,1101.71,56273.14338
2024-03-27,SPY,515.07,10,1085.7,55921.149900000004
2024-03-28,SPY,514.97,10,1085.7,55910.2929
2024-04-01,SPY,514.08,10,1085.7,55813.66560000001
2024-04-02,SPY,510.81,10,1085.7,55458.6417
2024-04-03,SPY,511.37,10,1069.53,54692.55561
2024-04-04,SPY,505.13,10,1057.04,53394.26152
2024-04-05,SPY,510.41,10,1048.61,53522.10301
2024-04-08,SPY,510.69,10,1034.67,52839.56223
2024-04-09,SPY,511.28,10,1046.55,53508.00839999999
2024-04-10,SPY,506.16,10,1045.49,52918.52184
2024-04-11,SPY,509.98,10,1048.9,53491.80220000001
2024-04-12,SPY,502.94,10,1047.36,52675.92383999999
2024-04-15,SPY,496.64,10,1074.13,53345.59232000001
2024-04-16,SPY,495.74,10,1075.44,53313.86256
2024-04-17,SPY,492.8,10,1062.34,52352.11519999999
2024-04-18,SPY,491.79,10,1065.74,52412.02746
2024-04-19,SPY,487.5,10,1068.81,52104.4875
2024-04-22,SPY,491.99,10,1058.46,52075.17354
2024-04-23,SPY,497.82,10,1051.95,52368.1749
2024-04-24,SPY,497.59,10,1053.98,52444.99081999999
2024-04-25,SPY,495.7,10,1081.23,53596.5711
2024-04-26,SPY,500.39,10,1085.07,54295.817729999995
2024-04-29,SPY,502.17,10,1090.83,54778.21011
2024-04-30,SPY,494.21,10,1091.95,53965.26095
2024-05-01,SPY,492.61,10,1091.95,53790.548950000004
2024-05-02,SPY,497.21,10,1120.38,55706.41398
2024-05-03,SPY,503.38,10,1121.12,56434.938559999995
2024-05-06,SPY,508.57,10,1108.66,56383.121620000005
2024-05-07,SPY,509.14,10,1094.7,55735.555799999995
2024-05-08,SPY,509.18,10,1076.45,54810.6811
2024-05-09,SPY,512.12,10,1083.85,55506.1262
2024-05-10,SPY,512.78,10,1078.41,55298.70798000001
2024-05-13,SPY,512.85,10,1075.73,55168.81305000001
2024-05-14,SPY,515.2,10,1084.51,55873.955200000004
2024-05-15,SPY,521.58,10,1092.63,56989.39554000001
2024-05-16,SPY,520.51,10,1099.3,57219.66429999999
2024-05-17,SPY,521.26,10,1104.04,57549.18903999999
2024-05-20,SPY,521.86,10,1142.72,59633.98592000001
2024-05-21,SPY,523.14,10,1196.31,62583.76133999999
2024-05-22,SPY,521.63,10,1256.19,65526.63897000001
2024-05-23,SPY,517.82,10,1256.24,65050.61968
2024-05-24,SPY,521.25,10,1234.76,64361.865000000005
2024-05-28,SPY,521.61,10,1233.95,64364.065950000004
2024-05-29,SPY,517.96,10,1214.34,62897.954639999996
2024-05-30,SPY,514.52,10,1213.09,62415.90667999999
2024-05-31,SPY,519.21,10,1247.42,64767.293820000006
2024-06-03,SPY,519.63,10,1297.47,67420.43361
2024-06-04,SPY,520.21,10,1311.19,68209.41499
2024-06-05,SPY,526.39,10,1304.36,68660.20603999999
2024-06-06,SPY,526.38,10,1296.88,68265.16944
2024-06-07,SPY,525.74,10,1313.02,69030.71348
2024-06-10,SPY,527.37,10,1307.44,68950.46328
2024-06-11,SPY,528.64,10,1305.74,69026.63936
2024-06-12,SPY,532.98,10,1301.69,69377.47362
2024-06-13,SPY,534.05,10,1274.41,68059.86605
2024-06-14,SPY,534.38,10,1267.39,67726.78682000001
2024-06-17,SPY,538.63,10,1267.39,68265.42757
2024-06-18,SPY,540.0,10,1263.97,68254.38
2024-06-20,SPY,538.53,10,1263.97,68068.57641000001
2024-06-21,SPY,537.81,10,1263.97,67977.57057
2024-06-24,SPY,536.06,10,1313.9,70432.9234
2024-06-25,SPY,538.13,10,1312.66,70638.17258
2024-06-26,SPY,538.8,10,1341.33,72270.86039999999
2024-06-27,SPY,539.65,10,1345.17,72592.09904999999
2024-06-28,SPY,537.53,10,1350.08,72570.85023999999
2024-07-01,SPY,538.63,10,1412.26,76068.56038000001
2024-07-02,SPY,542.26,10,1428.27,77449.36902
2024-07-03,SPY,544.68,10,1394.4,75950.1792
2024-07-05,SPY,547.82,10,1391.94,76253.25708000001
2024-07-08,SPY,548.45,10,1386.59,76047.52855
2024-07-09,SPY,548.98,10,1386.59,76121.01782
2024-07-10,SPY,554.41,10,1390.66,77099.58106
2024-07-11,SPY,549.63,10,1414.42,77740.76646
2024-07-12,SPY,553.1,10,1428.57,79014.20670000001
2024-07-15,SPY,554.62,10,1306.97,72487.17014
2024-07-16,SPY,557.91,10,1285.59,71724.35169
2024-07-17,SPY,550.09,10,1309.23,72019.43307
2024-07-18,SPY,545.86,10,1332.64,72743.48704
2024-07-19,SPY,542.24,10,1328.69,72046.88656
2024-07-22,SPY,547.83,10,1329.71,72845.50293
2024-07-23,SPY,546.97,10,1337.36,73149.57992
2024-07-24,SPY,534.57,10,1335.28,71380.06296000001
2024-07-25,SPY,531.79,10,1330.03,70729.66536999999
2024-07-26,SPY,537.74,10,1318.05,70876.8207
2024-07-29,SPY,538.06,10,1294.33,69642.71998
2024-07-30,SPY,535.33,10,1265.14,67726.73962000001
2024-07-31,SPY,544.03,10,1284.84,69899.15052
2024-08-01,SPY,536.33,10,1302.24,69843.03792
2024-08-02,SPY,526.34,10,1321.58,69560.04172000001
2024-08-05,SPY,511.02,10,1338.11,68380.09722
2024-08-06,SPY,515.73,10,1340.93,69155.78289
2024-08-07,SPY,512.28,10,1327.42,68001.07175999999
2024-08-08,SPY,524.12,10,1311.29,68727.33148
2024-08-09,SPY,526.43,10,1297.68,68313.76823999999
2024-08-12,SPY,526.71,10,1281.72,67509.47412
2024-08-13,SPY,535.37,10,1267.16,67839.94492000001
2024-08-14,SPY,537.06,10,1268.59,68130.89453999998
2024-08-15,SPY,546.27,10,1276.4,69725.90280000001
2024-08-16,SPY,547.49,10,1291.92,70731.32808
2024-08-19,SPY,552.73,10,1286.6,71114.24179999999
2024-08-20,SPY,551.83,10,1290.0,71186.07
2024-08-21,SPY,553.72,10,1286.47,71234.41684
2024-08-22,SPY,549.38,10,1285.52,70623.89775999999
2024-08-23,SPY,555.21,10,1286.0,71400.00600000001
2024-08-26,SPY,553.89,10,1289.88,71445.16332
2024-08-27,SPY,554.65,10,1293.71,71755.62515
2024-08-28,SPY,551.43,10,1292.68,71282.25324
2024-08-29,SPY,551.48,10,1289.04,71087.97792
2024-08-30,SPY,556.75,10,1298.81,72311.24674999999
2024-09-03,SPY,545.29,10,1302.9,71045.83410000001
2024-09-04,SPY,544.17,10,1293.76,70402.53792
2024-09-05,SPY,542.85,10,1271.6,69028.806
2024-09-06,SPY,533.71,10,1258.08,67144.98767999999
2024-09-09,SPY,539.69,10,1245.65,67226.48485000001
2024-09-10,SPY,542.04,10,1249.13,67707.84252
2024-09-11,SPY,547.6,10,1245.08,68180.5808
2024-09-12,SPY,552.21,10,1260.0,69578.46
2024-09-13,SPY,555.1,10,1253.33,69572.3483
2024-09-16,SPY,555.92,10,1244.8,69200.92159999999
2024-09-17,SPY,556.14,10,1241.3,69033.65819999999
2024-09-18,SPY,554.49,10,1233.45,68393.56905
2024-09-19,SPY,563.96,10,1217.79,68678.48484
2024-09-20,SPY,562.98,10,1219.64,68663.29272
2024-09-23,SPY,564.39,10,1226.82,69240.49398
2024-09-24,SPY,566.0,10,1223.19,69232.554
2024-09-25,SPY,564.75,10,1228.13,69358.64175000001
2024-09-26,SPY,566.99,10,1227.24,69583.28076000001
2024-09-27,SPY,566.17,10,1232.76,69795.17292
2024-09-30,SPY,568.44,10,1243.74,70699.15656
2024-10-01,SPY,563.35,10,1246.34,70212.5639
2024-10-02,SPY,563.59,10,1233.98,69545.87882000001
2024-10-03,SPY,562.55,10,1231.92,69301.6596
2024-10-04,SPY,567.67,10,1225.59,69573.06752999999
2024-10-07,SPY,562.54,10,1217.21,68472.93134
2024-10-08,SPY,567.86,10,1210.61,68745.69946
2024-10-09,SPY,571.79,10,1191.25,68114.48374999998
2024-10-10,SPY,570.79,10,1176.9,67176.2751
2024-10-11,SPY,574.21,10,1176.9,67578.7749
2024-10-14,SPY,578.9,10,1181.76,68412.0864
2024-10-15,SPY,574.4,10,1179.98,67778.0512
2024-10-16,SPY,576.9,10,1190.31,68668.98389999999
2024-10-17,SPY,576.95,10,1180.0,68080.1
2024-10-18,SPY,579.17,10,1195.0,69210.81499999999
2024-10-21,SPY,578.22,10,1195.1,69103.0722
2024-10-22,SPY,577.91,10,1195.1,69066.0241
2024-10-23,SPY,572.63,10,1183.65,67779.34995
2024-10-24,SPY,573.87,10,1179.42,67683.37554000001
2024-10-25,SPY,573.67,10,1163.7,66757.9779
2024-10-28,SPY,575.44,10,1154.94,66459.86736
2024-10-29,SPY,576.38,10,1155.43,66596.67434
2024-10-30,SPY,574.63,10,1158.6,66576.6318
2024-10-31,SPY,563.37,10,1157.94,65234.86578000001
2024-11-01,SPY,565.75,10,1176.74,66574.0655
2024-11-04,SPY,564.53,10,1176.85,66436.71304999999
2024-11-05,SPY,571.35,10,1181.73,67518.14355000001
2024-11-06,SPY,585.56,10,1167.58,68368.81447999999
2024-11-07,SPY,590.09,10,1166.35,68825.14715
2024-11-08,SPY,592.64,10,1159.65,68725.4976
2024-11-11,SPY,593.21,10,1162.01,68931.59521
2024-11-12,SPY,591.37,10,1164.95,68891.64815
2024-11-13,SPY,591.65,10,1156.75,68439.11374999999
2024-11-14,SPY,587.85,10,1157.07,68018.35995
2024-11-15,SPY,580.32,10,1134.15,65816.9928
2024-11-18,SPY,582.7,10,1134.15,66086.92050000001
2024-11-19,SPY,584.83,10,1104.41,64589.21003
2024-11-20,SPY,585.02,10,1111.29,65012.68757999999
2024-11-21,SPY,588.17,10,1111.59,65380.389029999984
2024-11-22,SPY,589.99,10,1106.85,65303.04315
2024-11-25,SPY,591.99,10,1104.77,65401.27923
2024-11-26,SPY,595.08,10,1107.67,65915.22636
2024-11-27,SPY,593.28,10,1105.85,65607.8688
2024-11-29,SPY,596.96,10,1109.94,66258.97824
2024-12-02,SPY,598.03,10,1099.42,65748.61426
2024-12-03,SPY,598.31,10,1107.92,66287.96152
2024-12-04,SPY,602.03,10,1101.11,66290.12532999998
2024-12-05,SPY,601.03,10,1088.68,65432.93404
2024-12-06,SPY,602.17,10,1075.48,64762.17916
2024-12-09,SPY,599.07,10,1072.28,64237.07796
2024-12-10,SPY,597.21,10,1074.95,64197.088950000005
2024-12-11,SPY,601.83,10,1071.6,64492.10279999999
2024-12-12,SPY,598.73,10,1067.12,63891.67576
2024-12-13,SPY,598.61,10,1095.31,65566.35191
2024-12-16,SPY,601.16,10,1119.1,67275.8156
2024-12-17,SPY,598.69,10,1151.42,68934.36398000001
2024-12-18,SPY,580.84,10,1163.48,67579.57232
2024-12-19,SPY,580.67,10,1160.93,67411.72231
2024-12-20,SPY,587.64,10,1167.07,68581.70148
2024-12-23,SPY,591.16,10,1166.24,68943.44383999999
2024-12-24,SPY,597.73,10,1173.62,70150.78826
2024-12-26,SPY,597.77,10,1188.67,71055.12659
2024-12-27,SPY,591.48,10,1182.95,69969.1266
2024-12-30,SPY,584.73,10,1186.93,69403.35789000001
2024-01-02,SPOT,188.8,5,996.61,37631.9936
2024-01-03,SPOT,187.94,5,1048.82,39423.04616
2024-01-04,SPOT,192.58,5,1090.91,42017.48956
2024-01-05,SPOT,193.52,5,1140.44,44139.58976
2024-01-08,SPOT,197.25,5,1201.55,47401.1475
2024-01-09,SPOT,193.02,5,1193.5,46073.874
2024-01-10,SPOT,196.79,5,1182.72,46549.49376
2024-01-11,SPOT,200.82,5,1148.09,46111.886759999994
2024-01-12,SPOT,203.03,5,1136.65,46154.80990000001
2024-01-16,SPOT,203.35,5,1213.74,49362.805799999995
2024-01-17,SPOT,198.68,5,1273.34,50597.43824
2024-01-18,SPOT,204.82,5,1282.58,52539.60712
2024-01-19,SPOT,204.71,5,1306.16,53476.80272
2024-01-22,SPOT,205.67,5,1312.49,53987.963659999994
2024-01-23,SPOT,206.71,5,1285.71,53153.82282
2024-01-24,SPOT,211.14,5,1304.7,55094.8716
2024-01-25,SPOT,214.18,5,1281.95,54913.61020000001
2024-01-26,SPOT,214.29,5,1231.09,52762.055219999995
2024-01-29,SPOT,218.61,5,1263.18,55228.75596
2024-01-30,SPOT,217.62,5,1269.37,55248.05987999999
2024-01-31,SPOT,215.35,5,1248.95,53792.2765
2024-02-01,SPOT,218.96,5,1280.42,56072.15264000001
2024-02-02,SPOT,222.47,5,1288.36,57324.28984
2024-02-05,SPOT,223.25,5,1294.93,57818.6245
2024-02-06,SPOT,231.92,5,1249.42,57953.09728
2024-02-07,SPOT,240.83,5,1263.67,60865.929220000005
2024-02-08,SPOT,240.01,5,1246.57,59837.85314
2024-02-09,SPOT,240.77,5,1229.01,59181.74754
2024-02-12,SPOT,234.68,5,1229.01,57684.81336000001
2024-02-13,SPOT,238.0,5,1229.01,58500.876000000004
2024-02-14,SPOT,244.17,5,1174.95,57377.5083
2024-02-15,SPOT,245.51,5,1153.96,56661.74392
2024-02-16,SPOT,246.25,5,1112.9,54810.325
2024-02-20,SPOT,243.4,5,1130.07,55011.8076
2024-02-21,SPOT,245.09,5,1114.22,54616.83596
2024-02-22,SPOT,248.12,5,1094.85,54330.83639999999
2024-02-23,SPOT,256.1,5,1114.71,57095.446200000006
2024-02-26,SPOT,254.99,5,1098.25,56008.5535
2024-02-27,SPOT,253.02,5,1087.26,55019.70504000001
2024-02-28,SPOT,252.25,5,1072.1,54087.44499999999
2024-02-29,SPOT,256.41,5,1071.73,54960.45786
2024-03-01,SPOT,263.75,5,1089.95,57494.8625
2024-03-04,SPOT,270.0,5,1065.88,57557.520000000004
2024-03-05,SPOT,267.0,5,1042.21,55654.014
2024-03-06,SPOT,268.03,5,1022.5,54812.134999999995
2024-03-07,SPOT,270.35,5,1029.27,55652.628899999996
2024-03-08,SPOT,259.4,5,1048.98,54421.08239999999
2024-03-11,SPOT,254.45,5,1021.75,51996.8575
2024-03-12,SPOT,258.09,5,1067.23,55088.278139999995
2024-03-13,SPOT,257.26,5,1053.42,54200.56584000001
2024-03-14,SPOT,257.13,5,1060.45,54534.7017
2024-03-15,SPOT,254.89,5,1067.97,54442.97465999999
2024-03-18,SPOT,254.15,5,1080.99,54946.72170000001
2024-03-19,SPOT,252.76,5,1083.6,54778.14719999999
2024-03-20,SPOT,261.72,5,1097.82,57464.290080000006
2024-03-21,SPOT,259.64,5,1099.02,57069.910560000004
2024-03-22,SPOT,264.95,5,1096.17,58086.0483
2024-03-25,SPOT,261.92,5,1079.64,56555.861760000014
2024-03-26,SPOT,262.81,5,1101.71,57908.081020000005
2024-03-27,SPOT,260.2,5,1085.7,56499.828
2024-03-28,SPOT,263.9,5,1085.7,57303.246
2024-04-01,SPOT,266.43,5,1085.7,57852.61020000001
2024-04-02,SPOT,269.58,5,1085.7,58536.6012
2024-04-03,SPOT,291.77,5,1069.53,62411.353619999994
2024-04-04,SPOT,295.96,5,1057.04,62568.31168
2024-04-05,SPOT,310.31,5,1048.61,65078.83382
2024-04-08,SPOT,309.07,5,1034.67,63957.09138
2024-04-09,SPOT,300.73,5,1046.55,62945.7963
2024-04-10,SPOT,299.99,5,1045.49,62727.30902
2024-04-11,SPOT,303.57,5,1048.9,63682.914600000004
2024-04-12,SPOT,300.45,5,1047.36,62935.8624
2024-04-15,SPOT,290.52,5,1074.13,62411.24952
2024-04-16,SPOT,298.08,5,1075.44,64113.431039999996
2024-04-17,SPOT,293.58,5,1062.34,62376.35543999999
2024-04-18,SPOT,289.2,5,1065.74,61642.4016
2024-04-19,SPOT,275.83,5,1068.81,58961.97246
2024-04-22,SPOT,272.24,5,1058.46,57631.03008000001
2024-04-23,SPOT,303.31,5,1051.95,63813.3909
2024-04-24,SPOT,281.23,5,1053.98,59282.15908
2024-04-25,SPOT,289.02,5,1081.23,62499.418920000004
2024-04-26,SPOT,289.59,5,1085.07,62845.08425999999
2024-04-29,SPOT,286.24,5,1090.83,62447.83584
2024-04-30,SPOT,280.44,5,1091.95,61245.2916
2024-05-01,SPOT,284.54,5,1091.95,62140.69060000001
2024-05-02,SPOT,294.17,5,1120.38,65916.43692000001
2024-05-03,SPOT,296.07,5,1121.12,66385.99968
2024-05-06,SPOT,299.48,5,1108.66,66404.29936
2024-05-07,SPOT,298.05,5,1094.7,65255.067
2024-05-08,SPOT,298.65,5,1076.45,64296.358499999995
2024-05-09,SPOT,298.66,5,1083.85,64740.5282
2024-05-10,SPOT,294.6,5,1078.41,63539.91720000001
2024-05-13,SPOT,289.71,5,1075.73,62329.94765999999
2024-05-14,SPOT,290.12,5,1084.51,62927.608239999994
2024-05-15,SPOT,303.04,5,1092.63,66222.11904
2024-05-16,SPOT,298.12,5,1099.3,65544.6632
2024-05-17,SPOT,302.82,5,1104.04,66865.07856
2024-05-20,SPOT,308.21,5,1142.72,70439.54624
2024-05-21,SPOT,304.93,5,1196.31,72958.16166
2024-05-22,SPOT,298.76,5,1256.19,75059.86488
2024-05-23,SPOT,300.51,5,1256.24,75502.53648
2024-05-24,SPOT,308.16,5,1234.76,76100.72832000001
2024-05-28,SPOT,310.29,5,1233.95,76576.46910000002
2024-05-29,SPOT,307.52,5,1214.34,74686.76735999998
2024-05-30,SPOT,304.69,5,1213.09,73923.27842
2024-05-31,SPOT,296.78,5,1247.42,74041.86152
2024-06-03,SPOT,313.62,5,1297.47,81382.50828
2024-06-04,SPOT,326.68,5,1311.19,85667.90984000001
2024-06-05,SPOT,324.75,5,1304.36,84718.182
2024-06-06,SPOT,319.51,5,1296.88,82873.22576
2024-06-07,SPOT,308.21,5,1313.02,80937.17884
2024-06-10,SPOT,309.0,5,1307.44,80799.792
2024-06-11,SPOT,310.0,5,1305.74,80955.88
2024-06-12,SPOT,315.49,5,1301.69,82134.03562000001
2024-06-13,SPOT,306.01,5,1274.41,77996.44082
2024-06-14,SPOT,313.02,5,1267.39,79343.68356
2024-06-17,SPOT,311.22,5,1267.39,78887.42316000002
2024-06-18,SPOT,309.9,5,1263.97,78340.86059999999
2024-06-20,SPOT,313.89,5,1263.97,79349.50866
2024-06-21,SPOT,317.74,5,1263.97,80322.76556
2024-06-24,SPOT,314.99,5,1313.9,82773.07220000001
2024-06-25,SPOT,321.28,5,1312.66,84346.28096
2024-06-26,SPOT,318.96,5,1341.33,85566.12336
2024-06-27,SPOT,315.38,5,1345.17,84847.94292
2024-06-28,SPOT,313.79,5,1350.08,84728.32064
2024-07-01,SPOT,313.84,5,1412.26,88644.73568
2024-07-02,SPOT,315.55,5,1428.27,90138.11970000001
2024-07-03,SPOT,314.8,5,1394.4,87791.42400000001
2024-07-05,SPOT,316.85,5,1391.94,88207.23780000002
2024-07-08,SPOT,313.71,5,1386.59,86997.42977999999
2024-07-09,SPOT,311.55,5,1386.59,86398.42289999999
2024-07-10,SPOT,304.99,5,1390.66,84827.47868000001
2024-07-11,SPOT,300.98,5,1414.42,85142.42632
2024-07-12,SPOT,302.27,5,1428.57,86362.77077999999
2024-07-15,SPOT,302.15,5,1306.97,78980.19709999999
2024-07-16,SPOT,298.5,5,1285.59,76749.723
2024-07-17,SPOT,294.74,5,1309.23,77176.49004
2024-07-18,SPOT,290.16,5,1332.64,77335.76448000001
2024-07-19,SPOT,295.09,5,1328.69,78416.62642
2024-07-22,SPOT,295.45,5,1329.71,78572.5639
2024-07-23,SPOT,330.79,5,1337.36,88477.06288
2024-07-24,SPOT,336.52,5,1335.28,89869.68512
2024-07-25,SPOT,328.95,5,1330.03,87502.6737
2024-07-26,SPOT,321.88,5,1318.05,84850.7868
2024-07-29,SPOT,323.74,5,1294.33,83805.27884
2024-07-30,SPOT,330.35,5,1265.14,83587.79980000001
2024-07-31,SPOT,343.94,5,1284.84,88381.57392
2024-08-01,SPOT,336.5,5,1302.24,87640.75200000001
2024-08-02,SPOT,330.85,5,1321.58,87448.9486
2024-08-05,SPOT,324.03,5,1338.11,86717.55665999999
2024-08-06,SPOT,327.3,5,1340.93,87777.27780000001
2024-08-07,SPOT,323.34,5,1327.42,85841.59656
2024-08-08,SPOT,338.32,5,1311.29,88727.12655999999
2024-08-09,SPOT,339.9,5,1297.68,88216.2864
2024-08-12,SPOT,340.36,5,1281.72,87249.24384000001
2024-08-13,SPOT,334.74,5,1267.16,84833.82768000002
2024-08-14,SPOT,334.35,5,1268.59,84830.6133
2024-08-15,SPOT,335.59,5,1276.4,85669.4152
2024-08-16,SPOT,337.38,5,1291.92,87173.59392
2024-08-19,SPOT,344.69,5,1286.6,88695.6308
2024-08-20,SPOT,346.28,5,1290.0,89340.23999999999
2024-08-21,SPOT,343.69,5,1286.47,88429.37486000001
2024-08-22,SPOT,342.2,5,1285.52,87980.98879999999
2024-08-23,SPOT,342.49,5,1286.0,88088.428
2024-08-26,SPOT,336.07,5,1289.88,86697.99432000001
2024-08-27,SPOT,339.47,5,1293.71,87835.14674000001
2024-08-28,SPOT,337.56,5,1292.68,87271.41216
2024-08-29,SPOT,340.73,5,1289.04,87842.91984
2024-08-30,SPOT,342.88,5,1298.81,89067.19456
2024-09-03,SPOT,328.6,5,1302.9,85626.58800000002
2024-09-04,SPOT,329.25,5,1293.76,85194.09599999999
2024-09-05,SPOT,328.63,5,1271.6,83577.18159999998
2024-09-06,SPOT,322.77,5,1258.08,81214.09631999998
2024-09-09,SPOT,324.07,5,1245.65,80735.5591
2024-09-10,SPOT,327.0,5,1249.13,81693.102
2024-09-11,SPOT,336.66,5,1245.08,83833.72656000001
2024-09-12,SPOT,337.51,5,1260.0,85052.51999999999
2024-09-13,SPOT,337.9,5,1253.33,84700.04139999999
2024-09-16,SPOT,338.83,5,1244.8,84355.11679999999
2024-09-17,SPOT,342.15,5,1241.3,84942.159
2024-09-18,SPOT,343.97,5,1233.45,84853.95930000002
2024-09-19,SPOT,360.22,5,1217.79,87734.46276
2024-09-20,SPOT,365.17,5,1219.64,89075.18776000002
2024-09-23,SPOT,369.01,5,1226.82,90541.76963999998
2024-09-24,SPOT,380.36,5,1223.19,93050.50968
2024-09-25,SPOT,383.96,5,1228.13,94310.55896000001
2024-09-26,SPOT,379.16,5,1227.24,93064.06368
2024-09-27,SPOT,369.2,5,1232.76,91026.9984
2024-09-30,SPOT,368.53,5,1243.74,91671.10044
2024-10-01,SPOT,375.4,5,1246.34,93575.20719999999
2024-10-02,SPOT,374.75,5,1233.98,92486.801
2024-10-03,SPOT,372.6,5,1231.92,91802.6784
2024-10-04,SPOT,371.45,5,1225.59,91049.08109999998
2024-10-07,SPOT,362.95,5,1217.21,88357.2739
2024-10-08,SPOT,370.38,5,1210.61,89677.14635999998
2024-10-09,SPOT,373.98,5,1191.25,89100.73500000002
2024-10-10,SPOT,378.0,5,1176.9,88973.64
2024-10-11,SPOT,373.7,5,1176.9,87961.50600000001
2024-10-14,SPOT,372.5,5,1181.76,88041.12
2024-10-15,SPOT,372.6,5,1179.98,87932.1096
2024-10-16,SPOT,371.69,5,1190.31,88485.26478
2024-10-17,SPOT,366.75,5,1180.0,86553.0
2024-10-18,SPOT,378.88,5,1195.0,90552.31999999999
2024-10-21,SPOT,381.97,5,1195.1,91298.4694
2024-10-22,SPOT,387.63,5,1195.1,92651.32259999998
2024-10-23,SPOT,379.84,5,1183.65,89919.5232
2024-10-24,SPOT,376.87,5,1179.42,88897.60308
2024-10-25,SPOT,379.16,5,1163.7,88245.69840000001
2024-10-28,SPOT,384.36,5,1154.94,88782.54768
2024-10-29,SPOT,391.23,5,1155.43,90407.77578000001
2024-10-30,SPOT,394.02,5,1158.6,91302.31439999999
2024-10-31,SPOT,385.1,5,1157.94,89184.53880000001
2024-11-01,SPOT,384.5,5,1176.74,90491.30600000001
2024-11-04,SPOT,377.73,5,1176.85,88906.3101
2024-11-05,SPOT,382.63,5,1181.73,90433.06998
2024-11-06,SPOT,391.16,5,1167.58,91342.11856
2024-11-07,SPOT,399.84,5,1166.35,93270.67679999999
2024-11-08,SPOT,400.68,5,1159.65,92929.7124
2024-11-11,SPOT,410.19,5,1162.01,95328.97638
2024-11-12,SPOT,419.39,5,1164.95,97713.67610000001
2024-11-13,SPOT,467.37,5,1156.75,108126.04950000001
2024-11-14,SPOT,477.5,5,1157.07,110500.18499999998
2024-11-15,SPOT,458.32,5,1134.15,103960.7256
2024-11-18,SPOT,454.36,5,1134.15,103062.47880000001
2024-11-19,SPOT,463.83,5,1104.41,102451.69806
2024-11-20,SPOT,470.01,5,1111.29,104463.48258
2024-11-21,SPOT,470.7,5,1111.59,104645.0826
2024-11-22,SPOT,475.04,5,1106.85,105159.6048
2024-11-25,SPOT,481.38,5,1104.77,106362.83651999998
2024-11-26,SPOT,476.61,5,1107.67,105585.31974000002
2024-11-27,SPOT,475.24,5,1105.85,105108.8308
2024-11-29,SPOT,476.96,5,1109.94,105879.39648
2024-12-02,SPOT,480.27,5,1099.42,105603.68867999999
2024-12-03,SPOT,493.32,5,1107.92,109311.81888
2024-12-04,SPOT,502.38,5,1101.11,110635.12836
2024-12-05,SPOT,493.51,5,1088.68,107454.89336000002
2024-12-06,SPOT,498.63,5,1075.48,107253.31847999999
2024-12-09,SPOT,482.52,5,1072.28,103479.30911999999
2024-12-10,SPOT,471.58,5,1074.95,101384.9842
2024-12-11,SPOT,476.91,5,1071.6,102211.3512
2024-12-12,SPOT,480.11,5,1067.12,102466.99664
2024-12-13,SPOT,483.31,5,1095.31,105874.85522
2024-12-16,SPOT,484.9,5,1119.1,108530.318
2024-12-17,SPOT,474.37,5,1151.42,109239.82108
2024-12-18,SPOT,448.65,5,1163.48,104399.06039999999
2024-12-19,SPOT,454.16,5,1160.93,105449.59376
2024-12-20,SPOT,460.88,5,1167.07,107575.84431999999
2024-12-23,SPOT,456.29,5,1166.24,106428.72992
2024-12-24,SPOT,461.64,5,1173.62,108357.98735999998
2024-12-26,SPOT,457.98,5,1188.67,108877.41732000001
2024-12-27,SPOT,456.48,5,1182.95,107998.60320000001
2024-12-30,SPOT,451.79,5,1186.93,107248.62094000001
2024-01-02,QQQ,399.17,10,996.61,39781.68137
2024-01-03,QQQ,394.94,10,1048.82,41422.09707999999
2024-01-04,QQQ,392.91,10,1090.91,42862.94481
2024-01-05,QQQ,393.38,10,1140.44,44862.62872
2024-01-08,QQQ,401.51,10,1201.55,48243.434049999996
2024-01-09,QQQ,402.3,10,1193.5,48014.505
2024-01-10,QQQ,405.03,10,1182.72,47903.708159999995
2024-01-11,QQQ,405.87,10,1148.09,46597.528829999996
2024-01-12,QQQ,406.08,10,1136.65,46157.0832
2024-01-16,QQQ,406.04,10,1213.74,49282.69896
2024-01-17,QQQ,403.75,10,1273.34,51411.10249999999
2024-01-18,QQQ,409.48,10,1282.58,52519.08584
2024-01-19,QQQ,417.6,10,1306.16,54545.24160000001
2024-01-22,QQQ,418.14,10,1312.49,54880.45686
2024-01-23,QQQ,419.88,10,1285.71,53984.391480000006
2024-01-24,QQQ,422.21,10,1304.7,55085.7387
2024-01-25,QQQ,422.73,10,1281.95,54191.872350000005
2024-01-26,QQQ,420.21,10,1231.09,51731.63288999999
2024-01-29,QQQ,424.51,10,1263.18,53623.25418
2024-01-30,QQQ,421.68,10,1269.37,53526.794160000005
2024-01-31,QQQ,413.43,10,1248.95,51635.339850000004
2024-02-01,QQQ,418.29,10,1280.42,53558.68818000001
2024-02-02,QQQ,425.36,10,1288.36,54801.68095999999
2024-02-05,QQQ,424.81,10,1294.93,55009.921330000005
2024-02-06,QQQ,423.95,10,1249.42,52969.1609
2024-02-07,QQQ,428.32,10,1263.67,54125.513439999995
2024-02-08,QQQ,429.11,10,1246.57,53491.56527
2024-02-09,QQQ,433.33,10,1229.01,53256.69033
2024-02-12,QQQ,431.64,10,1229.01,53048.98763999999
2024-02-13,QQQ,424.91,10,1229.01,52221.86391
2024-02-14,QQQ,429.54,10,1174.95,50468.8023
2024-02-15,QQQ,430.82,10,1153.96,49714.904720000006
2024-02-16,QQQ,426.91,10,1112.9,47510.81390000001
2024-02-20,QQQ,423.69,10,1130.07,47879.935829999995
2024-02-21,QQQ,421.99,10,1114.22,47018.96978
2024-02-22,QQQ,434.35,10,1094.85,47554.80975
2024-02-23,QQQ,433.07,10,1114.71,48274.74597
2024-02-26,QQQ,432.84,10,1098.25,47536.653
2024-02-27,QQQ,433.88,10,1087.26,47174.03688
2024-02-28,QQQ,431.57,10,1072.1,46268.619699999996
2024-02-29,QQQ,435.27,10,1071.73,46649.19171
2024-03-01,QQQ,441.82,10,1089.95,48156.170900000005
2024-03-04,QQQ,440.25,10,1065.88,46925.367000000006
2024-03-05,QQQ,432.34,10,1042.21,45058.90714
2024-03-06,QQQ,435.06,10,1022.5,44484.884999999995
2024-03-07,QQQ,441.66,10,1029.27,45458.738820000006
2024-03-08,QQQ,435.29,10,1048.98,45661.05042
2024-03-11,QQQ,433.67,10,1021.75,44310.23225
2024-03-12,QQQ,439.89,10,1067.23,46946.38047
2024-03-13,QQQ,436.51,10,1053.42,45982.83642
2024-03-14,QQQ,435.41,10,1060.45,46173.05345000001
2024-03-15,QQQ,430.23,10,1067.97,45947.273310000004
2024-03-18,QQQ,434.33,10,1080.99,46950.63867
2024-03-19,QQQ,435.42,10,1083.6,47182.1112
2024-03-20,QQQ,440.58,10,1097.82,48367.75356
2024-03-21,QQQ,442.66,10,1099.02,48649.219320000004
2024-03-22,QQQ,443.17,10,1096.17,48578.96589000001
2024-03-25,QQQ,441.56,10,1079.64,47672.58384000001
2024-03-26,QQQ,440.13,10,1101.71,48489.562229999996
2024-03-27,QQQ,441.63,10,1085.7,47947.7691
2024-03-28,QQQ,440.82,10,1085.7,47859.8274
2024-04-01,QQQ,441.75,10,1085.7,47960.7975
2024-04-02,QQQ,437.94,10,1085.7,47547.145800000006
2024-04-03,QQQ,438.92,10,1069.53,46943.81076
2024-04-04,QQQ,432.21,10,1057.04,45686.32584
2024-04-05,QQQ,437.3,10,1048.61,45855.715299999996
2024-04-08,QQQ,437.43,10,1034.67,45259.56981
2024-04-09,QQQ,439.05,10,1046.55,45948.777749999994
2024-04-10,QQQ,435.22,10,1045.49,45501.815780000004
2024-04-11,QQQ,442.17,10,1048.9,46379.21130000001
2024-04-12,QQQ,435.12,10,1047.36,45572.728319999995
2024-04-15,QQQ,427.96,10,1074.13,45968.46748000001
2024-04-16,QQQ,428.0,10,1075.44,46028.832
2024-04-17,QQQ,422.78,10,1062.34,44913.610519999995
2024-04-18,QQQ,420.37,10,1065.74,44800.51238
2024-04-19,QQQ,411.67,10,1068.81,43999.701270000005
2024-04-22,QQQ,415.81,10,1058.46,44011.82526
2024-04-23,QQQ,422.01,10,1051.95,44393.34195
2024-04-24,QQQ,423.44,10,1053.98,44629.729119999996
2024-04-25,QQQ,421.4,10,1081.23,45563.0322
2024-04-26,QQQ,427.9,10,1085.07,46430.14529999999
2024-04-29,QQQ,429.64,10,1090.83,46866.420119999995
2024-04-30,QQQ,421.54,10,1091.95,46030.060300000005
2024-05-01,QQQ,418.49,10,1091.95,45697.015550000004
2024-05-02,QQQ,423.83,10,1120.38,47485.06554
2024-05-03,QQQ,432.35,10,1121.12,48471.623199999995
2024-05-06,QQQ,437.08,10,1108.66,48457.31128
2024-05-07,QQQ,437.15,10,1094.7,47854.8105
2024-05-08,QQQ,436.9,10,1076.45,47030.1005
2024-05-09,QQQ,437.85,10,1083.85,47456.37225
2024-05-10,QQQ,438.88,10,1078.41,47329.25808000001
2024-05-13,QQQ,439.89,10,1075.73,47320.28697
2024-05-14,QQQ,442.72,10,1084.51,48013.42672
2024-05-15,QQQ,449.64,10,1092.63,49129.015320000006
2024-05-16,QQQ,448.73,10,1099.3,49328.888900000005
2024-05-17,QQQ,448.51,10,1104.04,49517.29804
2024-05-20,QQQ,451.64,10,1142.72,51609.806079999995
2024-05-21,QQQ,452.52,10,1196.31,54135.42012
2024-05-22,QQQ,452.43,10,1256.19,56833.80417
2024-05-23,QQQ,450.4,10,1256.24,56581.04959999999
2024-05-24,QQQ,454.66,10,1234.76,56139.59816000001
2024-05-28,QQQ,456.37,10,1233.95,56313.776150000005
2024-05-29,QQQ,453.16,10,1214.34,55029.031440000006
2024-05-30,QQQ,448.3,10,1213.09,54382.8247
2024-05-31,QQQ,447.47,10,1247.42,55818.30274
2024-06-03,QQQ,449.87,10,1297.47,58369.282889999995
2024-06-04,QQQ,451.1,10,1311.19,59147.7809
2024-06-05,QQQ,460.2,10,1304.36,60026.64719999999
2024-06-06,QQQ,460.04,10,1296.88,59661.66752
2024-06-07,QQQ,459.63,10,1313.02,60350.338260000004
2024-06-10,QQQ,461.49,10,1307.44,60337.04856
2024-06-11,QQQ,464.65,10,1305.74,60671.2091
2024-06-12,QQQ,470.74,10,1301.69,61275.75506000001
2024-06-13,QQQ,473.29,10,1274.41,60316.55089
2024-06-14,QQQ,475.74,10,1267.39,60294.81186
2024-06-17,QQQ,481.57,10,1267.39,61033.70023
2024-06-18,QQQ,481.72,10,1263.97,60887.96284000001
2024-06-20,QQQ,478.01,10,1263.97,60419.029969999996
2024-06-21,QQQ,476.73,10,1263.97,60257.24181
2024-06-24,QQQ,471.3,10,1313.9,61924.107
2024-06-25,QQQ,476.69,10,1312.66,62573.18954000001
2024-06-26,QQQ,477.67,10,1341.33,64071.31011
2024-06-27,QQQ,478.91,10,1345.17,64421.53647000001
2024-06-28,QQQ,476.42,10,1350.08,64320.511360000004
2024-07-01,QQQ,479.22,10,1412.26,67678.32372000001
2024-07-02,QQQ,484.25,10,1428.27,69163.97475
2024-07-03,QQQ,488.28,10,1394.4,68085.7632
2024-07-05,QQQ,493.38,10,1391.94,68675.53572
2024-07-08,QQQ,494.55,10,1386.59,68573.80845
2024-07-09,QQQ,494.98,10,1386.59,68633.43182
2024-07-10,QQQ,500.14,10,1390.66,69552.46924
2024-07-11,QQQ,489.17,10,1414.42,69189.18314000001
2024-07-12,QQQ,492.04,10,1428.57,70291.35828
2024-07-15,QQQ,493.37,10,1306.97,64481.978890000006
2024-07-16,QQQ,493.55,10,1285.59,63450.29445
2024-07-17,QQQ,479.07,10,1309.23,62721.281610000005
2024-07-18,QQQ,476.8,10,1332.64,63540.27520000001
2024-07-19,QQQ,472.57,10,1328.69,62789.90333
2024-07-22,QQQ,479.61,10,1329.71,63774.22131000001
2024-07-23,QQQ,477.92,10,1337.36,63915.10912
2024-07-24,QQQ,460.78,10,1335.28,61527.031839999996
2024-07-25,QQQ,455.7,10,1330.03,60609.467099999994
2024-07-26,QQQ,460.37,10,1318.05,60679.06785000001
2024-07-29,QQQ,461.3,10,1294.33,59707.4429
2024-07-30,QQQ,454.96,10,1265.14,57558.809440000005
2024-07-31,QQQ,468.43,10,1284.84,60185.76011999999
2024-08-01,QQQ,457.08,10,1302.24,59522.785919999995
2024-08-02,QQQ,446.23,10,1321.58,58972.86433999999
2024-08-05,QQQ,432.93,10,1338.11,57930.79623
2024-08-06,QQQ,437.06,10,1340.93,58606.68658
2024-08-07,QQQ,432.33,10,1327.42,57388.348860000006
2024-08-08,QQQ,445.56,10,1311.29,58425.83724
2024-08-09,QQQ,447.88,10,1297.68,58120.491839999995
2024-08-12,QQQ,448.85,10,1281.72,57530.0022
2024-08-13,QQQ,459.98,10,1267.16,58286.82568000001
2024-08-14,QQQ,460.13,10,1268.59,58371.631669999995
2024-08-15,QQQ,471.76,10,1276.4,60215.4464
2024-08-16,QQQ,472.36,10,1291.92,61025.13312
2024-08-19,QQQ,478.57,10,1286.6,61572.81619999999
2024-08-20,QQQ,477.56,10,1290.0,61605.240000000005
2024-08-21,QQQ,479.79,10,1286.47,61723.54413000001
2024-08-22,QQQ,472.19,10,1285.52,60700.96888
2024-08-23,QQQ,477.31,10,1286.0,61382.066000000006
2024-08-26,QQQ,472.67,10,1289.88,60968.75796
2024-08-27,QQQ,474.08,10,1293.71,61332.20368
2024-08-28,QQQ,468.7,10,1292.68,60587.91160000001
2024-08-29,QQQ,468.02,10,1289.04,60329.65007999999
2024-08-30,QQQ,473.6,10,1298.81,61511.641599999995
2024-09-03,QQQ,459.22,10,1302.9,59831.77380000001
2024-09-04,QQQ,458.02,10,1293.76,59256.79552
2024-09-05,QQQ,458.45,10,1271.6,58296.50199999999
2024-09-06,QQQ,446.17,10,1258.08,56131.755359999996
2024-09-09,QQQ,451.91,10,1245.65,56292.16915000001
2024-09-10,QQQ,456.09,10,1249.13,56971.57017
2024-09-11,QQQ,465.99,10,1245.08,58019.482919999995
2024-09-12,QQQ,470.56,10,1260.0,59290.56
2024-09-13,QQQ,472.67,10,1253.33,59241.14911
2024-09-16,QQQ,470.58,10,1244.8,58577.79839999999
2024-09-17,QQQ,470.83,10,1241.3,58444.1279
2024-09-18,QQQ,468.79,10,1233.45,57822.90255
2024-09-19,QQQ,480.65,10,1217.79,58533.07635
2024-09-20,QQQ,479.73,10,1219.64,58509.789720000015
2024-09-23,QQQ,481.0,10,1226.82,59010.041999999994
2024-09-24,QQQ,483.32,10,1223.19,59119.219079999995
2024-09-25,QQQ,483.77,10,1228.13,59413.24501
2024-09-26,QQQ,487.41,10,1227.24,59816.90484000001
2024-09-27,QQQ,484.7,10,1232.76,59751.8772
2024-09-30,QQQ,486.01,10,1243.74,60447.007739999994
2024-10-01,QQQ,479.24,10,1246.34,59729.598159999994
2024-10-02,QQQ,479.92,10,1233.98,59221.16816
2024-10-03,QQQ,479.56,10,1231.92,59077.95552
2024-10-04,QQQ,485.27,10,1225.59,59474.20593
2024-10-07,QQQ,480.07,10,1217.21,58434.600470000005
2024-10-08,QQQ,487.24,10,1210.61,58985.76164
2024-10-09,QQQ,491.07,10,1191.25,58498.713749999995
2024-10-10,QQQ,490.51,10,1176.9,57728.121900000006
2024-10-11,QQQ,491.28,10,1176.9,57818.743200000004
2024-10-14,QQQ,495.4,10,1181.76,58544.3904
2024-10-15,QQQ,488.78,10,1179.98,57675.062439999994
2024-10-16,QQQ,488.84,10,1190.31,58187.11403999999
2024-10-17,QQQ,489.18,10,1180.0,57723.240000000005
2024-10-18,QQQ,492.39,10,1195.0,58840.604999999996
2024-10-21,QQQ,493.33,10,1195.1,58957.868299999995
2024-10-22,QQQ,493.87,10,1195.1,59022.4037
2024-10-23,QQQ,486.3,10,1183.65,57560.899500000014
2024-10-24,QQQ,490.24,10,1179.42,57819.886080000004
2024-10-25,QQQ,493.23,10,1163.7,57397.17510000001
2024-10-28,QQQ,493.31,10,1154.94,56974.345140000005
2024-10-29,QQQ,498.05,10,1155.43,57546.191150000006
2024-10-30,QQQ,494.29,10,1158.6,57268.439399999996
2024-10-31,QQQ,481.81,10,1157.94,55790.70714
2024-11-01,QQQ,485.38,10,1176.74,57116.60612
2024-11-04,QQQ,483.96,10,1176.85,56954.83259999999
2024-11-05,QQQ,490.14,10,1181.73,57921.31422
2024-11-06,QQQ,503.45,10,1167.58,58781.81509999999
2024-11-07,QQQ,511.38,10,1166.35,59644.8063
2024-11-08,QQQ,511.97,10,1159.65,59370.60105000001
2024-11-11,QQQ,511.67,10,1162.01,59456.56567
2024-11-12,QQQ,510.75,10,1164.95,59499.82125
2024-11-13,QQQ,510.09,10,1156.75,59004.660749999995
2024-11-14,QQQ,506.55,10,1157.07,58611.380849999994
2024-11-15,QQQ,494.48,10,1134.15,56081.44920000001
2024-11-18,QQQ,497.91,10,1134.15,56470.462650000016
2024-11-19,QQQ,501.34,10,1104.41,55368.49094
2024-11-20,QQQ,501.05,10,1111.29,55681.185450000004
2024-11-21,QQQ,502.85,10,1111.59,55896.30315000001
2024-11-22,QQQ,503.66,10,1106.85,55747.6071
2024-11-25,QQQ,504.45,10,1104.77,55730.12265
2024-11-26,QQQ,507.16,10,1107.67,56176.591720000004
2024-11-27,QQQ,503.17,10,1105.85,55643.054449999996
2024-11-29,QQQ,507.59,10,1109.94,56339.444460000006
2024-12-02,QQQ,513.12,10,1099.42,56413.439040000005
2024-12-03,QQQ,514.69,10,1107.92,57023.53448000001
2024-12-04,QQQ,521.05,10,1101.11,57373.336549999985
2024-12-05,QQQ,519.61,10,1088.68,56568.90148
2024-12-06,QQQ,524.26,10,1075.48,56383.114480000004
2024-12-09,QQQ,520.18,10,1072.28,55777.86103999999
2024-12-10,QQQ,518.41,10,1074.95,55726.48295
2024-12-11,QQQ,527.69,10,1071.6,56547.26040000001
2024-12-12,QQQ,524.28,10,1067.12,55946.96735999999
2024-12-13,QQQ,528.29,10,1095.31,57864.13198999999
2024-12-16,QQQ,535.9,10,1119.1,59972.568999999996
2024-12-17,QQQ,533.54,10,1151.42,61432.86268
2024-12-18,QQQ,514.29,10,1163.48,59836.61292
2024-12-19,QQQ,512.0,10,1160.93,59439.616
2024-12-20,QQQ,516.47,10,1167.07,60275.66429
2024-12-23,QQQ,521.51,10,1166.24,60820.582239999996
2024-12-24,QQQ,528.58,10,1173.62,62035.20596000001
2024-12-26,QQQ,528.22,10,1188.67,62787.92674000001
2024-12-27,QQQ,521.2,10,1182.95,61655.35400000001
2024-12-30,QQQ,514.26,10,1186.93,61039.06217999999
2024-01-02,KO,57.22,5,996.61,11405.20484
2024-01-03,KO,57.35,5,1048.82,12029.9654
2024-01-04,KO,57.16,5,1090.91,12471.28312
2024-01-05,KO,57.07,5,1140.44,13016.982160000001
2024-01-08,KO,57.49,5,1201.55,13815.421900000001
2024-01-09,KO,57.39,5,1193.5,13698.992999999999
2024-01-10,KO,57.58,5,1182.72,13620.203520000001
2024-01-11,KO,57.21,5,1148.09,13136.44578
2024-01-12,KO,57.76,5,1136.65,13130.580800000002
2024-01-16,KO,57.38,5,1213.74,13928.880240000002
2024-01-17,KO,57.38,5,1273.34,14612.84984
2024-01-18,KO,57.54,5,1282.58,14759.93064
2024-01-19,KO,57.22,5,1306.16,14947.69504
2024-01-22,KO,56.98,5,1312.49,14957.136040000001
2024-01-23,KO,57.24,5,1285.71,14718.808079999999
2024-01-24,KO,56.34,5,1304.7,14701.359600000002
2024-01-25,KO,56.58,5,1281.95,14506.5462
2024-01-26,KO,56.78,5,1231.09,13980.25804
2024-01-29,KO,57.13,5,1263.18,14433.09468
2024-01-30,KO,57.29,5,1269.37,14544.441459999998
2024-01-31,KO,56.9,5,1248.95,14213.051000000001
2024-02-01,KO,58.32,5,1280.42,14934.81888
2024-02-02,KO,57.9,5,1288.36,14919.208799999999
2024-02-05,KO,57.43,5,1294.93,14873.56598
2024-02-06,KO,57.33,5,1249.42,14325.849720000002
2024-02-07,KO,57.38,5,1263.67,14501.87692
2024-02-08,KO,57.22,5,1246.57,14265.747079999997
2024-02-09,KO,56.97,5,1229.01,14003.33994
2024-02-12,KO,57.1,5,1229.01,14035.2942
2024-02-13,KO,56.77,5,1229.01,13954.179540000001
2024-02-14,KO,56.71,5,1174.95,13326.2829
2024-02-15,KO,56.81,5,1153.96,13111.293520000001
2024-02-16,KO,56.8,5,1112.9,12642.544
2024-02-20,KO,58.06,5,1130.07,13122.37284
2024-02-21,KO,58.57,5,1114.22,13051.97308
2024-02-22,KO,58.49,5,1094.85,12807.5553
2024-02-23,KO,58.54,5,1114.71,13051.02468
2024-02-26,KO,58.07,5,1098.25,12755.0755
2024-02-27,KO,57.71,5,1087.26,12549.154919999999
2024-02-28,KO,57.77,5,1072.1,12387.043399999999
2024-02-29,KO,57.41,5,1071.73,12305.60386
2024-03-01,KO,56.94,5,1089.95,12412.3506
2024-03-04,KO,57.21,5,1065.88,12195.798960000002
2024-03-05,KO,56.93,5,1042.21,11866.60306
2024-03-06,KO,56.96,5,1022.5,11648.32
2024-03-07,KO,56.85,5,1029.27,11702.7999
2024-03-08,KO,56.93,5,1048.98,11943.68628
2024-03-11,KO,57.62,5,1021.75,11774.647
2024-03-12,KO,57.87,5,1067.23,12352.120019999998
2024-03-13,KO,58.46,5,1053.42,12316.586640000001
2024-03-14,KO,58.33,5,1060.45,12371.209700000001
2024-03-15,KO,57.73,5,1067.97,12330.78162
2024-03-18,KO,57.97,5,1080.99,12532.99806
2024-03-19,KO,58.07,5,1083.6,12584.9304
2024-03-20,KO,58.57,5,1097.82,12859.86348
2024-03-21,KO,58.3,5,1099.02,12814.573199999999
2024-03-22,KO,58.32,5,1096.17,12785.72688
2024-03-25,KO,58.23,5,1079.64,12573.48744
2024-03-26,KO,58.37,5,1101.71,12861.36254
2024-03-27,KO,58.84,5,1085.7,12776.517600000001
2024-03-28,KO,58.98,5,1085.7,12806.9172
2024-04-01,KO,58.5,5,1085.7,12702.69
2024-04-02,KO,57.99,5,1085.7,12591.9486
2024-04-03,KO,57.68,5,1069.53,12338.09808
2024-04-04,KO,57.17,5,1057.04,12086.19536
2024-04-05,KO,57.37,5,1048.61,12031.751139999998
2024-04-08,KO,57.14,5,1034.67,11824.208760000001
2024-04-09,KO,57.58,5,1046.55,12052.0698
2024-04-10,KO,56.81,5,1045.49,11878.857380000001
2024-04-11,KO,56.93,5,1048.9,11942.775400000002
2024-04-12,KO,56.19,5,1047.36,11770.231679999999
2024-04-15,KO,56.05,5,1074.13,12040.9973
2024-04-16,KO,55.98,5,1075.44,12040.62624
2024-04-17,KO,56.41,5,1062.34,11985.31988
2024-04-18,KO,56.8,5,1065.74,12106.8064
2024-04-19,KO,58.01,5,1068.81,12400.33362
2024-04-22,KO,58.38,5,1058.46,12358.57896
2024-04-23,KO,58.46,5,1051.95,12299.3994
2024-04-24,KO,59.34,5,1053.98,12508.63464
2024-04-25,KO,59.52,5,1081.23,12870.961920000002
2024-04-26,KO,59.52,5,1085.07,12916.673279999999
2024-04-29,KO,59.81,5,1090.83,13048.508460000001
2024-04-30,KO,59.55,5,1091.95,13005.1245
2024-05-01,KO,59.71,5,1091.95,13040.066900000002
2024-05-02,KO,59.76,5,1120.38,13390.781760000002
2024-05-03,KO,59.94,5,1121.12,13439.98656
2024-05-06,KO,60.11,5,1108.66,13328.310520000003
2024-05-07,KO,60.37,5,1094.7,13217.4078
2024-05-08,KO,60.59,5,1076.45,13044.421100000001
2024-05-09,KO,60.62,5,1083.85,13140.597399999999
2024-05-10,KO,60.99,5,1078.41,13154.44518
2024-05-13,KO,61.3,5,1075.73,13188.449799999999
2024-05-14,KO,60.84,5,1084.51,13196.317680000002
2024-05-15,KO,60.86,5,1092.63,13299.49236
2024-05-16,KO,61.05,5,1099.3,13422.453
2024-05-17,KO,60.77,5,1104.04,13418.50216
2024-05-20,KO,60.32,5,1142.72,13785.77408
2024-05-21,KO,60.65,5,1196.31,14511.2403
2024-05-22,KO,60.74,5,1256.19,15260.196120000002
2024-05-23,KO,59.86,5,1256.24,15039.70528
2024-05-24,KO,59.77,5,1234.76,14760.32104
2024-05-28,KO,59.6,5,1233.95,14708.684
2024-05-29,KO,59.49,5,1214.34,14448.21732
2024-05-30,KO,59.75,5,1213.09,14496.425500000001
2024-05-31,KO,60.67,5,1247.42,15136.194280000002
2024-06-03,KO,60.67,5,1297.47,15743.50098
2024-06-04,KO,61.64,5,1311.19,16164.350320000001
2024-06-05,KO,61.63,5,1304.36,16077.54136
2024-06-06,KO,61.85,5,1296.88,16042.405600000002
2024-06-07,KO,61.62,5,1313.02,16181.658479999998
2024-06-10,KO,61.31,5,1307.44,16031.829280000002
2024-06-11,KO,61.27,5,1305.74,16000.537960000001
2024-06-12,KO,60.62,5,1301.69,15781.689559999999
2024-06-13,KO,60.73,5,1274.41,15478.983859999998
2024-06-14,KO,60.77,5,1267.39,15403.858060000002
2024-06-17,KO,60.84,5,1267.39,15421.601520000002
2024-06-18,KO,60.85,5,1263.97,15382.5149
2024-06-20,KO,60.41,5,1263.97,15271.28554
2024-06-21,KO,60.99,5,1263.97,15417.90606
2024-06-24,KO,62.15,5,1313.9,16331.777000000002
2024-06-25,KO,62.03,5,1312.66,16284.859960000002
2024-06-26,KO,62.23,5,1341.33,16694.19318
2024-06-27,KO,62.09,5,1345.17,16704.321060000002
2024-06-28,KO,61.84,5,1350.08,16697.78944
2024-07-01,KO,61.48,5,1412.26,17365.14896
2024-07-02,KO,61.36,5,1428.27,17527.72944
2024-07-03,KO,61.53,5,1394.4,17159.4864
2024-07-05,KO,61.95,5,1391.94,17246.1366
2024-07-08,KO,61.17,5,1386.59,16963.54206
2024-07-09,KO,60.91,5,1386.59,16891.43938
2024-07-10,KO,61.04,5,1390.66,16977.17728
2024-07-11,KO,61.31,5,1414.42,17343.61804
2024-07-12,KO,61.89,5,1428.57,17682.83946
2024-07-15,KO,61.61,5,1306.97,16104.48434
2024-07-16,KO,62.44,5,1285.59,16054.447919999997
2024-07-17,KO,63.36,5,1309.23,16590.56256
2024-07-18,KO,63.34,5,1332.64,16881.883520000003
2024-07-19,KO,63.43,5,1328.69,16855.76134
2024-07-22,KO,62.93,5,1329.71,16735.73006
2024-07-23,KO,63.11,5,1337.36,16880.157919999998
2024-07-24,KO,63.94,5,1335.28,17075.56064
2024-07-25,KO,64.19,5,1330.03,17074.92514
2024-07-26,KO,65.14,5,1318.05,17171.5554
2024-07-29,KO,64.93,5,1294.33,16808.16938
2024-07-30,KO,65.76,5,1265.14,16639.121280000003
2024-07-31,KO,64.84,5,1284.84,16661.805119999997
2024-08-01,KO,66.03,5,1302.24,17197.38144
2024-08-02,KO,67.36,5,1321.58,17804.32576
2024-08-05,KO,66.17,5,1338.11,17708.54774
2024-08-06,KO,66.12,5,1340.93,17732.45832
2024-08-07,KO,66.51,5,1327.42,17657.34084
2024-08-08,KO,66.78,5,1311.29,17513.58924
2024-08-09,KO,66.73,5,1297.68,17318.83728
2024-08-12,KO,66.23,5,1281.72,16977.66312
2024-08-13,KO,66.51,5,1267.16,16855.76232
2024-08-14,KO,66.63,5,1268.59,16905.23034
2024-08-15,KO,66.7,5,1276.4,17027.176
2024-08-16,KO,67.21,5,1291.92,17365.98864
2024-08-19,KO,67.02,5,1286.6,17245.586399999997
2024-08-20,KO,67.41,5,1290.0,17391.78
2024-08-21,KO,67.59,5,1286.47,17390.501460000003
2024-08-22,KO,67.36,5,1285.52,17318.52544
2024-08-23,KO,67.81,5,1286.0,17440.732
2024-08-26,KO,68.83,5,1289.88,17756.488080000003
2024-08-27,KO,69.47,5,1293.71,17974.80674
2024-08-28,KO,69.71,5,1292.68,18022.544560000002
2024-08-29,KO,70.0,5,1289.04,18046.56
2024-08-30,KO,70.41,5,1298.81,18289.842419999997
2024-09-03,KO,70.94,5,1302.9,18485.5452
2024-09-04,KO,70.5,5,1293.76,18242.016
2024-09-05,KO,69.15,5,1271.6,17586.228
2024-09-06,KO,69.12,5,1258.08,17391.69792
2024-09-09,KO,69.81,5,1245.65,17391.765300000003
2024-09-10,KO,69.52,5,1249.13,17367.90352
2024-09-11,KO,69.06,5,1245.08,17197.04496
2024-09-12,KO,69.21,5,1260.0,17440.92
2024-09-13,KO,69.86,5,1253.33,17511.52676
2024-09-16,KO,70.53,5,1244.8,17559.1488
2024-09-17,KO,70.24,5,1241.3,17437.7824
2024-09-18,KO,70.19,5,1233.45,17315.1711
2024-09-19,KO,69.08,5,1217.79,16824.98664
2024-09-20,KO,70.08,5,1219.64,17094.474240000003
2024-09-23,KO,70.17,5,1226.82,17217.19188
2024-09-24,KO,69.78,5,1223.19,17070.83964
2024-09-25,KO,69.9,5,1228.13,17169.257400000002
2024-09-26,KO,69.85,5,1227.24,17144.5428
2024-09-27,KO,70.23,5,1232.76,17315.346960000003
2024-09-30,KO,70.3,5,1243.74,17486.984399999998
2024-10-01,KO,70.15,5,1246.34,17486.1502
2024-10-02,KO,69.47,5,1233.98,17144.91812
2024-10-03,KO,68.99,5,1231.92,16998.03216
2024-10-04,KO,68.64,5,1225.59,16824.89952
2024-10-07,KO,67.51,5,1217.21,16434.769420000004
2024-10-08,KO,67.68,5,1210.61,16386.81696
2024-10-09,KO,68.06,5,1191.25,16215.295000000002
2024-10-10,KO,67.74,5,1176.9,15944.641200000002
2024-10-11,KO,68.06,5,1176.9,16019.962800000003
2024-10-14,KO,68.81,5,1181.76,16263.38112
2024-10-15,KO,68.81,5,1179.98,16238.88476
2024-10-16,KO,69.03,5,1190.31,16433.41986
2024-10-17,KO,68.38,5,1180.0,16137.679999999998
2024-10-18,KO,68.91,5,1195.0,16469.489999999998
2024-10-21,KO,67.94,5,1195.1,16239.0188
2024-10-22,KO,67.94,5,1195.1,16239.0188
2024-10-23,KO,66.53,5,1183.65,15749.646900000002
2024-10-24,KO,65.84,5,1179.42,15530.602560000003
2024-10-25,KO,65.46,5,1163.7,15235.160399999999
2024-10-28,KO,65.22,5,1154.94,15065.037359999998
2024-10-29,KO,64.13,5,1155.43,14819.545180000001
2024-10-30,KO,64.49,5,1158.6,14943.622799999997
2024-10-31,KO,63.89,5,1157.94,14796.157320000002
2024-11-01,KO,63.6,5,1176.74,14968.132800000001
2024-11-04,KO,63.69,5,1176.85,14990.7153
2024-11-05,KO,63.95,5,1181.73,15114.326700000001
2024-11-06,KO,62.31,5,1167.58,14550.381959999999
2024-11-07,KO,62.28,5,1166.35,14528.055599999998
2024-11-08,KO,62.53,5,1159.65,14502.582900000003
2024-11-11,KO,61.98,5,1162.01,14404.275959999999
2024-11-12,KO,61.83,5,1164.95,14405.771700000001
2024-11-13,KO,61.63,5,1156.75,14258.1005
2024-11-14,KO,61.19,5,1157.07,14160.22266
2024-11-15,KO,60.4,5,1134.15,13700.532000000001
2024-11-18,KO,60.51,5,1134.15,13725.483300000002
2024-11-19,KO,61.23,5,1104.41,13524.604860000001
2024-11-20,KO,61.62,5,1111.29,13695.537959999998
2024-11-21,KO,62.37,5,1111.59,13865.973659999998
2024-11-22,KO,62.53,5,1106.85,13842.266099999999
2024-11-25,KO,62.98,5,1104.77,13915.682919999997
2024-11-26,KO,63.15,5,1107.67,13989.872100000002
2024-11-27,KO,63.03,5,1105.85,13940.3451
2024-11-29,KO,63.16,5,1109.94,14020.76208
2024-12-02,KO,62.74,5,1099.42,13795.522160000002
2024-12-03,KO,62.61,5,1107.92,13873.374240000001
2024-12-04,KO,61.32,5,1101.11,13504.01304
2024-12-05,KO,62.02,5,1088.68,13503.98672
2024-12-06,KO,61.63,5,1075.48,13256.36648
2024-12-09,KO,61.7,5,1072.28,13231.935200000002
2024-12-10,KO,62.01,5,1074.95,13331.5299
2024-12-11,KO,61.74,5,1071.6,13232.1168
2024-12-12,KO,62.92,5,1067.12,13428.638079999999
2024-12-13,KO,62.22,5,1095.31,13630.037639999999
2024-12-16,KO,61.65,5,1119.1,13798.503
2024-12-17,KO,62.49,5,1151.42,14390.447160000002
2024-12-18,KO,61.95,5,1163.48,14415.517200000002
2024-12-19,KO,61.55,5,1160.93,14291.0483
2024-12-20,KO,61.65,5,1167.07,14389.9731
2024-12-23,KO,61.49,5,1166.24,14342.419520000001
2024-12-24,KO,61.94,5,1173.62,14538.804559999999
2024-12-26,KO,61.67,5,1188.67,14661.05578
2024-12-27,KO,61.55,5,1182.95,14562.1145
2024-12-30,KO,61.14,5,1186.93,14513.780040000001
2024-01-02,DIA,367.87,3,996.61,122207.64023333334
2024-01-03,DIA,365.06,3,1048.82,127627.40973333333
2024-01-04,DIA,365.39,3,1090.91,132869.20163333334
2024-01-05,DIA,365.48,3,1140.44,138936.00373333335
2024-01-08,DIA,367.63,3,1201.55,147241.94216666665
2024-01-09,DIA,366.01,3,1193.5,145610.97833333333
2024-01-10,DIA,367.74,3,1182.72,144977.8176
2024-01-11,DIA,367.95,3,1148.09,140813.23849999998
2024-01-12,DIA,366.72,3,1136.65,138944.09600000002
2024-01-16,DIA,364.53,3,1213.74,147481.54739999998
2024-01-17,DIA,363.61,3,1273.34,154333.05246666665
2024-01-18,DIA,365.65,3,1282.58,156325.12566666663
2024-01-19,DIA,369.56,3,1306.16,160901.49653333335
2024-01-22,DIA,370.99,3,1312.49,162306.88836666668
2024-01-23,DIA,369.99,3,1285.71,158566.61430000002
2024-01-24,DIA,369.06,3,1304.7,160504.194
2024-01-25,DIA,371.39,3,1281.95,158701.13683333332
2024-01-26,DIA,371.99,3,1231.09,152651.05636666666
2024-01-29,DIA,374.15,3,1263.18,157539.59900000002
2024-01-30,DIA,375.31,3,1269.37,158802.41823333333
2024-01-31,DIA,372.26,3,1248.95,154978.04233333332
2024-02-01,DIA,375.9,3,1280.42,160436.62600000002
2024-02-02,DIA,377.19,3,1288.36,161985.5028
2024-02-05,DIA,374.42,3,1294.93,161615.89686666668
2024-02-06,DIA,375.88,3,1249.42,156543.99653333335
2024-02-07,DIA,377.43,3,1263.67,158982.32270000002
2024-02-08,DIA,378.1,3,1246.57,157109.37233333333
2024-02-09,DIA,377.48,3,1229.01,154642.2316
2024-02-12,DIA,378.84,3,1229.01,155199.3828
2024-02-13,DIA,373.68,3,1229.01,153085.48559999999
2024-02-14,DIA,375.11,3,1174.95,146911.8315
2024-02-15,DIA,378.98,3,1153.96,145775.92026666668
2024-02-16,DIA,377.56,3,1112.9,140062.1746666667
2024-02-20,DIA,377.07,3,1130.07,142038.4983
2024-02-21,DIA,377.42,3,1114.22,140176.30413333335
2024-02-22,DIA,381.81,3,1094.85,139341.5595
2024-02-23,DIA,382.54,3,1114.71,142140.3878
2024-02-26,DIA,381.98,3,1098.25,139836.5116666667
2024-02-27,DIA,380.95,3,1087.26,138063.899
2024-02-28,DIA,380.89,3,1072.1,136117.38966666666
2024-02-29,DIA,381.24,3,1071.73,136195.44840000002
2024-03-01,DIA,382.57,3,1089.95,138994.05716666667
2024-03-04,DIA,381.51,3,1065.88,135547.9596
2024-03-05,DIA,377.56,3,1042.21,131165.60253333332
2024-03-06,DIA,378.53,3,1022.5,129015.64166666666
2024-03-07,DIA,379.77,3,1029.27,130295.28929999999
2024-03-08,DIA,379.32,3,1048.98,132633.0312
2024-03-11,DIA,379.74,3,1021.75,129333.115
2024-03-12,DIA,382.06,3,1067.23,135915.29793333335
2024-03-13,DIA,382.48,3,1053.42,134304.0272
2024-03-14,DIA,381.35,3,1060.45,134800.86916666667
2024-03-15,DIA,379.26,3,1067.97,135012.76739999998
2024-03-18,DIA,379.98,3,1080.99,136918.19340000002
2024-03-19,DIA,383.08,3,1083.6,138368.49599999998
2024-03-20,DIA,387.09,3,1097.82,141651.71459999998
2024-03-21,DIA,389.79,3,1099.02,142795.6686
2024-03-22,DIA,386.64,3,1096.17,141274.3896
2024-03-25,DIA,385.09,3,1079.64,138586.1892
2024-03-26,DIA,384.99,3,1101.71,141382.4443
2024-03-27,DIA,389.61,3,1085.7,140999.85900000003
2024-03-28,DIA,389.8,3,1085.7,141068.62000000002
2024-04-01,DIA,387.42,3,1085.7,140207.298
2024-04-02,DIA,383.8,3,1085.7,138897.22
2024-04-03,DIA,383.43,3,1069.53,136696.6293
2024-04-04,DIA,378.3,3,1057.04,133292.744
2024-04-05,DIA,381.08,3,1048.61,133201.4329333333
2024-04-08,DIA,381.32,3,1034.67,131513.4548
2024-04-09,DIA,381.06,3,1046.55,132932.781
2024-04-10,DIA,376.82,3,1045.49,131320.51393333334
2024-04-11,DIA,376.85,3,1048.9,131759.32166666668
2024-04-12,DIA,372.27,3,1047.36,129966.90239999998
2024-04-15,DIA,369.76,3,1074.13,132390.10293333334
2024-04-16,DIA,370.42,3,1075.44,132788.16160000002
2024-04-17,DIA,369.9,3,1062.34,130986.52199999998
2024-04-18,DIA,370.28,3,1065.74,131540.7357333333
2024-04-19,DIA,372.4,3,1068.81,132674.948
2024-04-22,DIA,374.92,3,1058.46,132279.27440000002
2024-04-23,DIA,377.52,3,1051.95,132377.388
2024-04-24,DIA,376.95,3,1053.98,132432.587
2024-04-25,DIA,373.5,3,1081.23,134613.135
2024-04-26,DIA,374.86,3,1085.07,135583.1134
2024-04-29,DIA,376.32,3,1090.83,136833.7152
2024-04-30,DIA,370.76,3,1091.95,134950.46066666665
2024-05-01,DIA,371.51,3,1091.95,135223.44816666667
2024-05-02,DIA,374.78,3,1120.38,139965.3388
2024-05-03,DIA,379.23,3,1121.12,141720.7792
2024-05-06,DIA,380.88,3,1108.66,140755.4736
2024-05-07,DIA,381.16,3,1094.7,139085.284
2024-05-08,DIA,382.87,3,1076.45,137380.13716666668
2024-05-09,DIA,386.32,3,1083.85,139570.9773333333
2024-05-10,DIA,387.48,3,1078.41,139287.43560000003
2024-05-13,DIA,386.77,3,1075.73,138686.69736666666
2024-05-14,DIA,387.87,3,1084.51,140216.2979
2024-05-15,DIA,391.5,3,1092.63,142588.215
2024-05-16,DIA,391.43,3,1099.3,143432.99966666667
2024-05-17,DIA,392.74,3,1104.04,144533.55653333335
2024-05-20,DIA,390.92,3,1142.72,148904.03413333333
2024-05-21,DIA,391.59,3,1196.31,156154.34429999997
2024-05-22,DIA,389.51,3,1256.19,163099.5223
2024-05-23,DIA,383.62,3,1256.24,160639.59626666666
2024-05-24,DIA,383.6,3,1234.76,157884.64533333335
2024-05-28,DIA,381.6,3,1233.95,156958.44000000003
2024-05-29,DIA,377.65,3,1214.34,152865.167
2024-05-30,DIA,374.6,3,1213.09,151474.50466666667
2024-05-31,DIA,380.54,3,1247.42,158231.06893333336
2024-06-03,DIA,379.28,3,1297.47,164034.8072
2024-06-04,DIA,380.53,3,1311.19,166315.71023333332
2024-06-05,DIA,381.53,3,1304.36,165884.15693333332
2024-06-06,DIA,382.31,3,1296.88,165270.06426666668
2024-06-07,DIA,381.49,3,1313.02,166967.99993333334
2024-06-10,DIA,382.27,3,1307.44,166598.36293333332
2024-06-11,DIA,380.98,3,1305.74,165820.27506666668
2024-06-12,DIA,380.7,3,1301.69,165184.461
2024-06-13,DIA,379.91,3,1274.41,161387.0343666667
2024-06-14,DIA,379.49,3,1267.39,160320.6103666667
2024-06-17,DIA,381.58,3,1267.39,161203.55873333334
2024-06-18,DIA,382.13,3,1263.97,161000.28536666668
2024-06-20,DIA,385.0,3,1263.97,162209.48333333334
2024-06-21,DIA,385.14,3,1263.97,162268.4686
2024-06-24,DIA,387.74,3,1313.9,169817.19533333337
2024-06-25,DIA,384.83,3,1312.66,168383.64926666667
2024-06-26,DIA,385.05,3,1341.33,172159.7055
2024-06-27,DIA,385.36,3,1345.17,172791.5704
2024-06-28,DIA,384.94,3,1350.08,173233.26506666667
2024-07-01,DIA,385.26,3,1412.26,181362.4292
2024-07-02,DIA,387.06,3,1428.27,184275.3954
2024-07-03,DIA,386.61,3,1394.4,179696.328
2024-07-05,DIA,387.47,3,1391.94,179778.33060000002
2024-07-08,DIA,387.23,3,1386.59,178976.41523333333
2024-07-09,DIA,386.72,3,1386.59,178740.69493333332
2024-07-10,DIA,390.97,3,1390.66,181235.44673333337
2024-07-11,DIA,391.33,3,1414.42,184501.65953333335
2024-07-12,DIA,393.98,3,1428.57,187609.3362
2024-07-15,DIA,395.99,3,1306.97,172515.68343333332
2024-07-16,DIA,403.17,3,1285.59,172770.44009999998
2024-07-17,DIA,405.41,3,1309.23,176924.97810000004
2024-07-18,DIA,400.28,3,1332.64,177809.71306666665
2024-07-19,DIA,396.76,3,1328.69,175723.68146666666
2024-07-22,DIA,397.94,3,1329.71,176381.59913333334
2024-07-23,DIA,397.29,3,1337.36,177106.58479999998
2024-07-24,DIA,392.55,3,1335.28,174721.388
2024-07-25,DIA,393.35,3,1330.03,174389.10016666667
2024-07-26,DIA,399.73,3,1318.05,175621.3755
2024-07-29,DIA,399.28,3,1294.33,172266.6941333333
2024-07-30,DIA,401.15,3,1265.14,169170.30366666667
2024-07-31,DIA,402.21,3,1284.84,172258.49879999997
2024-08-01,DIA,397.04,3,1302.24,172347.1232
2024-08-02,DIA,391.03,3,1321.58,172259.14246666664
2024-08-05,DIA,380.87,3,1338.11,169881.98523333334
2024-08-06,DIA,383.97,3,1340.93,171625.6307
2024-08-07,DIA,381.81,3,1327.42,168940.7434
2024-08-08,DIA,388.46,3,1311.29,169794.57113333332
2024-08-09,DIA,389.08,3,1297.68,168300.4448
2024-08-12,DIA,387.72,3,1281.72,165649.4928
2024-08-13,DIA,391.68,3,1267.16,165440.4096
2024-08-14,DIA,393.94,3,1268.59,166582.78153333333
2024-08-15,DIA,399.64,3,1276.4,170033.49866666668
2024-08-16,DIA,400.81,3,1291.92,172604.81840000002
2024-08-19,DIA,403.15,3,1286.6,172897.59666666665
2024-08-20,DIA,402.61,3,1290.0,173122.30000000002
2024-08-21,DIA,403.03,3,1286.47,172828.66803333332
2024-08-22,DIA,401.54,3,1285.52,172062.56693333332
2024-08-23,DIA,405.83,3,1286.0,173965.79333333333
2024-08-26,DIA,406.71,3,1289.88,174869.0316
2024-08-27,DIA,406.88,3,1293.71,175461.57493333332
2024-08-28,DIA,405.35,3,1292.68,174662.61266666668
2024-08-29,DIA,407.88,3,1289.04,175257.87840000002
2024-08-30,DIA,410.15,3,1298.81,177568.97383333332
2024-09-03,DIA,404.27,3,1302.9,175574.461
2024-09-04,DIA,404.44,3,1293.76,174416.09813333335
2024-09-05,DIA,402.51,3,1271.6,170610.572
2024-09-06,DIA,398.58,3,1258.08,167148.50879999998
2024-09-09,DIA,403.09,3,1245.65,167369.68616666665
2024-09-10,DIA,402.31,3,1249.13,167512.49676666668
2024-09-11,DIA,403.31,3,1245.08,167384.4049333333
2024-09-12,DIA,405.97,3,1260.0,170507.4
2024-09-13,DIA,408.9,3,1253.33,170828.879
2024-09-16,DIA,411.3,3,1244.8,170662.08
2024-09-17,DIA,411.18,3,1241.3,170132.578
2024-09-18,DIA,410.13,3,1233.45,168624.94950000002
2024-09-19,DIA,415.27,3,1217.79,168570.55109999998
2024-09-20,DIA,415.67,3,1219.64,168989.25293333337
2024-09-23,DIA,416.21,3,1226.82,170204.91739999998
2024-09-24,DIA,417.22,3,1223.19,170113.1106
2024-09-25,DIA,414.24,3,1228.13,169580.19040000002
2024-09-26,DIA,416.71,3,1227.24,170467.72679999997
2024-09-27,DIA,418.03,3,1232.76,171776.8876
2024-09-30,DIA,418.19,3,1243.74,173373.2102
2024-10-01,DIA,416.59,3,1246.34,173070.92686666665
2024-10-02,DIA,417.0,3,1233.98,171523.22
2024-10-03,DIA,415.09,3,1231.92,170452.5576
2024-10-04,DIA,418.48,3,1225.59,170961.6344
2024-10-07,DIA,414.73,3,1217.21,168271.16776666668
2024-10-08,DIA,415.9,3,1210.61,167830.89966666664
2024-10-09,DIA,420.1,3,1191.25,166814.70833333334
2024-10-10,DIA,419.72,3,1176.9,164656.15600000002
2024-10-11,DIA,423.74,3,1176.9,166233.20200000002
2024-10-14,DIA,425.87,3,1181.76,167758.7104
2024-10-15,DIA,422.56,3,1179.98,166204.11626666668
2024-10-16,DIA,425.71,3,1190.31,168908.95669999998
2024-10-17,DIA,427.42,3,1180.0,168118.53333333335
2024-10-18,DIA,427.75,3,1195.0,170387.08333333334
2024-10-21,DIA,424.52,3,1195.1,169114.61733333333
2024-10-22,DIA,424.46,3,1195.1,169090.71533333333
2024-10-23,DIA,420.36,3,1183.65,165853.03800000003
2024-10-24,DIA,418.99,3,1179.42,164721.7286
2024-10-25,DIA,416.38,3,1163.7,161513.802
2024-10-28,DIA,419.28,3,1154.94,161414.41439999998
2024-10-29,DIA,417.73,3,1155.43,160885.92463333334
2024-10-30,DIA,416.98,3,1158.6,161037.676
2024-10-31,DIA,412.95,3,1157.94,159390.44100000002
2024-11-01,DIA,415.67,3,1176.74,163045.17193333333
2024-11-04,DIA,413.33,3,1176.85,162142.47016666664
2024-11-05,DIA,417.53,3,1181.73,164469.24229999998
2024-11-06,DIA,432.29,3,1167.58,168244.38606666666
2024-11-07,DIA,432.45,3,1166.35,168129.35249999998
2024-11-08,DIA,435.14,3,1159.65,168203.367
2024-11-11,DIA,438.0,3,1162.01,169653.46
2024-11-12,DIA,434.42,3,1164.95,168692.52633333334
2024-11-13,DIA,434.84,3,1156.75,167667.05666666667
2024-11-14,DIA,432.75,3,1157.07,166907.3475
2024-11-15,DIA,429.86,3,1134.15,162508.573
2024-11-18,DIA,429.54,3,1134.15,162387.59700000004
2024-11-19,DIA,428.21,3,1104.41,157639.80203333334
2024-11-20,DIA,429.64,3,1111.29,159151.5452
2024-11-21,DIA,434.27,3,1111.59,160910.0631
2024-11-22,DIA,438.42,3,1106.85,161755.05899999998
2024-11-25,DIA,442.77,3,1104.77,163053.0043
2024-11-26,DIA,444.08,3,1107.67,163964.69786666668
2024-11-27,DIA,442.95,3,1105.85,163278.75249999997
2024-11-29,DIA,445.27,3,1109.94,164740.9946
2024-12-02,DIA,443.94,3,1099.42,162692.1716
2024-12-03,DIA,443.1,3,1107.92,163639.784
2024-12-04,DIA,446.12,3,1101.11,163742.39773333332
2024-12-05,DIA,443.87,3,1088.68,161077.4638666667
2024-12-06,DIA,442.37,3,1075.48,158586.69586666668
2024-12-09,DIA,440.32,3,1072.28,157382.10986666667
2024-12-10,DIA,438.94,3,1074.95,157279.51766666668
2024-12-11,DIA,437.78,3,1071.6,156375.01599999997
2024-12-12,DIA,435.56,3,1067.12,154931.59573333332
2024-12-13,DIA,434.67,3,1095.31,158699.46589999998
2024-12-16,DIA,433.68,3,1119.1,161777.096
2024-12-17,DIA,430.91,3,1151.42,165386.13073333335
2024-12-18,DIA,419.68,3,1163.48,162763.09546666668
2024-12-19,DIA,419.99,3,1160.93,162526.33023333334
2024-12-20,DIA,425.18,3,1167.07,165404.94086666664
2024-12-23,DIA,425.53,3,1166.24,165423.36906666667
2024-12-24,DIA,429.11,3,1173.62,167870.69273333333
2024-12-26,DIA,429.81,3,1188.67,170300.7509
2024-12-27,DIA,426.63,3,1182.95,168227.3195
2024-12-30,DIA,422.43,3,1186.93,167131.6133
2024-01-02,META,344.4,30,996.61,11441.0828
2024-01-03,META,342.59,30,1048.82,11977.174793333332
2024-01-04,META,345.23,30,1090.91,12553.828643333336
2024-01-05,META,350.03,30,1140.44,13306.273773333332
2024-01-08,META,356.7,30,1201.55,14286.429499999998
2024-01-09,META,355.48,30,1193.5,14142.179333333333
2024-01-10,META,368.45,30,1182.72,14525.7728
2024-01-11,META,367.65,30,1148.09,14069.842949999998
2024-01-12,META,372.45,30,1136.65,14111.509750000001
2024-01-16,META,365.46,30,1213.74,14785.78068
2024-01-17,META,366.36,30,1273.34,15550.028079999998
2024-01-18,META,374.08,30,1282.58,15992.917546666666
2024-01-19,META,381.36,30,1306.16,16603.90592
2024-01-22,META,379.7,30,1312.49,16611.748433333334
2024-01-23,META,383.1,30,1285.71,16418.5167
2024-01-24,META,388.57,30,1304.7,16898.9093
2024-01-25,META,391.03,30,1281.95,16709.363616666666
2024-01-26,META,391.99,30,1231.09,16085.832303333333
2024-01-29,META,398.83,30,1263.18,16793.13598
2024-01-30,META,397.88,30,1269.37,16835.231186666664
2024-01-31,META,388.01,30,1248.95,16153.502983333334
2024-02-01,META,392.63,30,1280.42,16757.710153333333
2024-02-02,META,472.4,30,1288.36,20287.375466666665
2024-02-05,META,456.9,30,1294.93,19721.7839
2024-02-06,META,452.24,30,1249.42,18834.590026666665
2024-02-07,META,467.03,30,1263.67,19672.393336666668
2024-02-08,META,467.44,30,1246.57,19423.222693333333
2024-02-09,META,465.56,30,1229.01,19072.596520000003
2024-02-12,META,466.34,30,1229.01,19104.550779999998
2024-02-13,META,457.61,30,1229.01,18746.90887
2024-02-14,META,470.7,30,1174.95,18434.9655
2024-02-15,META,481.39,30,1153.96,18516.826813333333
2024-02-16,META,470.74,30,1112.9,17462.884866666667
2024-02-20,META,469.18,30,1130.07,17673.54142
2024-02-21,META,465.97,30,1114.22,17306.43644666667
2024-02-22,META,483.99,30,1094.85,17663.21505
2024-02-23,META,481.9,30,1114.71,17905.9583
2024-02-26,META,479.62,30,1098.25,17558.088833333335
2024-02-27,META,484.91,30,1087.26,17574.108220000002
2024-02-28,META,481.89,30,1072.1,17221.142299999996
2024-02-29,META,487.97,30,1071.73,17432.40293666667
2024-03-01,META,500.09,30,1089.95,18169.103183333333
2024-03-04,META,496.0,30,1065.88,17622.549333333336
2024-03-05,META,488.06,30,1042.21,16955.36708666667
2024-03-06,META,493.91,30,1022.5,16834.099166666667
2024-03-07,META,509.94,30,1029.27,17495.531460000002
2024-03-08,META,503.72,30,1048.98,17613.073519999998
2024-03-11,META,481.46,30,1021.75,16397.725166666667
2024-03-12,META,497.55,30,1067.23,17700.009550000002
2024-03-13,META,493.39,30,1053.42,17324.89646
2024-03-14,META,489.67,30,1060.45,17309.018383333336
2024-03-15,META,481.97,30,1067.97,17157.65003
2024-03-18,META,494.79,30,1080.99,17828.768070000002
2024-03-19,META,494.06,30,1083.6,17845.4472
2024-03-20,META,503.3,30,1097.82,18417.7602
2024-03-21,META,505.53,30,1099.02,18519.58602
2024-03-22,META,507.34,30,1096.17,18537.69626
2024-03-25,META,500.81,30,1079.64,18023.15028
2024-03-26,META,493.71,30,1101.71,18130.84147
2024-03-27,META,491.69,30,1085.7,17794.2611
2024-03-28,META,483.44,30,1085.7,17495.693600000002
2024-04-01,META,489.19,30,1085.7,17703.7861
2024-04-02,META,495.18,30,1085.7,17920.5642
2024-04-03,META,504.51,30,1069.53,17986.28601
2024-04-04,META,508.67,30,1057.04,17922.817893333333
2024-04-05,META,525.02,30,1048.61,18351.374073333332
2024-04-08,META,516.96,30,1034.67,17829.43344
2024-04-09,META,514.63,30,1046.55,17952.86755
2024-04-10,META,517.54,30,1045.49,18036.096486666665
2024-04-11,META,520.86,30,1048.9,18211.001800000002
2024-04-12,META,509.65,30,1047.36,17792.9008
2024-04-15,META,498.03,30,1074.13,17831.632129999998
2024-04-16,META,497.56,30,1075.44,17836.53088
2024-04-17,META,492.0,30,1062.34,17422.376
2024-04-18,META,499.59,30,1065.74,17747.76822
2024-04-19,META,478.95,30,1068.81,17063.551649999998
2024-04-22,META,479.61,30,1058.46,16921.60002
2024-04-23,META,493.92,30,1051.95,17319.3048
2024-04-24,META,491.33,30,1053.98,17261.733113333332
2024-04-25,META,439.44,30,1081.23,15837.85704
2024-04-26,META,441.34,30,1085.07,15962.826459999998
2024-04-29,META,430.72,30,1090.83,15661.40992
2024-04-30,META,428.28,30,1091.95,15588.678199999998
2024-05-01,META,437.26,30,1091.95,15915.535233333334
2024-05-02,META,439.74,30,1120.38,16422.53004
2024-05-03,META,449.97,30,1121.12,16815.67888
2024-05-06,META,463.63,30,1108.66,17133.601193333332
2024-05-07,META,466.18,30,1094.7,17010.9082
2024-05-08,META,470.52,30,1076.45,16883.0418
2024-05-09,META,473.33,30,1083.85,17100.624016666665
2024-05-10,META,474.1,30,1078.41,17042.472700000002
2024-05-13,META,465.95,30,1075.73,16707.879783333334
2024-05-14,META,469.77,30,1084.51,16982.34209
2024-05-15,META,479.42,30,1092.63,17460.955820000003
2024-05-16,META,471.15,30,1099.3,17264.5065
2024-05-17,META,469.83,30,1104.04,17290.37044
2024-05-20,META,466.78,30,1142.72,17779.961386666666
2024-05-21,META,462.59,30,1196.31,18446.70143
2024-05-22,META,465.72,30,1256.19,19501.09356
2024-05-23,META,463.73,30,1256.24,19418.539173333334
2024-05-24,META,476.12,30,1234.76,19596.464373333332
2024-05-28,META,477.81,30,1233.95,19653.12165
2024-05-29,META,472.27,30,1214.34,19116.545059999997
2024-05-30,META,464.99,30,1213.09,18802.490636666666
2024-05-31,META,464.78,30,1247.42,19325.862253333333
2024-06-03,META,475.39,30,1297.47,20560.14211
2024-06-04,META,474.89,30,1311.19,20755.70063666667
2024-06-05,META,492.88,30,1304.36,21429.765226666663
2024-06-06,META,491.59,30,1296.88,21251.107973333335
2024-06-07,META,490.79,30,1313.02,21480.569526666666
2024-06-10,META,500.39,30,1307.44,21807.663386666667
2024-06-11,META,505.24,30,1305.74,21990.402586666667
2024-06-12,META,506.6,30,1301.69,21981.205133333337
2024-06-13,META,501.88,30,1274.41,21320.029693333334
2024-06-14,META,502.44,30,1267.39,21226.24772
2024-06-17,META,504.9,30,1267.39,21330.1737
2024-06-18,META,497.79,30,1263.97,20973.05421
2024-06-20,META,499.99,30,1263.97,21065.745343333336
2024-06-21,META,493.09,30,1263.97,20775.032243333335
2024-06-24,META,497.21,30,1313.9,21776.140633333336
2024-06-25,META,508.86,30,1312.66,22265.338920000002
2024-06-26,META,511.37,30,1341.33,22863.86407
2024-06-27,META,517.79,30,1345.17,23217.18581
2024-06-28,META,502.5,30,1350.08,22613.84
2024-07-01,META,502.96,30,1412.26,23677.009653333334
2024-07-02,META,507.76,30,1428.27,24173.94584
2024-07-03,META,508.22,30,1394.4,23622.065600000005
2024-07-05,META,538.07,30,1391.94,24965.371860000003
2024-07-08,META,527.51,30,1386.59,24381.336363333332
2024-07-09,META,528.19,30,1386.59,24412.765736666668
2024-07-10,META,532.87,30,1390.66,24701.366473333335
2024-07-11,META,510.95,30,1414.42,24089.929966666667
2024-07-12,META,497.17,30,1428.57,23674.73823
2024-07-15,META,494.47,30,1306.97,21541.91519666667
2024-07-16,META,488.12,30,1285.59,20917.40636
2024-07-17,META,460.41,30,1309.23,20092.752809999998
2024-07-18,META,474.23,30,1332.64,21065.92890666667
2024-07-19,META,475.16,30,1328.69,21044.678013333338
2024-07-22,META,485.74,30,1329.71,21529.777846666668
2024-07-23,META,487.02,30,1337.36,21710.70224
2024-07-24,META,459.7,30,1335.28,20460.940533333334
2024-07-25,META,451.86,30,1330.03,20032.91186
2024-07-26,META,464.11,30,1318.05,20390.67285
2024-07-29,META,464.12,30,1294.33,20024.147986666663
2024-07-30,META,461.61,30,1265.14,19466.70918
2024-07-31,META,473.21,30,1284.84,20266.63788
2024-08-01,META,496.04,30,1302.24,21532.10432
2024-08-02,META,486.47,30,1321.58,21430.300753333333
2024-08-05,META,474.11,30,1338.11,21147.044403333333
2024-08-06,META,492.4,30,1340.93,22009.13106666667
2024-08-07,META,487.25,30,1327.42,21559.513166666668
2024-08-08,META,507.89,30,1311.29,22199.70260333333
2024-08-09,META,516.0,30,1297.68,22320.096
2024-08-12,META,514.19,30,1281.72,21968.25356
2024-08-13,META,526.74,30,1267.16,22248.795280000002
2024-08-14,META,524.96,30,1268.59,22198.633546666664
2024-08-15,META,535.5,30,1276.4,22783.74
2024-08-16,META,525.62,30,1291.92,22635.29968
2024-08-19,META,527.47,30,1286.6,22621.430066666668
2024-08-20,META,524.93,30,1290.0,22571.989999999998
2024-08-21,META,533.33,30,1286.47,22870.43483666667
2024-08-22,META,530.11,30,1285.52,22715.566906666667
2024-08-23,META,526.2,30,1286.0,22556.440000000002
2024-08-26,META,519.34,30,1289.88,22329.542640000003
2024-08-27,META,517.33,30,1293.71,22309.16647666667
2024-08-28,META,515.02,30,1292.68,22191.868453333333
2024-08-29,META,516.45,30,1289.04,22190.8236
2024-08-30,META,519.53,30,1298.81,22492.35864333333
2024-09-03,META,510.01,30,1302.9,22149.7343
2024-09-04,META,510.99,30,1293.76,22036.614080000003
2024-09-05,META,515.1,30,1271.6,21833.372
2024-09-06,META,498.56,30,1258.08,20907.61216
2024-09-09,META,503.07,30,1245.65,20888.30485
2024-09-10,META,503.07,30,1249.13,20946.660970000004
2024-09-11,META,510.08,30,1245.08,21169.680213333333
2024-09-12,META,523.81,30,1260.0,22000.02
2024-09-13,META,522.83,30,1253.33,21842.617463333336
2024-09-16,META,531.97,30,1244.8,22073.208533333334
2024-09-17,META,535.0,30,1241.3,22136.516666666666
2024-09-18,META,536.63,30,1233.45,22063.54245
2024-09-19,META,557.72,30,1217.79,22639.52796
2024-09-20,META,559.97,30,1219.64,22765.393693333335
2024-09-23,META,563.02,30,1226.82,23024.139879999995
2024-09-24,META,561.94,30,1223.19,22911.979620000002
2024-09-25,META,566.91,30,1228.13,23207.97261
2024-09-26,META,566.44,30,1227.24,23171.927520000005
2024-09-27,META,565.96,30,1232.76,23256.428320000003
2024-09-30,META,571.03,30,1243.74,23673.761739999998
2024-10-01,META,575.05,30,1246.34,23890.260566666664
2024-10-02,META,571.4,30,1233.98,23503.205733333332
2024-10-03,META,581.34,30,1231.92,23872.145760000003
2024-10-04,META,594.47,30,1225.59,24285.88291
2024-10-07,META,583.34,30,1217.21,23668.242713333337
2024-10-08,META,591.43,30,1210.61,23866.369076666662
2024-10-09,META,589.06,30,1191.25,23390.590833333332
2024-10-10,META,582.39,30,1176.9,22847.159700000004
2024-10-11,META,588.5,30,1176.9,23086.855
2024-10-14,META,588.97,30,1181.76,23200.706240000003
2024-10-15,META,584.83,30,1179.98,23002.92344666667
2024-10-16,META,575.37,30,1190.31,22828.95549
2024-10-17,META,575.51,30,1180.0,22636.72666666667
2024-10-18,META,575.05,30,1195.0,22906.158333333333
2024-10-21,META,573.74,30,1195.1,22855.889133333334
2024-10-22,META,580.58,30,1195.1,23128.371933333336
2024-10-23,META,562.3,30,1183.65,22185.5465
2024-10-24,META,566.38,30,1179.42,22266.66332
2024-10-25,META,571.84,30,1163.7,22181.673600000002
2024-10-28,META,576.74,30,1154.94,22203.33652
2024-10-29,META,591.82,30,1155.43,22793.552753333337
2024-10-30,META,590.34,30,1158.6,22798.9308
2024-10-31,META,566.18,30,1157.94,21853.41564
2024-11-01,META,565.76,30,1176.74,22191.747413333334
2024-11-04,META,559.3,30,1176.85,21940.406833333327
2024-11-05,META,571.02,30,1181.73,22493.04882
2024-11-06,META,570.64,30,1167.58,22208.928373333332
2024-11-07,META,590.24,30,1166.35,22947.547466666667
2024-11-08,META,587.89,30,1159.65,22724.88795
2024-11-11,META,581.73,30,1162.01,22532.53591
2024-11-12,META,583.38,30,1164.95,22653.617700000003
2024-11-13,META,578.57,30,1156.75,22308.694916666667
2024-11-14,META,575.74,30,1157.07,22205.71606
2024-11-15,META,552.72,30,1134.15,20895.5796
2024-11-18,META,553.04,30,1134.15,20907.6772
2024-11-19,META,559.71,30,1104.41,20604.97737
2024-11-20,META,564.13,30,1111.29,20897.06759
2024-11-21,META,561.7,30,1111.59,20812.6701
2024-11-22,META,557.76,30,1106.85,20578.5552
2024-11-25,META,563.72,30,1104.77,20759.364813333334
2024-11-26,META,572.13,30,1107.67,21124.37457
2024-11-27,META,567.8,30,1105.85,20930.05433333333
2024-11-29,META,572.91,30,1109.94,21196.52418
2024-12-02,META,591.37,30,1099.42,21672.133513333334
2024-12-03,META,612.14,30,1107.92,22606.738293333336
2024-12-04,META,612.27,30,1101.11,22472.553989999997
2024-12-05,META,607.43,30,1088.68,22043.229746666668
2024-12-06,META,622.23,30,1075.48,22306.530680000003
2024-12-09,META,612.06,30,1072.28,21876.656559999996
2024-12-10,META,617.8,30,1074.95,22136.803666666667
2024-12-11,META,631.12,30,1071.6,22543.606399999997
2024-12-12,META,629.24,30,1067.12,22382.48629333333
2024-12-13,META,618.82,30,1095.31,22593.324473333334
2024-12-16,META,623.21,30,1119.1,23247.810366666665
2024-12-17,META,618.41,30,1151.42,23734.988073333334
2024-12-18,META,596.2,30,1163.48,23122.225866666668
2024-12-19,META,594.58,30,1160.93,23008.85864666667
2024-12-20,META,584.28,30,1167.07,22729.855319999995
2024-12-23,META,598.86,30,1166.24,23280.482880000003
2024-12-24,META,606.74,30,1173.62,23736.07329333333
2024-12-26,META,602.35,30,1188.67,23866.512483333336
2024-12-27,META,598.82,30,1182.95,23612.470633333334
2024-12-30,META,590.26,30,1186.93,23353.243393333334
2024-01-02,BRK-B,362.46,20,996.61,18061.563029999998
2024-01-03,BRK-B,366.75,20,1048.82,19232.73675
2024-01-04,BRK-B,363.68,20,1090.91,19837.10744
2024-01-05,BRK-B,365.59,20,1140.44,20846.67298
2024-01-08,BRK-B,368.18,20,1201.55,22119.33395
2024-01-09,BRK-B,366.9,20,1193.5,21894.7575
2024-01-10,BRK-B,367.92,20,1182.72,21757.31712
2024-01-11,BRK-B,363.34,20,1148.09,20857.351029999998
2024-01-12,BRK-B,363.62,20,1136.65,20665.43365
2024-01-16,BRK-B,361.1,20,1213.74,21914.0757
2024-01-17,BRK-B,359.29,20,1273.34,22874.91643
2024-01-18,BRK-B,362.38,20,1282.58,23239.06702
2024-01-19,BRK-B,366.99,20,1306.16,23967.38292
2024-01-22,BRK-B,368.06,20,1312.49,24153.75347
2024-01-23,BRK-B,372.14,20,1285.71,23923.205970000003
2024-01-24,BRK-B,376.59,20,1304.7,24566.84865
2024-01-25,BRK-B,380.85,20,1281.95,24411.532875
2024-01-26,BRK-B,385.4,20,1231.09,23723.1043
2024-01-29,BRK-B,383.18,20,1263.18,24201.265620000002
2024-01-30,BRK-B,387.15,20,1269.37,24571.829775
2024-01-31,BRK-B,383.74,20,1248.95,23963.60365
2024-02-01,BRK-B,386.44,20,1280.42,24740.275240000003
2024-02-02,BRK-B,390.75,20,1288.36,25171.3335
2024-02-05,BRK-B,390.76,20,1294.93,25300.34234
2024-02-06,BRK-B,393.74,20,1249.42,24597.331540000003
2024-02-07,BRK-B,397.66,20,1263.67,25125.550610000002
2024-02-08,BRK-B,397.49,20,1246.57,24774.955465
2024-02-09,BRK-B,398.36,20,1229.01,24479.42118
2024-02-12,BRK-B,397.71,20,1229.01,24439.478355
2024-02-13,BRK-B,394.8,20,1229.01,24260.6574
2024-02-14,BRK-B,398.68,20,1174.95,23421.4533
2024-02-15,BRK-B,403.45,20,1153.96,23278.2581
2024-02-16,BRK-B,405.99,20,1112.9,22591.313550000003
2024-02-20,BRK-B,407.15,20,1130.07,23005.400025
2024-02-21,BRK-B,409.25,20,1114.22,22799.72675
2024-02-22,BRK-B,415.16,20,1094.85,22726.8963
2024-02-23,BRK-B,417.22,20,1114.71,23253.965310000003
2024-02-26,BRK-B,409.14,20,1098.25,22466.90025
2024-02-27,BRK-B,408.91,20,1087.26,22229.57433
2024-02-28,BRK-B,412.14,20,1072.1,22092.764699999996
2024-02-29,BRK-B,409.4,20,1071.73,21938.3131
2024-03-01,BRK-B,407.11,20,1089.95,22186.477225000002
2024-03-04,BRK-B,403.39,20,1065.88,21498.26666
2024-03-05,BRK-B,400.74,20,1042.21,20882.76177
2024-03-06,BRK-B,403.96,20,1022.5,20652.454999999998
2024-03-07,BRK-B,402.39,20,1029.27,20708.397764999998
2024-03-08,BRK-B,403.15,20,1048.98,21144.81435
2024-03-11,BRK-B,404.76,20,1021.75,20678.176499999998
2024-03-12,BRK-B,404.98,20,1067.23,21610.34027
2024-03-13,BRK-B,408.13,20,1053.42,21496.615230000003
2024-03-14,BRK-B,406.73,20,1060.45,21565.841425000002
2024-03-15,BRK-B,408.13,20,1067.97,21793.529805000002
2024-03-18,BRK-B,408.41,20,1080.99,22074.356295
2024-03-19,BRK-B,411.76,20,1083.6,22309.156799999997
2024-03-20,BRK-B,416.11,20,1097.82,22840.69401
2024-03-21,BRK-B,413.78,20,1099.02,22737.62478
2024-03-22,BRK-B,411.6,20,1096.17,22559.178600000003
2024-03-25,BRK-B,409.92,20,1079.64,22128.301440000003
2024-03-26,BRK-B,411.57,20,1101.71,22671.539235
2024-03-27,BRK-B,416.93,20,1085.7,22633.04505
2024-03-28,BRK-B,420.52,20,1085.7,22827.928200000002
2024-04-01,BRK-B,420.2,20,1085.7,22810.557
2024-04-02,BRK-B,418.92,20,1085.7,22741.072200000002
2024-04-03,BRK-B,420.24,20,1069.53,22472.96436
2024-04-04,BRK-B,415.32,20,1057.04,21950.49264
2024-04-05,BRK-B,418.62,20,1048.61,21948.455909999997
2024-04-08,BRK-B,415.97,20,1034.67,21519.583995
2024-04-09,BRK-B,414.69,20,1046.55,21699.690974999998
2024-04-10,BRK-B,409.11,20,1045.49,21386.020695000003
2024-04-11,BRK-B,407.61,20,1048.9,21377.106450000003
2024-04-12,BRK-B,403.26,20,1047.36,21117.91968
2024-04-15,BRK-B,400.26,20,1074.13,21496.563690000003
2024-04-16,BRK-B,396.92,20,1075.44,21343.182240000002
2024-04-17,BRK-B,397.74,20,1062.34,21126.75558
2024-04-18,BRK-B,399.89,20,1065.74,21308.938430000002
2024-04-19,BRK-B,405.08,20,1068.81,21647.67774
2024-04-22,BRK-B,408.78,20,1058.46,21633.86394
2024-04-23,BRK-B,408.74,20,1051.95,21498.70215
2024-04-24,BRK-B,405.95,20,1053.98,21393.15905
2024-04-25,BRK-B,404.91,20,1081.23,21890.041965000004
2024-04-26,BRK-B,402.1,20,1085.07,21815.33235
2024-04-29,BRK-B,400.96,20,1090.83,21868.95984
2024-04-30,BRK-B,396.73,20,1091.95,21660.466175
2024-05-01,BRK-B,398.58,20,1091.95,21761.47155
2024-05-02,BRK-B,400.6,20,1120.38,22441.211400000004
2024-05-03,BRK-B,400.87,20,1121.12,22471.168719999998
2024-05-06,BRK-B,404.92,20,1108.66,22445.930360000002
2024-05-07,BRK-B,406.14,20,1094.7,22230.0729
2024-05-08,BRK-B,406.37,20,1076.45,21871.849325
2024-05-09,BRK-B,408.82,20,1083.85,22154.97785
2024-05-10,BRK-B,412.05,20,1078.41,22217.942025000004
2024-05-13,BRK-B,411.22,20,1075.73,22118.08453
2024-05-14,BRK-B,410.24,20,1084.51,22245.46912
2024-05-15,BRK-B,412.76,20,1092.63,22549.697940000002
2024-05-16,BRK-B,413.12,20,1099.3,22707.1408
2024-05-17,BRK-B,416.94,20,1104.04,23015.92188
2024-05-20,BRK-B,413.0,20,1142.72,23597.167999999998
2024-05-21,BRK-B,414.37,20,1196.31,24785.748734999997
2024-05-22,BRK-B,413.99,20,1256.19,26002.504905
2024-05-23,BRK-B,405.88,20,1256.24,25494.13456
2024-05-24,BRK-B,407.41,20,1234.76,25152.67858
2024-05-28,BRK-B,403.9,20,1233.95,24919.62025
2024-05-29,BRK-B,404.09,20,1214.34,24535.132529999995
2024-05-30,BRK-B,408.61,20,1213.09,24784.035245
2024-05-31,BRK-B,414.4,20,1247.42,25846.5424
2024-06-03,BRK-B,414.79,20,1297.47,26908.879065000005
2024-06-04,BRK-B,409.53,20,1311.19,26848.582035
2024-06-05,BRK-B,409.85,20,1304.36,26729.5973
2024-06-06,BRK-B,411.08,20,1296.88,26656.071520000005
2024-06-07,BRK-B,413.72,20,1313.02,27161.131719999998
2024-06-10,BRK-B,410.81,20,1307.44,26855.47132
2024-06-11,BRK-B,408.5,20,1305.74,26669.739500000003
2024-06-12,BRK-B,408.77,20,1301.69,26604.591064999997
2024-06-13,BRK-B,405.92,20,1274.41,25865.42536
2024-06-14,BRK-B,405.54,20,1267.39,25698.86703
2024-06-17,BRK-B,407.32,20,1267.39,25811.66474
2024-06-18,BRK-B,407.95,20,1263.97,25781.828075
2024-06-20,BRK-B,409.15,20,1263.97,25857.666275
2024-06-21,BRK-B,409.62,20,1263.97,25887.369570000003
2024-06-24,BRK-B,413.98,20,1313.9,27196.416100000002
2024-06-25,BRK-B,410.97,20,1312.66,26973.19401
2024-06-26,BRK-B,410.26,20,1341.33,27514.702289999997
2024-06-27,BRK-B,407.95,20,1345.17,27438.105075
2024-06-28,BRK-B,406.8,20,1350.08,27460.6272
2024-07-01,BRK-B,405.19,20,1412.26,28611.68147
2024-07-02,BRK-B,407.1,20,1428.27,29072.43585
2024-07-03,BRK-B,405.77,20,1394.4,28290.284399999997
2024-07-05,BRK-B,411.17,20,1391.94,28616.198490000002
2024-07-08,BRK-B,409.08,20,1386.59,28361.311859999998
2024-07-09,BRK-B,410.52,20,1386.59,28461.146339999996
2024-07-10,BRK-B,413.79,20,1390.66,28772.06007
2024-07-11,BRK-B,418.78,20,1414.42,29616.54038
2024-07-12,BRK-B,424.44,20,1428.57,30317.112539999995
2024-07-15,BRK-B,434.42,20,1306.97,28388.69537
2024-07-16,BRK-B,438.9,20,1285.59,28212.272549999994
2024-07-17,BRK-B,445.61,20,1309.23,29170.299015000004
2024-07-18,BRK-B,441.82,20,1332.64,29439.35024
2024-07-19,BRK-B,434.47,20,1328.69,28863.797215000006
2024-07-22,BRK-B,435.98,20,1329.71,28986.34829
2024-07-23,BRK-B,434.01,20,1337.36,29021.380679999995
2024-07-24,BRK-B,432.8,20,1335.28,28895.4592
2024-07-25,BRK-B,433.29,20,1330.03,28814.434935000005
2024-07-26,BRK-B,437.66,20,1318.05,28842.888150000002
2024-07-29,BRK-B,438.31,20,1294.33,28365.889114999998
2024-07-30,BRK-B,441.26,20,1265.14,27912.78382
2024-07-31,BRK-B,438.5,20,1284.84,28170.117
2024-08-01,BRK-B,431.81,20,1302.24,28116.01272
2024-08-02,BRK-B,428.36,20,1321.58,28305.60044
2024-08-05,BRK-B,413.72,20,1338.11,27680.14346
2024-08-06,BRK-B,422.14,20,1340.93,28303.009509999996
2024-08-07,BRK-B,427.02,20,1327.42,28341.744420000003
2024-08-08,BRK-B,431.54,20,1311.29,28293.70433
2024-08-09,BRK-B,431.67,20,1297.68,28008.476280000003
2024-08-12,BRK-B,430.39,20,1281.72,27581.97354
2024-08-13,BRK-B,432.41,20,1267.16,27396.632780000004
2024-08-14,BRK-B,438.47,20,1268.59,27811.932865
2024-08-15,BRK-B,440.84,20,1276.4,28134.408799999997
2024-08-16,BRK-B,444.51,20,1291.92,28713.567960000004
2024-08-19,BRK-B,448.77,20,1286.6,28869.374099999997
2024-08-20,BRK-B,448.36,20,1290.0,28919.22
2024-08-21,BRK-B,446.6,20,1286.47,28726.875100000005
2024-08-22,BRK-B,449.03,20,1285.52,28861.85228
2024-08-23,BRK-B,453.38,20,1286.0,29152.334000000003
2024-08-26,BRK-B,454.49,20,1289.88,29311.878060000006
2024-08-27,BRK-B,460.63,20,1293.71,29796.081865000004
2024-08-28,BRK-B,464.59,20,1292.68,30028.31006
2024-08-29,BRK-B,468.37,20,1289.04,30187.383240000003
2024-08-30,BRK-B,475.92,20,1298.81,30906.482760000003
2024-09-03,BRK-B,476.83,20,1302.9,31063.090350000002
2024-09-04,BRK-B,478.57,20,1293.76,30957.73616
2024-09-05,BRK-B,464.92,20,1271.6,29559.6136
2024-09-06,BRK-B,459.42,20,1258.08,28899.35568
2024-09-09,BRK-B,459.61,20,1245.65,28625.659825000002
2024-09-10,BRK-B,458.92,20,1249.13,28662.536980000004
2024-09-11,BRK-B,453.1,20,1245.08,28207.2874
2024-09-12,BRK-B,450.87,20,1260.0,28404.809999999998
2024-09-13,BRK-B,447.61,20,1253.33,28050.152065000002
2024-09-16,BRK-B,451.78,20,1244.8,28118.7872
2024-09-17,BRK-B,456.68,20,1241.3,28343.8442
2024-09-18,BRK-B,456.6,20,1233.45,28159.663500000002
2024-09-19,BRK-B,459.71,20,1217.79,27991.512045
2024-09-20,BRK-B,455.31,20,1219.64,27765.714420000004
2024-09-23,BRK-B,454.98,20,1226.82,27908.92818
2024-09-24,BRK-B,454.56,20,1223.19,27800.662320000003
2024-09-25,BRK-B,452.36,20,1228.13,27777.844340000003
2024-09-26,BRK-B,454.18,20,1227.24,27869.39316
2024-09-27,BRK-B,457.47,20,1232.76,28197.535860000004
2024-09-30,BRK-B,460.26,20,1243.74,28622.18862
2024-10-01,BRK-B,457.41,20,1246.34,28504.41897
2024-10-02,BRK-B,456.67,20,1233.98,28176.082329999997
2024-10-03,BRK-B,452.96,20,1231.92,27900.52416
2024-10-04,BRK-B,461.97,20,1225.59,28309.290614999998
2024-10-07,BRK-B,453.5,20,1217.21,27600.23675
2024-10-08,BRK-B,453.8,20,1210.61,27468.740899999997
2024-10-09,BRK-B,455.9,20,1191.25,27154.54375
2024-10-10,BRK-B,454.93,20,1176.9,26770.355850000004
2024-10-11,BRK-B,460.21,20,1176.9,27081.05745
2024-10-14,BRK-B,459.98,20,1181.76,27179.298240000004
2024-10-15,BRK-B,462.68,20,1179.98,27297.65732
2024-10-16,BRK-B,465.69,20,1190.31,27715.773194999998
2024-10-17,BRK-B,465.85,20,1180.0,27485.15
2024-10-18,BRK-B,464.8,20,1195.0,27771.8
2024-10-21,BRK-B,464.16,20,1195.1,27735.880800000003
2024-10-22,BRK-B,461.45,20,1195.1,27573.944749999995
2024-10-23,BRK-B,460.61,20,1183.65,27260.051325
2024-10-24,BRK-B,457.77,20,1179.42,26995.15467
2024-10-25,BRK-B,454.01,20,1163.7,26416.57185
2024-10-28,BRK-B,458.49,20,1154.94,26476.422030000005
2024-10-29,BRK-B,454.62,20,1155.43,26264.07933
2024-10-30,BRK-B,454.96,20,1158.6,26355.832799999996
2024-10-31,BRK-B,450.92,20,1157.94,26106.915240000002
2024-11-01,BRK-B,452.14,20,1176.74,26602.56118
2024-11-04,BRK-B,442.29,20,1176.85,26025.449325
2024-11-05,BRK-B,445.06,20,1181.73,26297.037690000005
2024-11-06,BRK-B,468.9,20,1167.58,27373.913099999998
2024-11-07,BRK-B,460.13,20,1166.35,26833.631275
2024-11-08,BRK-B,463.41,20,1159.65,26869.670325000003
2024-11-11,BRK-B,467.36,20,1162.01,27153.849680000003
2024-11-12,BRK-B,466.29,20,1164.95,27160.226775
2024-11-13,BRK-B,468.1,20,1156.75,27073.733750000003
2024-11-14,BRK-B,467.7,20,1157.07,27058.08195
2024-11-15,BRK-B,470.28,20,1134.15,26668.403100000003
2024-11-18,BRK-B,472.2,20,1134.15,26777.2815
2024-11-19,BRK-B,468.86,20,1104.41,25890.683630000003
2024-11-20,BRK-B,468.83,20,1111.29,26050.304534999996
2024-11-21,BRK-B,472.06,20,1111.59,26236.85877
2024-11-22,BRK-B,476.57,20,1106.85,26374.575224999997
2024-11-25,BRK-B,477.43,20,1104.77,26372.517054999997
2024-11-26,BRK-B,478.56,20,1107.67,26504.327760000004
2024-11-27,BRK-B,483.08,20,1105.85,26710.700899999996
2024-11-29,BRK-B,483.02,20,1109.94,26806.16094
2024-12-02,BRK-B,477.33,20,1099.42,26239.307430000004
2024-12-03,BRK-B,470.19,20,1107.92,26046.64524
2024-12-04,BRK-B,468.32,20,1101.11,25783.59176
2024-12-05,BRK-B,470.57,20,1088.68,25615.007380000003
2024-12-06,BRK-B,470.5,20,1075.48,25300.667
2024-12-09,BRK-B,463.87,20,1072.28,24869.926180000002
2024-12-10,BRK-B,462.49,20,1074.95,24857.681275000003
2024-12-11,BRK-B,461.39,20,1071.6,24721.276199999997
2024-12-12,BRK-B,458.63,20,1067.12,24470.662279999997
2024-12-13,BRK-B,457.9,20,1095.31,25077.12245
2024-12-16,BRK-B,455.2,20,1119.1,25470.715999999997
2024-12-17,BRK-B,455.66,20,1151.42,26232.80186
2024-12-18,BRK-B,446.59,20,1163.48,25979.92666
2024-12-19,BRK-B,449.34,20,1160.93,26082.614309999997
2024-12-20,BRK-B,453.2,20,1167.07,26445.8062
2024-12-23,BRK-B,454.35,20,1166.24,26494.057200000003
2024-12-24,BRK-B,458.66,20,1173.62,26914.62746
2024-12-26,BRK-B,459.08,20,1188.67,27284.731180000002
2024-12-27,BRK-B,456.51,20,1182.95,27001.425225000003
2024-12-30,BRK-B,452.16,20,1186.93,26834.113440000005
2024-01-02,PLTR,16.58,3,996.61,5507.9312666666665
2024-01-03,PLTR,16.09,3,1048.82,5625.171266666667
2024-01-04,PLTR,16.25,3,1090.91,5909.095833333334
2024-01-05,PLTR,15.98,3,1140.44,6074.743733333334
2024-01-08,PLTR,16.67,3,1201.55,6676.612833333334
2024-01-09,PLTR,16.39,3,1193.5,6520.488333333334
2024-01-10,PLTR,16.79,3,1182.72,6619.2896
2024-01-11,PLTR,16.68,3,1148.09,6383.380399999999
2024-01-12,PLTR,16.76,3,1136.65,6350.084666666668
2024-01-16,PLTR,16.53,3,1213.74,6687.7074
2024-01-17,PLTR,16.39,3,1273.34,6956.680866666667
2024-01-18,PLTR,16.4,3,1282.58,7011.437333333332
2024-01-19,PLTR,16.78,3,1306.16,7305.788266666667
2024-01-22,PLTR,17.6,3,1312.49,7699.941333333333
2024-01-23,PLTR,17.33,3,1285.71,7427.1181
2024-01-24,PLTR,16.75,3,1304.7,7284.575000000001
2024-01-25,PLTR,16.46,3,1281.95,7033.632333333334
2024-01-26,PLTR,16.35,3,1231.09,6709.440500000001
2024-01-29,PLTR,17.09,3,1263.18,7195.915400000001
2024-01-30,PLTR,16.74,3,1269.37,7083.084599999998
2024-01-31,PLTR,16.09,3,1248.95,6698.5351666666675
2024-02-01,PLTR,16.33,3,1280.42,6969.752866666666
2024-02-02,PLTR,17.02,3,1288.36,7309.2957333333325
2024-02-05,PLTR,16.72,3,1294.93,7217.076533333333
2024-02-06,PLTR,21.87,3,1249.42,9108.2718
2024-02-07,PLTR,23.6,3,1263.67,9940.870666666668
2024-02-08,PLTR,24.51,3,1246.57,10184.4769
2024-02-09,PLTR,24.38,3,1229.01,9987.754599999998
2024-02-12,PLTR,25.05,3,1229.01,10262.2335
2024-02-13,PLTR,24.01,3,1229.01,9836.1767
2024-02-14,PLTR,25.19,3,1174.95,9865.6635
2024-02-15,PLTR,25.41,3,1153.96,9774.041200000001
2024-02-16,PLTR,24.44,3,1112.9,9066.425333333334
2024-02-20,PLTR,23.4,3,1130.07,8814.545999999998
2024-02-21,PLTR,22.74,3,1114.22,8445.7876
2024-02-22,PLTR,23.59,3,1094.85,8609.170499999998
2024-02-23,PLTR,22.97,3,1114.71,8534.9629
2024-02-26,PLTR,23.56,3,1098.25,8624.923333333332
2024-02-27,PLTR,24.53,3,1087.26,8890.162600000001
2024-02-28,PLTR,24.42,3,1072.1,8726.894
2024-02-29,PLTR,25.08,3,1071.73,8959.6628
2024-03-01,PLTR,24.93,3,1089.95,9057.4845
2024-03-04,PLTR,24.04,3,1065.88,8541.251733333334
2024-03-05,PLTR,23.81,3,1042.21,8271.673366666666
2024-03-06,PLTR,26.16,3,1022.5,8916.199999999999
2024-03-07,PLTR,26.46,3,1029.27,9078.161399999999
2024-03-08,PLTR,26.04,3,1048.98,9105.1464
2024-03-11,PLTR,25.35,3,1021.75,8633.7875
2024-03-12,PLTR,24.7,3,1067.23,8786.860333333332
2024-03-13,PLTR,25.0,3,1053.42,8778.5
2024-03-14,PLTR,24.43,3,1060.45,8635.597833333333
2024-03-15,PLTR,23.49,3,1067.97,8362.2051
2024-03-18,PLTR,24.0,3,1080.99,8647.92
2024-03-19,PLTR,23.8,3,1083.6,8596.56
2024-03-20,PLTR,24.57,3,1097.82,8991.1458
2024-03-21,PLTR,24.49,3,1099.02,8971.666599999999
2024-03-22,PLTR,24.18,3,1096.17,8835.130200000001
2024-03-25,PLTR,24.51,3,1079.64,8820.658800000001
2024-03-26,PLTR,24.89,3,1101.71,9140.520633333334
2024-03-27,PLTR,24.51,3,1085.7,8870.169
2024-03-28,PLTR,23.01,3,1085.7,8327.319000000001
2024-04-01,PLTR,22.86,3,1085.7,8273.034
2024-04-02,PLTR,22.72,3,1085.7,8222.368
2024-04-03,PLTR,22.7,3,1069.53,8092.776999999999
2024-04-04,PLTR,22.48,3,1057.04,7920.753066666667
2024-04-05,PLTR,22.96,3,1048.61,8025.361866666666
2024-04-08,PLTR,23.0,3,1034.67,7932.470000000001
2024-04-09,PLTR,22.81,3,1046.55,7957.268499999999
2024-04-10,PLTR,22.42,3,1045.49,7813.295266666668
2024-04-11,PLTR,22.84,3,1048.9,7985.625333333333
2024-04-12,PLTR,22.67,3,1047.36,7914.5504
2024-04-15,PLTR,21.9,3,1074.13,7841.149
2024-04-16,PLTR,21.88,3,1075.44,7843.542399999999
2024-04-17,PLTR,21.31,3,1062.34,7546.155133333333
2024-04-18,PLTR,21.13,3,1065.74,7506.362066666666
2024-04-19,PLTR,20.47,3,1068.81,7292.8469
2024-04-22,PLTR,20.97,3,1058.46,7398.6354
2024-04-23,PLTR,21.64,3,1051.95,7588.066
2024-04-24,PLTR,21.59,3,1053.98,7585.142733333333
2024-04-25,PLTR,21.71,3,1081.23,7824.5011
2024-04-26,PLTR,22.52,3,1085.07,8145.2588
2024-04-29,PLTR,22.83,3,1090.83,8301.216299999998
2024-04-30,PLTR,21.97,3,1091.95,7996.713833333334
2024-05-01,PLTR,22.12,3,1091.95,8051.311333333334
2024-05-02,PLTR,22.55,3,1120.38,8421.523000000001
2024-05-03,PLTR,23.33,3,1121.12,8718.576533333331
2024-05-06,PLTR,25.21,3,1108.66,9316.439533333334
2024-05-07,PLTR,21.4,3,1094.7,7808.86
2024-05-08,PLTR,21.56,3,1076.45,7736.087333333333
2024-05-09,PLTR,21.14,3,1083.85,7637.529666666666
2024-05-10,PLTR,20.6,3,1078.41,7405.082000000001
2024-05-13,PLTR,20.94,3,1075.73,7508.595400000001
2024-05-14,PLTR,21.44,3,1084.51,7750.631466666667
2024-05-15,PLTR,21.67,3,1092.63,7892.430700000002
2024-05-16,PLTR,21.65,3,1099.3,7933.281666666666
2024-05-17,PLTR,21.76,3,1104.04,8007.970133333333
2024-05-20,PLTR,21.62,3,1142.72,8235.202133333334
2024-05-21,PLTR,21.24,3,1196.31,8469.8748
2024-05-22,PLTR,21.17,3,1256.19,8864.514100000002
2024-05-23,PLTR,20.72,3,1256.24,8676.430933333333
2024-05-24,PLTR,21.01,3,1234.76,8647.435866666667
2024-05-28,PLTR,21.05,3,1233.95,8658.215833333334
2024-05-29,PLTR,20.94,3,1214.34,8476.0932
2024-05-30,PLTR,21.73,3,1213.09,8786.815233333333
2024-05-31,PLTR,21.68,3,1247.42,9014.688533333334
2024-06-03,PLTR,21.32,3,1297.47,9220.686800000001
2024-06-04,PLTR,22.1,3,1311.19,9659.099666666667
2024-06-05,PLTR,22.96,3,1304.36,9982.701866666666
2024-06-06,PLTR,23.79,3,1296.88,10284.2584
2024-06-07,PLTR,23.31,3,1313.02,10202.1654
2024-06-10,PLTR,23.13,3,1307.44,10080.3624
2024-06-11,PLTR,23.85,3,1305.74,10380.633
2024-06-12,PLTR,23.77,3,1301.69,10313.723766666668
2024-06-13,PLTR,23.27,3,1274.41,9885.173566666666
2024-06-14,PLTR,23.57,3,1267.39,9957.460766666667
2024-06-17,PLTR,25.02,3,1267.39,10570.0326
2024-06-18,PLTR,25.82,3,1263.97,10878.568466666668
2024-06-20,PLTR,25.56,3,1263.97,10769.0244
2024-06-21,PLTR,23.84,3,1263.97,10044.348266666666
2024-06-24,PLTR,24.16,3,1313.9,10581.274666666668
2024-06-25,PLTR,24.56,3,1312.66,10746.309866666666
2024-06-26,PLTR,24.1,3,1341.33,10775.351
2024-06-27,PLTR,25.22,3,1345.17,11308.3958
2024-06-28,PLTR,25.33,3,1350.08,11399.175466666666
2024-07-01,PLTR,25.88,3,1412.26,12183.096266666666
2024-07-02,PLTR,25.83,3,1428.27,12297.4047
2024-07-03,PLTR,25.85,3,1394.4,12015.080000000002
2024-07-05,PLTR,27.23,3,1391.94,12634.1754
2024-07-08,PLTR,27.7,3,1386.59,12802.847666666667
2024-07-09,PLTR,27.39,3,1386.59,12659.566700000001
2024-07-10,PLTR,28.42,3,1390.66,13174.185733333334
2024-07-11,PLTR,27.64,3,1414.42,13031.522933333334
2024-07-12,PLTR,28.07,3,1428.57,13366.6533
2024-07-15,PLTR,28.67,3,1306.97,12490.276633333335
2024-07-16,PLTR,28.67,3,1285.59,12285.9551
2024-07-17,PLTR,28.22,3,1309.23,12315.4902
2024-07-18,PLTR,28.64,3,1332.64,12722.269866666667
2024-07-19,PLTR,28.58,3,1328.69,12657.986733333333
2024-07-22,PLTR,28.46,3,1329.71,12614.515533333333
2024-07-23,PLTR,28.81,3,1337.36,12843.113866666665
2024-07-24,PLTR,26.6,3,1335.28,11839.482666666669
2024-07-25,PLTR,26.63,3,1330.03,11806.232966666665
2024-07-26,PLTR,27.18,3,1318.05,11941.533000000001
2024-07-29,PLTR,27.08,3,1294.33,11683.485466666665
2024-07-30,PLTR,26.37,3,1265.14,11120.580600000001
2024-07-31,PLTR,26.89,3,1284.84,11516.449200000001
2024-08-01,PLTR,26.08,3,1302.24,11320.8064
2024-08-02,PLTR,24.74,3,1321.58,10898.629733333333
2024-08-05,PLTR,24.09,3,1338.11,10745.023299999999
2024-08-06,PLTR,26.59,3,1340.93,11885.109566666666
2024-08-07,PLTR,26.32,3,1327.42,11645.898133333334
2024-08-08,PLTR,29.28,3,1311.29,12798.1904
2024-08-09,PLTR,30.01,3,1297.68,12981.125600000001
2024-08-12,PLTR,29.38,3,1281.72,12552.311199999998
2024-08-13,PLTR,30.39,3,1267.16,12836.330800000002
2024-08-14,PLTR,31.0,3,1268.59,13108.763333333334
2024-08-15,PLTR,31.22,3,1276.4,13283.069333333333
2024-08-16,PLTR,32.08,3,1291.92,13814.931199999999
2024-08-19,PLTR,32.5,3,1286.6,13938.166666666666
2024-08-20,PLTR,32.32,3,1290.0,13897.6
2024-08-21,PLTR,32.54,3,1286.47,13953.911266666668
2024-08-22,PLTR,31.92,3,1285.52,13677.9328
2024-08-23,PLTR,31.78,3,1286.0,13623.026666666667
2024-08-26,PLTR,30.85,3,1289.88,13264.266000000001
2024-08-27,PLTR,30.84,3,1293.71,13299.3388
2024-08-28,PLTR,30.36,3,1292.68,13081.921600000001
2024-08-29,PLTR,31.0,3,1289.04,13320.08
2024-08-30,PLTR,31.48,3,1298.81,13628.846266666667
2024-09-03,PLTR,30.51,3,1302.9,13250.493000000002
2024-09-04,PLTR,30.59,3,1293.76,13192.039466666667
2024-09-05,PLTR,30.16,3,1271.6,12783.818666666666
2024-09-06,PLTR,30.33,3,1258.08,12719.188799999998
2024-09-09,PLTR,34.6,3,1245.65,14366.496666666668
2024-09-10,PLTR,34.76,3,1249.13,14473.252933333335
2024-09-11,PLTR,34.85,3,1245.08,14463.679333333333
2024-09-12,PLTR,34.91,3,1260.0,14662.199999999999
2024-09-13,PLTR,35.59,3,1253.33,14868.671566666666
2024-09-16,PLTR,36.31,3,1244.8,15066.229333333335
2024-09-17,PLTR,36.45,3,1241.3,15081.795
2024-09-18,PLTR,36.38,3,1233.45,14957.637000000002
2024-09-19,PLTR,36.83,3,1217.79,14950.401899999999
2024-09-20,PLTR,37.2,3,1219.64,15123.536000000002
2024-09-23,PLTR,37.95,3,1226.82,15519.273000000001
2024-09-24,PLTR,36.9,3,1223.19,15045.237000000001
2024-09-25,PLTR,37.12,3,1228.13,15196.061866666669
2024-09-26,PLTR,37.1,3,1227.24,15176.868
2024-09-27,PLTR,36.84,3,1232.76,15138.292800000001
2024-09-30,PLTR,37.2,3,1243.74,15422.376000000002
2024-10-01,PLTR,36.46,3,1246.34,15147.185466666668
2024-10-02,PLTR,37.49,3,1233.98,15420.636733333335
2024-10-03,PLTR,39.24,3,1231.92,16113.5136
2024-10-04,PLTR,40.01,3,1225.59,16345.285299999998
2024-10-07,PLTR,38.89,3,1217.21,15779.098966666666
2024-10-08,PLTR,41.45,3,1210.61,16726.594833333333
2024-10-09,PLTR,43.13,3,1191.25,17126.204166666666
2024-10-10,PLTR,43.52,3,1176.9,17072.896000000004
2024-10-11,PLTR,43.51,3,1176.9,17068.973
2024-10-14,PLTR,43.4,3,1181.76,17096.128
2024-10-15,PLTR,42.43,3,1179.98,16688.850466666667
2024-10-16,PLTR,41.93,3,1190.31,16636.5661
2024-10-17,PLTR,42.0,3,1180.0,16520.0
2024-10-18,PLTR,42.97,3,1195.0,17116.383333333335
2024-10-21,PLTR,42.7,3,1195.1,17010.256666666664
2024-10-22,PLTR,42.94,3,1195.1,17105.864666666665
2024-10-23,PLTR,42.59,3,1183.65,16803.884500000004
2024-10-24,PLTR,43.56,3,1179.42,17125.1784
2024-10-25,PLTR,44.86,3,1163.7,17401.194
2024-10-28,PLTR,44.97,3,1154.94,17312.5506
2024-10-29,PLTR,44.93,3,1155.43,17304.489966666668
2024-10-30,PLTR,43.69,3,1158.6,16873.077999999998
2024-10-31,PLTR,41.56,3,1157.94,16041.328800000001
2024-11-01,PLTR,41.92,3,1176.74,16442.98026666667
2024-11-04,PLTR,41.41,3,1176.85,16244.452833333331
2024-11-05,PLTR,51.13,3,1181.73,20140.618300000002
2024-11-06,PLTR,55.53,3,1167.58,21611.905799999997
2024-11-07,PLTR,55.88,3,1166.35,21725.212666666666
2024-11-08,PLTR,58.39,3,1159.65,22570.654500000004
2024-11-11,PLTR,60.24,3,1162.01,23333.1608
2024-11-12,PLTR,59.85,3,1164.95,23240.752500000002
2024-11-13,PLTR,60.7,3,1156.75,23404.908333333336
2024-11-14,PLTR,59.18,3,1157.07,22825.1342
2024-11-15,PLTR,65.77,3,1134.15,24864.348500000004
2024-11-18,PLTR,61.26,3,1134.15,23159.343000000004
2024-11-19,PLTR,62.98,3,1104.41,23185.24726666667
2024-11-20,PLTR,62.12,3,1111.29,23011.1116
2024-11-21,PLTR,61.36,3,1111.59,22735.7208
2024-11-22,PLTR,64.35,3,1106.85,23741.932499999995
2024-11-25,PLTR,64.65,3,1104.77,23807.7935
2024-11-26,PLTR,65.74,3,1107.67,24272.741933333335
2024-11-27,PLTR,66.05,3,1105.85,24347.13083333333
2024-11-29,PLTR,67.08,3,1109.94,24818.258400000002
2024-12-02,PLTR,66.39,3,1099.42,24330.164600000004
2024-12-03,PLTR,70.96,3,1107.92,26206.001066666664
2024-12-04,PLTR,69.85,3,1101.11,25637.511166666663
2024-12-05,PLTR,71.87,3,1088.68,26081.14386666667
2024-12-06,PLTR,76.34,3,1075.48,27367.38106666667
2024-12-09,PLTR,72.46,3,1072.28,25899.136266666665
2024-12-10,PLTR,70.89,3,1074.95,25401.068500000005
2024-12-11,PLTR,72.51,3,1071.6,25900.572
2024-12-12,PLTR,73.2,3,1067.12,26037.728
2024-12-13,PLTR,76.07,3,1095.31,27773.410566666662
2024-12-16,PLTR,75.75,3,1119.1,28257.274999999998
2024-12-17,PLTR,74.39,3,1151.42,28551.377933333337
2024-12-18,PLTR,71.51,3,1163.48,27733.484933333337
2024-12-19,PLTR,74.21,3,1160.93,28717.53843333333
2024-12-20,PLTR,80.55,3,1167.07,31335.829499999996
2024-12-23,PLTR,80.69,3,1166.24,31367.968533333333
2024-12-24,PLTR,82.38,3,1173.62,32227.605199999995
2024-12-26,PLTR,82.14,3,1188.67,32545.784600000003
2024-12-27,PLTR,79.08,3,1182.95,31182.562
2024-12-30,PLTR,77.18,3,1186.93,30535.752466666672
2024-01-02,PEP,164.27,3,996.61,54571.041566666674
2024-01-03,PEP,164.31,3,1048.82,57443.871399999996
2024-01-04,PEP,162.91,3,1090.91,59240.04936666667
2024-01-05,PEP,160.5,3,1140.44,61013.54
2024-01-08,PEP,160.66,3,1201.55,64347.007666666665
2024-01-09,PEP,158.82,3,1193.5,63183.88999999999
2024-01-10,PEP,158.58,3,1182.72,62518.57920000001
2024-01-11,PEP,157.83,3,1148.09,60401.0149
2024-01-12,PEP,158.92,3,1136.65,60212.13933333333
2024-01-16,PEP,157.87,3,1213.74,63871.0446
2024-01-17,PEP,158.13,3,1273.34,67117.7514
2024-01-18,PEP,158.82,3,1282.58,67899.7852
2024-01-19,PEP,157.5,3,1306.16,68573.40000000001
2024-01-22,PEP,156.86,3,1312.49,68625.72713333335
2024-01-23,PEP,159.27,3,1285.71,68258.3439
2024-01-24,PEP,157.33,3,1304.7,68422.81700000001
2024-01-25,PEP,158.24,3,1281.95,67618.58933333334
2024-01-26,PEP,159.48,3,1231.09,65444.744399999996
2024-01-29,PEP,159.75,3,1263.18,67264.335
2024-01-30,PEP,161.15,3,1269.37,68186.32516666666
2024-01-31,PEP,160.11,3,1248.95,66656.4615
2024-02-01,PEP,163.12,3,1280.42,69620.70346666667
2024-02-02,PEP,162.43,3,1288.36,69756.10493333334
2024-02-05,PEP,162.38,3,1294.93,70090.24446666667
2024-02-06,PEP,162.86,3,1249.42,67826.84706666668
2024-02-07,PEP,162.91,3,1263.67,68621.49323333333
2024-02-08,PEP,165.17,3,1246.57,68631.98896666666
2024-02-09,PEP,159.3,3,1229.01,65260.431000000004
2024-02-12,PEP,162.09,3,1229.01,66403.4103
2024-02-13,PEP,160.45,3,1229.01,65731.55149999999
2024-02-14,PEP,159.15,3,1174.95,62331.0975
2024-02-15,PEP,159.48,3,1153.96,61344.5136
2024-02-16,PEP,158.01,3,1112.9,58616.443
2024-02-20,PEP,160.23,3,1130.07,60357.0387
2024-02-21,PEP,160.4,3,1114.22,59573.62933333334
2024-02-22,PEP,159.85,3,1094.85,58337.2575
2024-02-23,PEP,161.13,3,1114.71,59871.0741
2024-02-26,PEP,159.86,3,1098.25,58522.08166666667
2024-02-27,PEP,159.76,3,1087.26,57900.21919999999
2024-02-28,PEP,158.69,3,1072.1,56710.516333333326
2024-02-29,PEP,158.28,3,1071.73,56544.4748
2024-03-01,PEP,157.56,3,1089.95,57244.174
2024-03-04,PEP,158.31,3,1065.88,56246.4876
2024-03-05,PEP,155.12,3,1042.21,53889.20506666667
2024-03-06,PEP,156.04,3,1022.5,53183.63333333333
2024-03-07,PEP,156.15,3,1029.27,53573.5035
2024-03-08,PEP,156.09,3,1048.98,54578.4294
2024-03-11,PEP,157.7,3,1021.75,53709.99166666666
2024-03-12,PEP,157.51,3,1067.23,56033.132433333325
2024-03-13,PEP,158.24,3,1053.42,55564.39360000001
2024-03-14,PEP,157.74,3,1060.45,55758.46100000001
2024-03-15,PEP,157.63,3,1067.97,56114.703700000005
2024-03-18,PEP,163.95,3,1080.99,59076.1035
2024-03-19,PEP,164.46,3,1083.6,59402.952
2024-03-20,PEP,164.52,3,1097.82,60204.448800000006
2024-03-21,PEP,165.09,3,1099.02,60479.0706
2024-03-22,PEP,164.68,3,1096.17,60172.425200000005
2024-03-25,PEP,165.23,3,1079.64,59462.9724
2024-03-26,PEP,165.36,3,1101.71,60726.25520000001
2024-03-27,PEP,166.16,3,1085.7,60133.304000000004
2024-03-28,PEP,167.54,3,1085.7,60632.725999999995
2024-04-01,PEP,165.59,3,1085.7,59927.02100000001
2024-04-02,PEP,164.12,3,1085.7,59395.028
2024-04-03,PEP,162.44,3,1069.53,57911.484399999994
2024-04-04,PEP,162.41,3,1057.04,57224.62213333333
2024-04-05,PEP,161.92,3,1048.61,56596.97706666665
2024-04-08,PEP,162.34,3,1034.67,55989.44260000001
2024-04-09,PEP,163.33,3,1046.55,56977.6705
2024-04-10,PEP,161.74,3,1045.49,56365.850866666675
2024-04-11,PEP,161.17,3,1048.9,56350.40433333333
2024-04-12,PEP,160.92,3,1047.36,56180.3904
2024-04-15,PEP,159.82,3,1074.13,57222.48553333333
2024-04-16,PEP,160.35,3,1075.44,57482.268000000004
2024-04-17,PEP,162.24,3,1062.34,57451.3472
2024-04-18,PEP,164.91,3,1065.74,58583.7278
2024-04-19,PEP,166.7,3,1068.81,59390.208999999995
2024-04-22,PEP,168.93,3,1058.46,59601.882600000004
2024-04-23,PEP,163.91,3,1051.95,57475.0415
2024-04-24,PEP,169.84,3,1053.98,59669.321066666664
2024-04-25,PEP,169.14,3,1081.23,60959.74739999999
2024-04-26,PEP,168.08,3,1085.07,60792.8552
2024-04-29,PEP,168.62,3,1090.83,61311.91819999999
2024-04-30,PEP,168.4,3,1091.95,61294.793333333335
2024-05-01,PEP,167.67,3,1091.95,61029.085499999994
2024-05-02,PEP,167.96,3,1120.38,62726.34160000001
2024-05-03,PEP,168.63,3,1121.12,63018.15519999999
2024-05-06,PEP,168.31,3,1108.66,62199.52153333334
2024-05-07,PEP,170.42,3,1094.7,62186.258
2024-05-08,PEP,169.84,3,1076.45,60941.42266666667
2024-05-09,PEP,170.46,3,1083.85,61584.356999999996
2024-05-10,PEP,172.11,3,1078.41,61868.381700000005
2024-05-13,PEP,173.18,3,1075.73,62098.30713333334
2024-05-14,PEP,172.19,3,1084.51,62247.25896666667
2024-05-15,PEP,171.8,3,1092.63,62571.27800000001
2024-05-16,PEP,175.29,3,1099.3,64232.098999999995
2024-05-17,PEP,174.41,3,1104.04,64185.205466666666
2024-05-20,PEP,172.61,3,1142.72,65748.29973333333
2024-05-21,PEP,173.35,3,1196.31,69126.77949999999
2024-05-22,PEP,174.32,3,1256.19,72993.01359999999
2024-05-23,PEP,171.62,3,1256.24,71865.30293333334
2024-05-24,PEP,170.39,3,1234.76,70130.25213333333
2024-05-28,PEP,165.98,3,1233.95,68270.34033333334
2024-05-29,PEP,163.84,3,1214.34,66319.1552
2024-05-30,PEP,163.2,3,1213.09,65992.09599999999
2024-05-31,PEP,165.52,3,1247.42,68824.31946666668
2024-06-03,PEP,163.92,3,1297.47,70893.7608
2024-06-04,PEP,166.47,3,1311.19,72757.93310000001
2024-06-05,PEP,166.08,3,1304.36,72209.36959999999
2024-06-06,PEP,165.81,3,1296.88,71678.55760000001
2024-06-07,PEP,165.03,3,1313.02,72229.2302
2024-06-10,PEP,160.07,3,1307.44,69760.64026666667
2024-06-11,PEP,159.27,3,1305.74,69321.7366
2024-06-12,PEP,158.07,3,1301.69,68586.04609999999
2024-06-13,PEP,157.59,3,1274.41,66944.75730000001
2024-06-14,PEP,158.05,3,1267.39,66770.32983333334
2024-06-17,PEP,160.3,3,1267.39,67720.87233333335
2024-06-18,PEP,160.63,3,1263.97,67677.16703333333
2024-06-20,PEP,160.82,3,1263.97,67757.21846666666
2024-06-21,PEP,161.4,3,1263.97,68001.586
2024-06-24,PEP,162.17,3,1313.9,71025.05433333333
2024-06-25,PEP,161.47,3,1312.66,70651.73673333334
2024-06-26,PEP,160.88,3,1341.33,71931.05679999999
2024-06-27,PEP,160.42,3,1345.17,71930.72379999999
2024-06-28,PEP,159.13,3,1350.08,71612.74346666665
2024-07-01,PEP,157.16,3,1412.26,73983.59386666666
2024-07-02,PEP,157.83,3,1428.27,75141.2847
2024-07-03,PEP,156.89,3,1394.4,72922.472
2024-07-05,PEP,158.61,3,1391.94,73591.8678
2024-07-08,PEP,156.42,3,1386.59,72296.80259999998
2024-07-09,PEP,156.21,3,1386.59,72199.74130000001
2024-07-10,PEP,157.84,3,1390.66,73167.25813333334
2024-07-11,PEP,158.19,3,1414.42,74582.3666
2024-07-12,PEP,160.53,3,1428.57,76442.78069999999
2024-07-15,PEP,158.1,3,1306.97,68877.319
2024-07-16,PEP,158.97,3,1285.59,68123.4141
2024-07-17,PEP,163.92,3,1309.23,71536.3272
2024-07-18,PEP,164.38,3,1332.64,73019.78773333335
2024-07-19,PEP,163.41,3,1328.69,72373.7443
2024-07-22,PEP,161.77,3,1329.71,71702.39556666667
2024-07-23,PEP,160.44,3,1337.36,71522.0128
2024-07-24,PEP,162.26,3,1335.28,72220.84426666667
2024-07-25,PEP,165.01,3,1330.03,73156.08343333333
2024-07-26,PEP,166.68,3,1318.05,73230.858
2024-07-29,PEP,167.12,3,1294.33,72102.80986666666
2024-07-30,PEP,167.09,3,1265.14,70464.08086666667
2024-07-31,PEP,166.6,3,1284.84,71351.44799999999
2024-08-01,PEP,168.81,3,1302.24,73277.0448
2024-08-02,PEP,171.78,3,1321.58,75673.67079999999
2024-08-05,PEP,167.92,3,1338.11,74898.47706666666
2024-08-06,PEP,166.43,3,1340.93,74390.32663333333
2024-08-07,PEP,165.75,3,1327.42,73339.955
2024-08-08,PEP,166.31,3,1311.29,72693.54663333333
2024-08-09,PEP,166.33,3,1297.68,71947.7048
2024-08-12,PEP,165.4,3,1281.72,70665.496
2024-08-13,PEP,166.31,3,1267.16,70247.12653333334
2024-08-14,PEP,167.6,3,1268.59,70871.89466666666
2024-08-15,PEP,166.46,3,1276.4,70823.18133333334
2024-08-16,PEP,166.55,3,1291.92,71723.092
2024-08-19,PEP,167.71,3,1286.6,71925.22866666666
2024-08-20,PEP,169.67,3,1290.0,72958.09999999999
2024-08-21,PEP,169.05,3,1286.47,72492.58450000001
2024-08-22,PEP,169.56,3,1285.52,72657.5904
2024-08-23,PEP,169.69,3,1286.0,72740.44666666667
2024-08-26,PEP,169.79,3,1289.88,73002.9084
2024-08-27,PEP,169.14,3,1293.71,72939.3698
2024-08-28,PEP,167.81,3,1292.68,72308.21026666668
2024-08-29,PEP,166.04,3,1289.04,71344.06719999999
2024-08-30,PEP,166.8,3,1298.81,72213.836
2024-09-03,PEP,171.3,3,1302.9,74395.59000000001
2024-09-04,PEP,172.25,3,1293.76,74283.38666666667
2024-09-05,PEP,173.0,3,1271.6,73328.93333333333
2024-09-06,PEP,172.41,3,1258.08,72301.8576
2024-09-09,PEP,173.24,3,1245.65,71932.13533333334
2024-09-10,PEP,172.87,3,1249.13,71979.03436666667
2024-09-11,PEP,170.89,3,1245.08,70923.90706666665
2024-09-12,PEP,172.32,3,1260.0,72374.4
2024-09-13,PEP,172.43,3,1253.33,72037.23063333334
2024-09-16,PEP,172.28,3,1244.8,71484.71466666667
2024-09-17,PEP,171.95,3,1241.3,71147.17833333333
2024-09-18,PEP,170.34,3,1233.45,70035.29100000001
2024-09-19,PEP,169.8,3,1217.79,68926.914
2024-09-20,PEP,166.42,3,1219.64,67657.49626666667
2024-09-23,PEP,167.33,3,1226.82,68427.9302
2024-09-24,PEP,165.2,3,1223.19,67356.996
2024-09-25,PEP,164.69,3,1228.13,67420.24323333334
2024-09-26,PEP,164.97,3,1227.24,67485.9276
2024-09-27,PEP,165.27,3,1232.76,67912.7484
2024-09-30,PEP,165.32,3,1243.74,68538.3656
2024-10-01,PEP,166.62,3,1246.34,69221.7236
2024-10-02,PEP,164.84,3,1233.98,67803.08773333333
2024-10-03,PEP,163.84,3,1231.92,67279.2576
2024-10-04,PEP,163.3,3,1225.59,66712.94900000001
2024-10-07,PEP,162.56,3,1217.21,65956.55253333334
2024-10-08,PEP,165.68,3,1210.61,66857.95493333333
2024-10-09,PEP,167.74,3,1191.25,66606.75833333335
2024-10-10,PEP,168.18,3,1176.9,65977.01400000001
2024-10-11,PEP,169.95,3,1176.9,66671.385
2024-10-14,PEP,171.2,3,1181.76,67439.10399999999
2024-10-15,PEP,171.01,3,1179.98,67262.79326666666
2024-10-16,PEP,169.63,3,1190.31,67304.09509999999
2024-10-17,PEP,169.81,3,1180.0,66791.93333333333
2024-10-18,PEP,170.19,3,1195.0,67792.34999999999
2024-10-21,PEP,170.14,3,1195.1,67778.10466666665
2024-10-22,PEP,169.52,3,1195.1,67531.11733333333
2024-10-23,PEP,168.14,3,1183.65,66339.637
2024-10-24,PEP,167.37,3,1179.42,65799.84180000001
2024-10-25,PEP,167.01,3,1163.7,64783.179000000004
2024-10-28,PEP,165.12,3,1154.94,63567.897600000004
2024-10-29,PEP,162.84,3,1155.43,62716.7404
2024-10-30,PEP,161.59,3,1158.6,62406.058
2024-10-31,PEP,161.46,3,1157.94,62320.3308
2024-11-01,PEP,160.99,3,1176.74,63147.79086666667
2024-11-04,PEP,161.72,3,1176.85,63440.06066666666
2024-11-05,PEP,163.18,3,1181.73,64278.23380000001
2024-11-06,PEP,160.13,3,1167.58,62321.52846666666
2024-11-07,PEP,159.44,3,1166.35,61987.61466666666
2024-11-08,PEP,160.52,3,1159.65,62049.006000000016
2024-11-11,PEP,159.69,3,1162.01,61853.7923
2024-11-12,PEP,159.77,3,1164.95,62041.353833333334
2024-11-13,PEP,160.16,3,1156.75,61755.026666666665
2024-11-14,PEP,160.56,3,1157.07,61926.386399999996
2024-11-15,PEP,154.21,3,1134.15,58299.09050000001
2024-11-18,PEP,153.93,3,1134.15,58193.236500000006
2024-11-19,PEP,152.36,3,1104.41,56089.30253333334
2024-11-20,PEP,154.33,3,1111.29,57168.4619
2024-11-21,PEP,155.88,3,1111.59,57758.2164
2024-11-22,PEP,157.5,3,1106.85,58109.625
2024-11-25,PEP,158.52,3,1104.77,58376.046800000004
2024-11-26,PEP,157.65,3,1107.67,58208.05850000001
2024-11-27,PEP,158.2,3,1105.85,58315.156666666655
2024-11-29,PEP,158.91,3,1109.94,58793.521799999995
2024-12-02,PEP,158.52,3,1099.42,58093.3528
2024-12-03,PEP,157.2,3,1107.92,58055.008
2024-12-04,PEP,155.73,3,1101.11,57158.62009999999
2024-12-05,PEP,156.03,3,1088.68,56622.2468
2024-12-06,PEP,154.71,3,1075.48,55462.503600000004
2024-12-09,PEP,156.36,3,1072.28,55887.23360000001
2024-12-10,PEP,156.72,3,1074.95,56155.388000000006
2024-12-11,PEP,153.71,3,1071.6,54905.212
2024-12-12,PEP,155.8,3,1067.12,55419.098666666665
2024-12-13,PEP,154.89,3,1095.31,56550.855299999996
2024-12-16,PEP,152.97,3,1119.1,57062.90899999999
2024-12-17,PEP,153.09,3,1151.42,58756.962600000006
2024-12-18,PEP,151.42,3,1163.48,58724.713866666665
2024-12-19,PEP,148.51,3,1160.93,57469.90476666667
2024-12-20,PEP,149.81,3,1167.07,58279.58556666667
2024-12-23,PEP,148.34,3,1166.24,57666.68053333333
2024-12-24,PEP,149.83,3,1173.62,58614.49486666667
2024-12-26,PEP,149.46,3,1188.67,59219.53940000001
2024-12-27,PEP,149.91,3,1182.95,59112.0115
2024-12-30,PEP,148.76,3,1186.93,58855.902266666664
2024-01-02,GGAL,15.66,10,996.61,1560.69126
2024-01-03,GGAL,15.5,10,1048.82,1625.6709999999998
2024-01-04,GGAL,15.0,10,1090.91,1636.3650000000002
2024-01-05,GGAL,15.23,10,1140.44,1736.89012
2024-01-08,GGAL,15.33,10,1201.55,1841.97615
2024-01-09,GGAL,14.3,10,1193.5,1706.705
2024-01-10,GGAL,14.86,10,1182.72,1757.52192
2024-01-11,GGAL,14.57,10,1148.09,1672.7671299999997
2024-01-12,GGAL,14.76,10,1136.65,1677.6954
2024-01-16,GGAL,14.48,10,1213.74,1757.49552
2024-01-17,GGAL,15.01,10,1273.34,1911.28334
2024-01-18,GGAL,15.39,10,1282.58,1973.8906200000001
2024-01-19,GGAL,15.87,10,1306.16,2072.87592
2024-01-22,GGAL,16.79,10,1312.49,2203.67071
2024-01-23,GGAL,16.98,10,1285.71,2183.13558
2024-01-24,GGAL,17.55,10,1304.7,2289.7485
2024-01-25,GGAL,18.76,10,1281.95,2404.9382
2024-01-26,GGAL,19.65,10,1231.09,2419.09185
2024-01-29,GGAL,19.65,10,1263.18,2482.1487
2024-01-30,GGAL,19.85,10,1269.37,2519.69945
2024-01-31,GGAL,19.96,10,1248.95,2492.9042
2024-02-01,GGAL,20.16,10,1280.42,2581.32672
2024-02-02,GGAL,20.22,10,1288.36,2605.0639199999996
2024-02-05,GGAL,19.18,10,1294.93,2483.67574
2024-02-06,GGAL,19.08,10,1249.42,2383.89336
2024-02-07,GGAL,17.84,10,1263.67,2254.38728
2024-02-08,GGAL,16.76,10,1246.57,2089.2513200000003
2024-02-09,GGAL,17.55,10,1229.01,2156.91255
2024-02-12,GGAL,17.78,10,1229.01,2185.17978
2024-02-13,GGAL,17.89,10,1229.01,2198.69889
2024-02-14,GGAL,18.33,10,1174.95,2153.6833500000002
2024-02-15,GGAL,18.61,10,1153.96,2147.5195599999997
2024-02-16,GGAL,18.99,10,1112.9,2113.3971
2024-02-20,GGAL,19.18,10,1130.07,2167.47426
2024-02-21,GGAL,19.19,10,1114.22,2138.18818
2024-02-22,GGAL,19.86,10,1094.85,2174.3720999999996
2024-02-23,GGAL,20.28,10,1114.71,2260.63188
2024-02-26,GGAL,20.94,10,1098.25,2299.7355000000002
2024-02-27,GGAL,19.96,10,1087.26,2170.1709600000004
2024-02-28,GGAL,20.08,10,1072.1,2152.7767999999996
2024-02-29,GGAL,20.32,10,1071.73,2177.75536
2024-03-01,GGAL,20.58,10,1089.95,2243.1171
2024-03-04,GGAL,20.05,10,1065.88,2137.0894000000003
2024-03-05,GGAL,19.52,10,1042.21,2034.39392
2024-03-06,GGAL,21.11,10,1022.5,2158.4975
2024-03-07,GGAL,21.17,10,1029.27,2178.9645900000005
2024-03-08,GGAL,20.86,10,1048.98,2188.17228
2024-03-11,GGAL,20.11,10,1021.75,2054.7392499999996
2024-03-12,GGAL,21.04,10,1067.23,2245.45192
2024-03-13,GGAL,22.44,10,1053.42,2363.8744800000004
2024-03-14,GGAL,21.57,10,1060.45,2287.3906500000003
2024-03-15,GGAL,22.01,10,1067.97,2350.60197
2024-03-18,GGAL,22.88,10,1080.99,2473.30512
2024-03-19,GGAL,22.5,10,1083.6,2438.0999999999995
2024-03-20,GGAL,23.4,10,1097.82,2568.8988
2024-03-21,GGAL,23.97,10,1099.02,2634.35094
2024-03-22,GGAL,24.08,10,1096.17,2639.57736
2024-03-25,GGAL,24.15,10,1079.64,2607.3306000000002
2024-03-26,GGAL,23.7,10,1101.71,2611.0527
2024-03-27,GGAL,24.15,10,1085.7,2621.9655
2024-03-28,GGAL,23.47,10,1085.7,2548.1379
2024-04-01,GGAL,23.82,10,1085.7,2586.1374
2024-04-02,GGAL,23.01,10,1085.7,2498.1957
2024-04-03,GGAL,24.1,10,1069.53,2577.5673
2024-04-04,GGAL,23.82,10,1057.04,2517.86928
2024-04-05,GGAL,25.27,10,1048.61,2649.8374699999995
2024-04-08,GGAL,25.61,10,1034.67,2649.78987
2024-04-09,GGAL,26.47,10,1046.55,2770.21785
2024-04-10,GGAL,26.64,10,1045.49,2785.1853600000004
2024-04-11,GGAL,27.49,10,1048.9,2883.4261
2024-04-12,GGAL,27.34,10,1047.36,2863.48224
2024-04-15,GGAL,25.49,10,1074.13,2737.95737
2024-04-16,GGAL,25.64,10,1075.44,2757.4281600000004
2024-04-17,GGAL,25.56,10,1062.34,2715.34104
2024-04-18,GGAL,25.88,10,1065.74,2758.13512
2024-04-19,GGAL,26.28,10,1068.81,2808.83268
2024-04-22,GGAL,28.64,10,1058.46,3031.4294400000003
2024-04-23,GGAL,28.19,10,1051.95,2965.44705
2024-04-24,GGAL,26.84,10,1053.98,2828.8823199999997
2024-04-25,GGAL,27.23,10,1081.23,2944.1892900000003
2024-04-26,GGAL,28.35,10,1085.07,3076.17345
2024-04-29,GGAL,28.87,10,1090.83,3149.22621
2024-04-30,GGAL,29.95,10,1091.95,3270.39025
2024-05-01,GGAL,29.89,10,1091.95,3263.83855
2024-05-02,GGAL,29.45,10,1120.38,3299.5191
2024-05-03,GGAL,31.69,10,1121.12,3552.8292799999995
2024-05-06,GGAL,33.98,10,1108.66,3767.2266799999998
2024-05-07,GGAL,32.92,10,1094.7,3603.7524000000003
2024-05-08,GGAL,33.29,10,1076.45,3583.50205
2024-05-09,GGAL,32.79,10,1083.85,3553.9441499999994
2024-05-10,GGAL,32.29,10,1078.41,3482.1858899999997
2024-05-13,GGAL,32.0,10,1075.73,3442.3360000000002
2024-05-14,GGAL,32.75,10,1084.51,3551.77025
2024-05-15,GGAL,34.02,10,1092.63,3717.12726
2024-05-16,GGAL,33.81,10,1099.3,3716.7333
2024-05-17,GGAL,33.86,10,1104.04,3738.27944
2024-05-20,GGAL,34.43,10,1142.72,3934.3849600000003
2024-05-21,GGAL,33.41,10,1196.31,3996.8717099999994
2024-05-22,GGAL,31.01,10,1256.19,3895.44519
2024-05-23,GGAL,28.62,10,1256.24,3595.3588800000007
2024-05-24,GGAL,29.98,10,1234.76,3701.81048
2024-05-28,GGAL,30.54,10,1233.95,3768.4833
2024-05-29,GGAL,31.55,10,1214.34,3831.2427
2024-05-30,GGAL,34.06,10,1213.09,4131.78454
2024-05-31,GGAL,33.1,10,1247.42,4128.9602
2024-06-03,GGAL,32.87,10,1297.47,4264.78389
2024-06-04,GGAL,30.69,10,1311.19,4024.042110000001
2024-06-05,GGAL,30.7,10,1304.36,4004.3851999999997
2024-06-06,GGAL,29.1,10,1296.88,3773.920800000001
2024-06-07,GGAL,29.25,10,1313.02,3840.5834999999997
2024-06-10,GGAL,30.81,10,1307.44,4028.22264
2024-06-11,GGAL,29.95,10,1305.74,3910.6913
2024-06-12,GGAL,31.63,10,1301.69,4117.24547
2024-06-13,GGAL,32.81,10,1274.41,4181.33921
2024-06-14,GGAL,32.42,10,1267.39,4108.87838
2024-06-17,GGAL,31.75,10,1267.39,4023.96325
2024-06-18,GGAL,32.46,10,1263.97,4102.84662
2024-06-20,GGAL,30.75,10,1263.97,3886.70775
2024-06-21,GGAL,30.53,10,1263.97,3858.9004100000006
2024-06-24,GGAL,30.66,10,1313.9,4028.4174000000007
2024-06-25,GGAL,31.08,10,1312.66,4079.7472800000005
2024-06-26,GGAL,29.39,10,1341.33,3942.16887
2024-06-27,GGAL,30.13,10,1345.17,4052.99721
2024-06-28,GGAL,29.1,10,1350.08,3928.7328
2024-07-01,GGAL,26.35,10,1412.26,3721.3051
2024-07-02,GGAL,26.77,10,1428.27,3823.4787899999997
2024-07-03,GGAL,27.14,10,1394.4,3784.4016
2024-07-05,GGAL,27.1,10,1391.94,3772.1574
2024-07-08,GGAL,27.17,10,1386.59,3767.36503
2024-07-09,GGAL,27.45,10,1386.59,3806.18955
2024-07-10,GGAL,28.1,10,1390.66,3907.7546
2024-07-11,GGAL,27.61,10,1414.42,3905.21362
2024-07-12,GGAL,27.29,10,1428.57,3898.5675299999994
2024-07-15,GGAL,26.11,10,1306.97,3412.49867
2024-07-16,GGAL,27.24,10,1285.59,3501.9471599999997
2024-07-17,GGAL,26.15,10,1309.23,3423.6364499999995
2024-07-18,GGAL,26.18,10,1332.64,3488.85152
2024-07-19,GGAL,26.86,10,1328.69,3568.8613400000004
2024-07-22,GGAL,26.93,10,1329.71,3580.9090300000003
2024-07-23,GGAL,28.09,10,1337.36,3756.64424
2024-07-24,GGAL,27.31,10,1335.28,3646.64968
2024-07-25,GGAL,27.01,10,1330.03,3592.41103
2024-07-26,GGAL,27.61,10,1318.05,3639.1360499999996
2024-07-29,GGAL,26.89,10,1294.33,3480.45337
2024-07-30,GGAL,26.34,10,1265.14,3332.3787600000005
2024-07-31,GGAL,28.24,10,1284.84,3628.3881599999995
2024-08-01,GGAL,27.65,10,1302.24,3600.6936
2024-08-02,GGAL,25.98,10,1321.58,3433.4648399999996
2024-08-05,GGAL,25.94,10,1338.11,3471.0573400000003
2024-08-06,GGAL,27.34,10,1340.93,3666.10262
2024-08-07,GGAL,27.95,10,1327.42,3710.1389000000004
2024-08-08,GGAL,31.94,10,1311.29,4188.26026
2024-08-09,GGAL,33.37,10,1297.68,4330.35816
2024-08-12,GGAL,33.37,10,1281.72,4277.099639999999
2024-08-13,GGAL,33.54,10,1267.16,4250.05464
2024-08-14,GGAL,34.54,10,1268.59,4381.70986
2024-08-15,GGAL,34.59,10,1276.4,4415.0676
2024-08-16,GGAL,34.28,10,1291.92,4428.701760000001
2024-08-19,GGAL,34.48,10,1286.6,4436.1968
2024-08-20,GGAL,34.59,10,1290.0,4462.110000000001
2024-08-21,GGAL,33.71,10,1286.47,4336.69037
2024-08-22,GGAL,32.96,10,1285.52,4237.073920000001
2024-08-23,GGAL,34.52,10,1286.0,4439.272
2024-08-26,GGAL,33.63,10,1289.88,4337.866440000001
2024-08-27,GGAL,34.77,10,1293.71,4498.229670000001
2024-08-28,GGAL,35.02,10,1292.68,4526.96536
2024-08-29,GGAL,37.5,10,1289.04,4833.9
2024-08-30,GGAL,38.98,10,1298.81,5062.761379999999
2024-09-03,GGAL,40.1,10,1302.9,5224.629000000001
2024-09-04,GGAL,42.04,10,1293.76,5438.9670399999995
2024-09-05,GGAL,41.79,10,1271.6,5314.0163999999995
2024-09-06,GGAL,40.88,10,1258.08,5143.03104
2024-09-09,GGAL,42.09,10,1245.65,5242.940850000001
2024-09-10,GGAL,41.35,10,1249.13,5165.152550000001
2024-09-11,GGAL,42.96,10,1245.08,5348.86368
2024-09-12,GGAL,43.27,10,1260.0,5452.02
2024-09-13,GGAL,44.85,10,1253.33,5621.18505
2024-09-16,GGAL,44.12,10,1244.8,5492.057599999999
2024-09-17,GGAL,44.93,10,1241.3,5577.1609
2024-09-18,GGAL,45.91,10,1233.45,5662.76895
2024-09-19,GGAL,46.88,10,1217.79,5708.99952
2024-09-20,GGAL,46.41,10,1219.64,5660.3492400000005
2024-09-23,GGAL,45.41,10,1226.82,5570.989619999999
2024-09-24,GGAL,44.15,10,1223.19,5400.38385
2024-09-25,GGAL,42.93,10,1228.13,5272.3620900000005
2024-09-26,GGAL,43.0,10,1227.24,5277.132
2024-09-27,GGAL,43.57,10,1232.76,5371.135319999999
2024-09-30,GGAL,41.89,10,1243.74,5210.02686
2024-10-01,GGAL,42.21,10,1246.34,5260.80114
2024-10-02,GGAL,41.74,10,1233.98,5150.632520000001
2024-10-03,GGAL,43.2,10,1231.92,5321.8944
2024-10-04,GGAL,43.28,10,1225.59,5304.35352
2024-10-07,GGAL,42.32,10,1217.21,5151.23272
2024-10-08,GGAL,43.97,10,1210.61,5323.05217
2024-10-09,GGAL,46.36,10,1191.25,5522.635
2024-10-10,GGAL,47.71,10,1176.9,5614.9899000000005
2024-10-11,GGAL,49.53,10,1176.9,5829.1857
2024-10-14,GGAL,49.21,10,1181.76,5815.44096
2024-10-15,GGAL,49.41,10,1179.98,5830.28118
2024-10-16,GGAL,48.61,10,1190.31,5786.096909999999
2024-10-17,GGAL,48.59,10,1180.0,5733.620000000001
2024-10-18,GGAL,50.38,10,1195.0,6020.410000000001
2024-10-21,GGAL,50.39,10,1195.1,6022.108899999999
2024-10-22,GGAL,50.3,10,1195.1,6011.352999999999
2024-10-23,GGAL,49.53,10,1183.65,5862.61845
2024-10-24,GGAL,52.68,10,1179.42,6213.18456
2024-10-25,GGAL,53.63,10,1163.7,6240.923100000001
2024-10-28,GGAL,53.85,10,1154.94,6219.351900000001
2024-10-29,GGAL,53.28,10,1155.43,6156.13104
2024-10-30,GGAL,52.01,10,1158.6,6025.878599999999
2024-10-31,GGAL,52.47,10,1157.94,6075.71118
2024-11-01,GGAL,51.68,10,1176.74,6081.39232
2024-11-04,GGAL,51.5,10,1176.85,6060.777499999999
2024-11-05,GGAL,51.54,10,1181.73,6090.63642
2024-11-06,GGAL,54.68,10,1167.58,6384.327439999999
2024-11-07,GGAL,54.5,10,1166.35,6356.6075
2024-11-08,GGAL,53.56,10,1159.65,6211.085400000001
2024-11-11,GGAL,53.55,10,1162.01,6222.56355
2024-11-12,GGAL,54.49,10,1164.95,6347.812550000001
2024-11-13,GGAL,54.77,10,1156.75,6335.51975
2024-11-14,GGAL,54.45,10,1157.07,6300.24615
2024-11-15,GGAL,56.02,10,1134.15,6353.5083
2024-11-18,GGAL,58.88,10,1134.15,6677.8752
2024-11-19,GGAL,56.76,10,1104.41,6268.63116
2024-11-20,GGAL,57.39,10,1111.29,6377.693310000001
2024-11-21,GGAL,55.66,10,1111.59,6187.109939999999
2024-11-22,GGAL,55.22,10,1106.85,6112.025699999999
2024-11-25,GGAL,55.25,10,1104.77,6103.854249999999
2024-11-26,GGAL,56.46,10,1107.67,6253.904820000001
2024-11-27,GGAL,55.84,10,1105.85,6175.0664
2024-11-29,GGAL,56.17,10,1109.94,6234.532980000001
2024-12-02,GGAL,58.95,10,1099.42,6481.080900000001
2024-12-03,GGAL,57.83,10,1107.92,6407.101360000001
2024-12-04,GGAL,55.85,10,1101.11,6149.69935
2024-12-05,GGAL,57.95,10,1088.68,6308.900600000001
2024-12-06,GGAL,58.64,10,1075.48,6306.61472
2024-12-09,GGAL,58.0,10,1072.28,6219.224
2024-12-10,GGAL,57.67,10,1074.95,6199.236650000001
2024-12-11,GGAL,61.48,10,1071.6,6588.1968
2024-12-12,GGAL,61.29,10,1067.12,6540.378479999999
2024-12-13,GGAL,62.02,10,1095.31,6793.11262
2024-12-16,GGAL,67.44,10,1119.1,7547.210399999999
2024-12-17,GGAL,68.39,10,1151.42,7874.561380000001
2024-12-18,GGAL,63.03,10,1163.48,7333.4144400000005
2024-12-19,GGAL,61.01,10,1160.93,7082.833930000001
2024-12-20,GGAL,63.29,10,1167.07,7386.38603
2024-12-23,GGAL,62.81,10,1166.24,7325.15344
2024-12-24,GGAL,64.56,10,1173.62,7576.89072
2024-12-26,GGAL,64.41,10,1188.67,7656.22347
2024-12-27,GGAL,63.99,10,1182.95,7569.697050000001
2024-12-30,GGAL,62.52,10,1186.93,7420.6863600000015
2024-01-02,HUT,12.6,30,996.61,418.57620000000003
2024-01-03,HUT,12.33,30,1048.82,431.06502
2024-01-04,HUT,12.53,30,1090.91,455.63674333333336
2024-01-05,HUT,11.9,30,1140.44,452.3745333333334
2024-01-08,HUT,12.0,30,1201.55,480.61999999999995
2024-01-09,HUT,11.73,30,1193.5,466.65850000000006
2024-01-10,HUT,12.11,30,1182.72,477.42464
2024-01-11,HUT,11.24,30,1148.09,430.15105333333327
2024-01-12,HUT,9.9,30,1136.65,375.09450000000004
2024-01-16,HUT,9.62,30,1213.74,389.20596
2024-01-17,HUT,9.28,30,1273.34,393.8865066666666
2024-01-18,HUT,7.12,30,1282.58,304.3989866666667
2024-01-19,HUT,6.91,30,1306.16,300.8521866666667
2024-01-22,HUT,6.72,30,1312.49,293.99776
2024-01-23,HUT,6.33,30,1285.71,271.28481
2024-01-24,HUT,6.35,30,1304.7,276.1615
2024-01-25,HUT,7.47,30,1281.95,319.20554999999996
2024-01-26,HUT,8.45,30,1231.09,346.75701666666663
2024-01-29,HUT,8.42,30,1263.18,354.53252
2024-01-30,HUT,7.82,30,1269.37,330.8824466666666
2024-01-31,HUT,7.47,30,1248.95,310.98855
2024-02-01,HUT,7.47,30,1280.42,318.82458
2024-02-02,HUT,7.28,30,1288.36,312.64202666666665
2024-02-05,HUT,6.88,30,1294.93,296.97061333333335
2024-02-06,HUT,6.88,30,1249.42,286.53365333333335
2024-02-07,HUT,6.77,30,1263.67,285.16819666666663
2024-02-08,HUT,7.47,30,1246.57,310.39592999999996
2024-02-09,HUT,8.35,30,1229.01,342.07445
2024-02-12,HUT,9.06,30,1229.01,371.16102000000006
2024-02-13,HUT,8.53,30,1229.01,349.44851
2024-02-14,HUT,10.23,30,1174.95,400.65795
2024-02-15,HUT,9.97,30,1153.96,383.4993733333334
2024-02-16,HUT,10.08,30,1112.9,373.93440000000004
2024-02-20,HUT,9.43,30,1130.07,355.21867
2024-02-21,HUT,8.74,30,1114.22,324.6094266666667
2024-02-22,HUT,8.27,30,1094.85,301.81364999999994
2024-02-23,HUT,7.82,30,1114.71,290.5677400000001
2024-02-26,HUT,9.22,30,1098.25,337.5288333333334
2024-02-27,HUT,9.29,30,1087.26,336.68818
2024-02-28,HUT,8.73,30,1072.1,311.98109999999997
2024-02-29,HUT,8.49,30,1071.73,303.29958999999997
2024-03-01,HUT,8.92,30,1089.95,324.0784666666667
2024-03-04,HUT,8.36,30,1065.88,297.0252266666667
2024-03-05,HUT,7.52,30,1042.21,261.2473066666667
2024-03-06,HUT,7.87,30,1022.5,268.23583333333335
2024-03-07,HUT,7.72,30,1029.27,264.86548
2024-03-08,HUT,7.93,30,1048.98,277.28038
2024-03-11,HUT,7.08,30,1021.75,241.13299999999998
2024-03-12,HUT,7.13,30,1067.23,253.64499666666669
2024-03-13,HUT,7.73,30,1053.42,271.43122000000005
2024-03-14,HUT,7.24,30,1060.45,255.92193333333336
2024-03-15,HUT,7.54,30,1067.97,268.41646000000003
2024-03-18,HUT,7.79,30,1080.99,280.69707
2024-03-19,HUT,8.05,30,1083.6,290.76599999999996
2024-03-20,HUT,9.08,30,1097.82,332.27351999999996
2024-03-21,HUT,8.88,30,1099.02,325.30992
2024-03-22,HUT,8.72,30,1096.17,318.62008000000003
2024-03-25,HUT,9.4,30,1079.64,338.28720000000004
2024-03-26,HUT,9.88,30,1101.71,362.82982666666675
2024-03-27,HUT,9.86,30,1085.7,356.83340000000004
2024-03-28,HUT,11.04,30,1085.7,399.53759999999994
2024-04-01,HUT,10.82,30,1085.7,391.5758
2024-04-02,HUT,9.38,30,1085.7,339.46220000000005
2024-04-03,HUT,9.69,30,1069.53,345.45819
2024-04-04,HUT,9.69,30,1057.04,341.42392
2024-04-05,HUT,8.98,30,1048.61,313.88392666666664
2024-04-08,HUT,9.0,30,1034.67,310.401
2024-04-09,HUT,8.62,30,1046.55,300.70869999999996
2024-04-10,HUT,8.53,30,1045.49,297.26765666666665
2024-04-11,HUT,8.11,30,1048.9,283.55263333333335
2024-04-12,HUT,7.72,30,1047.36,269.52063999999996
2024-04-15,HUT,7.24,30,1074.13,259.22337333333337
2024-04-16,HUT,7.24,30,1075.44,259.53952000000004
2024-04-17,HUT,7.44,30,1062.34,263.46031999999997
2024-04-18,HUT,7.88,30,1065.74,279.9343733333333
2024-04-19,HUT,8.05,30,1068.81,286.79735
2024-04-22,HUT,9.22,30,1058.46,325.30004
2024-04-23,HUT,9.63,30,1051.95,337.67595000000006
2024-04-24,HUT,8.98,30,1053.98,315.4913466666667
2024-04-25,HUT,8.86,30,1081.23,319.32326
2024-04-26,HUT,8.81,30,1085.07,318.64889000000005
2024-04-29,HUT,8.34,30,1090.83,303.25074
2024-04-30,HUT,7.86,30,1091.95,286.09090000000003
2024-05-01,HUT,7.99,30,1091.95,290.8226833333334
2024-05-02,HUT,8.16,30,1120.38,304.74336000000005
2024-05-03,HUT,8.27,30,1121.12,309.0554133333333
2024-05-06,HUT,8.85,30,1108.66,327.05469999999997
2024-05-07,HUT,8.19,30,1094.7,298.8531
2024-05-08,HUT,8.19,30,1076.45,293.87085
2024-05-09,HUT,8.15,30,1083.85,294.4459166666667
2024-05-10,HUT,7.99,30,1078.41,287.21653000000003
2024-05-13,HUT,7.87,30,1075.73,282.19983666666667
2024-05-14,HUT,7.79,30,1084.51,281.61109666666664
2024-05-15,HUT,8.83,30,1092.63,321.59743000000003
2024-05-16,HUT,8.92,30,1099.3,326.8585333333333
2024-05-17,HUT,9.16,30,1104.04,337.10021333333333
2024-05-20,HUT,9.95,30,1142.72,379.00213333333335
2024-05-21,HUT,9.7,30,1196.31,386.8068999999999
2024-05-22,HUT,9.85,30,1256.19,412.44905
2024-05-23,HUT,8.86,30,1256.24,371.0095466666666
2024-05-24,HUT,9.28,30,1234.76,381.95242666666667
2024-05-28,HUT,9.2,30,1233.95,378.41133333333335
2024-05-29,HUT,8.92,30,1214.34,361.06376
2024-05-30,HUT,8.99,30,1213.09,363.52263666666664
2024-05-31,HUT,8.69,30,1247.42,361.3359933333333
2024-06-03,HUT,8.96,30,1297.47,387.51104000000004
2024-06-04,HUT,9.56,30,1311.19,417.8325466666667
2024-06-05,HUT,10.04,30,1304.36,436.5258133333333
2024-06-06,HUT,10.47,30,1296.88,452.6111200000001
2024-06-07,HUT,9.68,30,1313.02,423.66778666666664
2024-06-10,HUT,9.85,30,1307.44,429.27613333333335
2024-06-11,HUT,9.93,30,1305.74,432.19994
2024-06-12,HUT,10.93,30,1301.69,474.24905666666666
2024-06-13,HUT,11.51,30,1274.41,488.9486366666667
2024-06-14,HUT,11.28,30,1267.39,476.53864
2024-06-17,HUT,12.24,30,1267.39,517.0951200000001
2024-06-18,HUT,11.96,30,1263.97,503.9027066666667
2024-06-20,HUT,13.01,30,1263.97,548.1416566666667
2024-06-21,HUT,12.35,30,1263.97,520.3343166666667
2024-06-24,HUT,12.53,30,1313.9,548.7722333333334
2024-06-25,HUT,14.62,30,1312.66,639.7029733333333
2024-06-26,HUT,15.32,30,1341.33,684.9725199999999
2024-06-27,HUT,15.2,30,1345.17,681.5527999999999
2024-06-28,HUT,14.99,30,1350.08,674.5899733333333
2024-07-01,HUT,15.25,30,1412.26,717.8988333333333
2024-07-02,HUT,15.67,30,1428.27,746.03303
2024-07-03,HUT,16.16,30,1394.4,751.1168
2024-07-05,HUT,16.49,30,1391.94,765.10302
2024-07-08,HUT,17.48,30,1386.59,807.9197733333333
2024-07-09,HUT,16.03,30,1386.59,740.9012566666667
2024-07-10,HUT,15.24,30,1390.66,706.45528
2024-07-11,HUT,14.92,30,1414.42,703.4382133333334
2024-07-12,HUT,16.96,30,1428.57,807.61824
2024-07-15,HUT,20.0,30,1306.97,871.3133333333334
2024-07-16,HUT,20.93,30,1285.59,896.91329
2024-07-17,HUT,19.73,30,1309.23,861.0369300000001
2024-07-18,HUT,18.13,30,1332.64,805.3587733333334
2024-07-19,HUT,19.52,30,1328.69,864.5342933333334
2024-07-22,HUT,20.26,30,1329.71,897.9974866666668
2024-07-23,HUT,19.9,30,1337.36,887.1154666666665
2024-07-24,HUT,18.02,30,1335.28,802.0581866666666
2024-07-25,HUT,14.79,30,1330.03,655.7047899999999
2024-07-26,HUT,15.17,30,1318.05,666.4939499999999
2024-07-29,HUT,14.83,30,1294.33,639.8304633333333
2024-07-30,HUT,13.97,30,1265.14,589.1335266666667
2024-07-31,HUT,14.64,30,1284.84,627.00192
2024-08-01,HUT,13.9,30,1302.24,603.3712
2024-08-02,HUT,12.4,30,1321.58,546.2530666666667
2024-08-05,HUT,11.59,30,1338.11,516.9564966666666
2024-08-06,HUT,12.31,30,1340.93,550.2282766666667
2024-08-07,HUT,11.13,30,1327.42,492.47282000000007
2024-08-08,HUT,12.42,30,1311.29,542.87406
2024-08-09,HUT,11.97,30,1297.68,517.7743200000001
2024-08-12,HUT,11.39,30,1281.72,486.62636000000003
2024-08-13,HUT,10.96,30,1267.16,462.93578666666673
2024-08-14,HUT,10.97,30,1268.59,463.8810766666667
2024-08-15,HUT,11.65,30,1276.4,495.6686666666667
2024-08-16,HUT,11.54,30,1291.92,496.95856
2024-08-19,HUT,12.22,30,1286.6,524.0750666666667
2024-08-20,HUT,11.56,30,1290.0,497.08000000000004
2024-08-21,HUT,12.19,30,1286.47,522.7356433333333
2024-08-22,HUT,11.45,30,1285.52,490.6401333333333
2024-08-23,HUT,12.57,30,1286.0,538.8340000000001
2024-08-26,HUT,12.08,30,1289.88,519.3916800000001
2024-08-27,HUT,11.24,30,1293.71,484.71001333333334
2024-08-28,HUT,10.34,30,1292.68,445.54370666666665
2024-08-29,HUT,10.38,30,1289.04,446.00784000000004
2024-08-30,HUT,10.11,30,1298.81,437.69897
2024-09-03,HUT,9.09,30,1302.9,394.7787
2024-09-04,HUT,9.19,30,1293.76,396.3218133333333
2024-09-05,HUT,9.5,30,1271.6,402.6733333333333
2024-09-06,HUT,9.0,30,1258.08,377.424
2024-09-09,HUT,9.97,30,1245.65,413.9710166666667
2024-09-10,HUT,10.44,30,1249.13,434.69724
2024-09-11,HUT,10.58,30,1245.08,439.0982133333333
2024-09-12,HUT,10.89,30,1260.0,457.38000000000005
2024-09-13,HUT,11.24,30,1253.33,469.5809733333333
2024-09-16,HUT,11.03,30,1244.8,457.6714666666666
2024-09-17,HUT,11.42,30,1241.3,472.5215333333333
2024-09-18,HUT,11.02,30,1233.45,453.0873
2024-09-19,HUT,11.43,30,1217.79,463.97799
2024-09-20,HUT,11.17,30,1219.64,454.1126266666667
2024-09-23,HUT,11.57,30,1226.82,473.14358
2024-09-24,HUT,12.5,30,1223.19,509.6625
2024-09-25,HUT,12.53,30,1228.13,512.9489633333334
2024-09-26,HUT,12.63,30,1227.24,516.66804
2024-09-27,HUT,13.08,30,1232.76,537.48336
2024-09-30,HUT,12.26,30,1243.74,508.27508
2024-10-01,HUT,11.56,30,1246.34,480.2563466666667
2024-10-02,HUT,11.98,30,1233.98,492.7693466666667
2024-10-03,HUT,11.73,30,1231.92,481.68072000000006
2024-10-04,HUT,12.02,30,1225.59,491.05305999999996
2024-10-07,HUT,11.72,30,1217.21,475.5233733333334
2024-10-08,HUT,11.34,30,1210.61,457.6105799999999
2024-10-09,HUT,10.97,30,1191.25,435.6004166666667
2024-10-10,HUT,11.12,30,1176.9,436.23760000000004
2024-10-11,HUT,11.72,30,1176.9,459.77560000000005
2024-10-14,HUT,12.18,30,1181.76,479.79456
2024-10-15,HUT,11.77,30,1179.98,462.9454866666666
2024-10-16,HUT,12.9,30,1190.31,511.8333
2024-10-17,HUT,12.67,30,1180.0,498.35333333333335
2024-10-18,HUT,14.47,30,1195.0,576.3883333333334
2024-10-21,HUT,15.33,30,1195.1,610.6960999999999
2024-10-22,HUT,15.66,30,1195.1,623.8421999999999
2024-10-23,HUT,15.11,30,1183.65,596.16505
2024-10-24,HUT,15.31,30,1179.42,601.89734
2024-10-25,HUT,14.9,30,1163.7,577.971
2024-10-28,HUT,17.21,30,1154.94,662.55058
2024-10-29,HUT,17.18,30,1155.43,661.6762466666667
2024-10-30,HUT,18.16,30,1158.6,701.3392
2024-10-31,HUT,15.79,30,1157.94,609.46242
2024-11-01,HUT,16.02,30,1176.74,628.3791600000001
2024-11-04,HUT,15.56,30,1176.85,610.3928666666667
2024-11-05,HUT,16.74,30,1181.73,659.4053399999999
2024-11-06,HUT,18.59,30,1167.58,723.5104066666665
2024-11-07,HUT,18.97,30,1166.35,737.5219833333333
2024-11-08,HUT,19.58,30,1159.65,756.8649
2024-11-11,HUT,24.59,30,1162.01,952.4608633333334
2024-11-12,HUT,23.86,30,1164.95,926.5235666666667
2024-11-13,HUT,24.78,30,1156.75,955.4755000000001
2024-11-14,HUT,23.14,30,1157.07,892.48666
2024-11-15,HUT,25.26,30,1134.15,954.9543000000001
2024-11-18,HUT,25.04,30,1134.15,946.6372
2024-11-19,HUT,25.32,30,1104.41,932.1220400000001
2024-11-20,HUT,24.46,30,1111.29,906.07178
2024-11-21,HUT,23.48,30,1111.59,870.00444
2024-11-22,HUT,25.92,30,1106.85,956.3184
2024-11-25,HUT,25.24,30,1104.77,929.4798266666666
2024-11-26,HUT,24.42,30,1107.67,901.6433800000001
2024-11-27,HUT,28.45,30,1105.85,1048.7144166666665
2024-11-29,HUT,28.02,30,1109.94,1036.68396
2024-12-02,HUT,25.93,30,1099.42,950.2653533333335
2024-12-03,HUT,25.06,30,1107.92,925.4825066666667
2024-12-04,HUT,27.03,30,1101.11,992.10011
2024-12-05,HUT,27.67,30,1088.68,1004.1258533333335
2024-12-06,HUT,30.24,30,1075.48,1084.08384
2024-12-09,HUT,27.2,30,1072.28,972.2005333333333
2024-12-10,HUT,25.62,30,1074.95,918.0073
2024-12-11,HUT,26.69,30,1071.6,953.3667999999999
2024-12-12,HUT,27.32,30,1067.12,971.7906133333332
2024-12-13,HUT,27.33,30,1095.31,997.8274099999999
2024-12-16,HUT,29.06,30,1119.1,1084.0348666666664
2024-12-17,HUT,29.62,30,1151.42,1136.8353466666667
2024-12-18,HUT,26.13,30,1163.48,1013.39108
2024-12-19,HUT,23.8,30,1160.93,921.0044666666668
2024-12-20,HUT,23.68,30,1167.07,921.2072533333334
2024-12-23,HUT,21.65,30,1166.24,841.6365333333332
2024-12-24,HUT,24.28,30,1173.62,949.8497866666665
2024-12-26,HUT,23.89,30,1188.67,946.5775433333333
2024-12-27,HUT,22.32,30,1182.95,880.1148000000001
2024-12-30,HUT,21.51,30,1186.93,851.0288100000001
2024-01-02,COIN,156.88,10,996.61,15634.817679999998
2024-01-03,COIN,152.24,10,1048.82,15967.235680000002
2024-01-04,COIN,155.6,10,1090.91,16974.5596
2024-01-05,COIN,153.98,10,1140.44,17560.49512
2024-01-08,COIN,159.42,10,1201.55,19155.110099999998
2024-01-09,COIN,151.99,10,1193.5,18140.0065
2024-01-10,COIN,151.29,10,1182.72,17893.37088
2024-01-11,COIN,141.16,10,1148.09,16206.438439999998
2024-01-12,COIN,130.78,10,1136.65,14865.1087
2024-01-16,COIN,133.88,10,1213.74,16249.55112
2024-01-17,COIN,133.86,10,1273.34,17044.92924
2024-01-18,COIN,124.34,10,1282.58,15947.599719999998
2024-01-19,COIN,124.75,10,1306.16,16294.346000000001
2024-01-22,COIN,128.21,10,1312.49,16827.43429
2024-01-23,COIN,124.19,10,1285.71,15967.23249
2024-01-24,COIN,121.34,10,1304.7,15831.229800000001
2024-01-25,COIN,121.01,10,1281.95,15512.876950000002
2024-01-26,COIN,125.2,10,1231.09,15413.246799999999
2024-01-29,COIN,132.82,10,1263.18,16777.55676
2024-01-30,COIN,130.82,10,1269.37,16605.898339999996
2024-01-31,COIN,128.2,10,1248.95,16011.538999999999
2024-02-01,COIN,128.95,10,1280.42,16511.0159
2024-02-02,COIN,129.22,10,1288.36,16648.18792
2024-02-05,COIN,117.3,10,1294.93,15189.5289
2024-02-06,COIN,119.79,10,1249.42,14966.802180000002
2024-02-07,COIN,122.07,10,1263.67,15425.619690000001
2024-02-08,COIN,132.55,10,1246.57,16523.28535
2024-02-09,COIN,141.99,10,1229.01,17450.71299
2024-02-12,COIN,147.31,10,1229.01,18104.546309999998
2024-02-13,COIN,140.39,10,1229.01,17254.071389999997
2024-02-14,COIN,160.38,10,1174.95,18843.8481
2024-02-15,COIN,165.67,10,1153.96,19117.655319999998
2024-02-16,COIN,180.31,10,1112.9,20066.6999
2024-02-20,COIN,173.3,10,1130.07,19584.1131
2024-02-21,COIN,162.41,10,1114.22,18096.04702
2024-02-22,COIN,170.91,10,1094.85,18712.08135
2024-02-23,COIN,165.98,10,1114.71,18501.95658
2024-02-26,COIN,193.94,10,1098.25,21299.4605
2024-02-27,COIN,199.22,10,1087.26,21660.39372
2024-02-28,COIN,200.8,10,1072.1,21527.768
2024-02-29,COIN,203.56,10,1071.73,21816.13588
2024-03-01,COIN,205.77,10,1089.95,22427.90115
2024-03-04,COIN,229.15,10,1065.88,24424.6402
2024-03-05,COIN,216.77,10,1042.21,22591.98617
2024-03-06,COIN,238.55,10,1022.5,24391.7375
2024-03-07,COIN,242.62,10,1029.27,24972.14874
2024-03-08,COIN,256.62,10,1048.98,26918.92476
2024-03-11,COIN,254.17,10,1021.75,25969.81975
2024-03-12,COIN,256.14,10,1067.23,27336.029219999997
2024-03-13,COIN,251.73,10,1053.42,26517.74166
2024-03-14,COIN,233.67,10,1060.45,24779.53515
2024-03-15,COIN,242.36,10,1067.97,25883.320920000002
2024-03-18,COIN,239.62,10,1080.99,25902.682380000002
2024-03-19,COIN,230.12,10,1083.6,24935.8032
2024-03-20,COIN,256.88,10,1097.82,28200.800159999995
2024-03-21,COIN,262.0,10,1099.02,28794.324
2024-03-22,COIN,255.51,10,1096.17,28008.23967
2024-03-25,COIN,279.71,10,1079.64,30198.61044
2024-03-26,COIN,266.81,10,1101.71,29394.72451
2024-03-27,COIN,256.7,10,1085.7,27869.919
2024-03-28,COIN,265.12,10,1085.7,28784.078400000006
2024-04-01,COIN,252.11,10,1085.7,27371.582700000006
2024-04-02,COIN,245.84,10,1085.7,26690.8488
2024-04-03,COIN,251.58,10,1069.53,26907.235739999996
2024-04-04,COIN,249.61,10,1057.04,26384.775440000005
2024-04-05,COIN,240.9,10,1048.61,25261.0149
2024-04-08,COIN,256.99,10,1034.67,26589.98433
2024-04-09,COIN,242.95,10,1046.55,25425.932249999998
2024-04-10,COIN,250.99,10,1045.49,26240.753510000002
2024-04-11,COIN,263.01,10,1048.9,27587.1189
2024-04-12,COIN,245.75,10,1047.36,25738.871999999996
2024-04-15,COIN,223.41,10,1074.13,23997.13833
2024-04-16,COIN,218.83,10,1075.44,23533.85352
2024-04-17,COIN,213.78,10,1062.34,22710.70452
2024-04-18,COIN,218.08,10,1065.74,23241.65792
2024-04-19,COIN,211.01,10,1068.81,22552.959809999997
2024-04-22,COIN,225.86,10,1058.46,23906.37756
2024-04-23,COIN,236.43,10,1051.95,24871.25385
2024-04-24,COIN,224.37,10,1053.98,23648.14926
2024-04-25,COIN,223.61,10,1081.23,24177.38403
2024-04-26,COIN,236.32,10,1085.07,25642.374239999997
2024-04-29,COIN,218.16,10,1090.83,23797.54728
2024-04-30,COIN,203.93,10,1091.95,22268.13635
2024-05-01,COIN,210.09,10,1091.95,22940.777550000003
2024-05-02,COIN,228.85,10,1120.38,25639.8963
2024-05-03,COIN,223.25,10,1121.12,25029.003999999997
2024-05-06,COIN,226.93,10,1108.66,25158.82138
2024-05-07,COIN,214.34,10,1094.7,23463.7998
2024-05-08,COIN,211.2,10,1076.45,22734.624
2024-05-09,COIN,210.45,10,1083.85,22809.623249999997
2024-05-10,COIN,200.92,10,1078.41,21667.41372
2024-05-13,COIN,199.51,10,1075.73,21461.88923
2024-05-14,COIN,203.05,10,1084.51,22020.97555
2024-05-15,COIN,219.91,10,1092.63,24028.02633
2024-05-16,COIN,199.17,10,1099.3,21894.7581
2024-05-17,COIN,207.6,10,1104.04,22919.8704
2024-05-20,COIN,225.19,10,1142.72,25732.91168
2024-05-21,COIN,225.78,10,1196.31,27010.287179999996
2024-05-22,COIN,231.51,10,1256.19,29082.05469
2024-05-23,COIN,218.86,10,1256.24,27494.06864
2024-05-24,COIN,237.65,10,1234.76,29344.071399999997
2024-05-28,COIN,245.0,10,1233.95,30231.775
2024-05-29,COIN,236.65,10,1214.34,28737.356099999997
2024-05-30,COIN,234.76,10,1213.09,28478.50084
2024-05-31,COIN,225.92,10,1247.42,28181.71264
2024-06-03,COIN,231.39,10,1297.47,30022.15833
2024-06-04,COIN,244.2,10,1311.19,32019.2598
2024-06-05,COIN,251.4,10,1304.36,32791.6104
2024-06-06,COIN,257.08,10,1296.88,33340.19104
2024-06-07,COIN,244.16,10,1313.02,32058.69632
2024-06-10,COIN,249.81,10,1307.44,32661.15864
2024-06-11,COIN,244.2,10,1305.74,31886.1708
2024-06-12,COIN,254.96,10,1301.69,33187.88824
2024-06-13,COIN,247.64,10,1274.41,31559.489240000003
2024-06-14,COIN,244.5,10,1267.39,30987.685500000003
2024-06-17,COIN,245.1,10,1267.39,31063.7289
2024-06-18,COIN,235.95,10,1263.97,29823.37215
2024-06-20,COIN,235.03,10,1263.97,29707.08691
2024-06-21,COIN,225.86,10,1263.97,28548.026420000002
2024-06-24,COIN,212.31,10,1313.9,27895.4109
2024-06-25,COIN,221.71,10,1312.66,29102.984860000004
2024-06-26,COIN,214.58,10,1341.33,28782.25914
2024-06-27,COIN,224.0,10,1345.17,30131.808
2024-06-28,COIN,222.23,10,1350.08,30002.827839999994
2024-07-01,COIN,233.37,10,1412.26,32957.91162
2024-07-02,COIN,227.51,10,1428.27,32494.57077
2024-07-03,COIN,224.94,10,1394.4,31365.6336
2024-07-05,COIN,223.68,10,1391.94,31134.913920000003
2024-07-08,COIN,220.56,10,1386.59,30582.62904
2024-07-09,COIN,219.97,10,1386.59,30500.82023
2024-07-10,COIN,219.56,10,1390.66,30533.330960000003
2024-07-11,COIN,214.63,10,1414.42,30357.69646
2024-07-12,COIN,218.02,10,1428.57,31145.68314
2024-07-15,COIN,242.85,10,1306.97,31739.766450000003
2024-07-16,COIN,251.49,10,1285.59,32331.30291
2024-07-17,COIN,249.1,10,1309.23,32612.919299999998
2024-07-18,COIN,233.24,10,1332.64,31082.49536
2024-07-19,COIN,257.79,10,1328.69,34252.299510000004
2024-07-22,COIN,265.15,10,1329.71,35257.26065
2024-07-23,COIN,257.63,10,1337.36,34454.405679999996
2024-07-24,COIN,245.06,10,1335.28,32722.37168
2024-07-25,COIN,231.52,10,1330.03,30792.85456
2024-07-26,COIN,242.93,10,1318.05,32019.38865
2024-07-29,COIN,234.2,10,1294.33,30313.208599999994
2024-07-30,COIN,224.46,10,1265.14,28397.332440000006
2024-07-31,COIN,224.36,10,1284.84,28826.67024
2024-08-01,COIN,212.64,10,1302.24,27690.83136
2024-08-02,COIN,204.44,10,1321.58,27018.381519999995
2024-08-05,COIN,189.47,10,1338.11,25353.170169999998
2024-08-06,COIN,194.17,10,1340.93,26036.83781
2024-08-07,COIN,178.91,10,1327.42,23748.87122
2024-08-08,COIN,192.32,10,1311.29,25218.72928
2024-08-09,COIN,196.29,10,1297.68,25472.16072
2024-08-12,COIN,191.74,10,1281.72,24575.69928
2024-08-13,COIN,197.94,10,1267.16,25082.16504
2024-08-14,COIN,195.96,10,1268.59,24859.28964
2024-08-15,COIN,197.12,10,1276.4,25160.396800000002
2024-08-16,COIN,205.31,10,1291.92,26524.409520000005
2024-08-19,COIN,204.46,10,1286.6,26305.823599999996
2024-08-20,COIN,197.25,10,1290.0,25445.25
2024-08-21,COIN,206.23,10,1286.47,26530.87081
2024-08-22,COIN,198.43,10,1285.52,25508.573360000002
2024-08-23,COIN,211.4,10,1286.0,27186.04
2024-08-26,COIN,204.0,10,1289.88,26313.552000000003
2024-08-27,COIN,198.3,10,1293.71,25654.269300000004
2024-08-28,COIN,190.2,10,1292.68,24586.7736
2024-08-29,COIN,188.28,10,1289.04,24270.04512
2024-08-30,COIN,183.36,10,1298.81,23814.98016
2024-09-03,COIN,169.13,10,1302.9,22035.9477
2024-09-04,COIN,163.22,10,1293.76,21116.75072
2024-09-05,COIN,159.7,10,1271.6,20307.451999999997
2024-09-06,COIN,147.35,10,1258.08,18537.8088
2024-09-09,COIN,155.05,10,1245.65,19313.803250000004
2024-09-10,COIN,158.46,10,1249.13,19793.713980000004
2024-09-11,COIN,157.15,10,1245.08,19566.4322
2024-09-12,COIN,162.89,10,1260.0,20524.14
2024-09-13,COIN,163.05,10,1253.33,20435.54565
2024-09-16,COIN,161.5,10,1244.8,20103.519999999997
2024-09-17,COIN,162.45,10,1241.3,20164.918499999996
2024-09-18,COIN,162.64,10,1233.45,20060.8308
2024-09-19,COIN,168.24,10,1217.79,20488.09896
2024-09-20,COIN,170.09,10,1219.64,20744.856760000002
2024-09-23,COIN,170.22,10,1226.82,20882.93004
2024-09-24,COIN,171.68,10,1223.19,20999.725920000004
2024-09-25,COIN,167.08,10,1228.13,20519.596040000004
2024-09-26,COIN,179.93,10,1227.24,22081.729320000002
2024-09-27,COIN,191.23,10,1232.76,23574.06948
2024-09-30,COIN,178.17,10,1243.74,22159.715579999996
2024-10-01,COIN,165.01,10,1246.34,20565.85634
2024-10-02,COIN,164.47,10,1233.98,20295.26906
2024-10-03,COIN,163.1,10,1231.92,20092.6152
2024-10-04,COIN,170.91,10,1225.59,20946.558689999998
2024-10-07,COIN,168.92,10,1217.21,20561.11132
2024-10-08,COIN,167.69,10,1210.61,20300.71909
2024-10-09,COIN,166.97,10,1191.25,19890.30125
2024-10-10,COIN,164.27,10,1176.9,19332.936300000005
2024-10-11,COIN,176.38,10,1176.9,20758.1622
2024-10-14,COIN,196.35,10,1181.76,23203.8576
2024-10-15,COIN,196.34,10,1179.98,23167.727319999998
2024-10-16,COIN,210.48,10,1190.31,25053.64488
2024-10-17,COIN,204.2,10,1180.0,24095.6
2024-10-18,COIN,220.21,10,1195.0,26315.095
2024-10-21,COIN,213.72,10,1195.1,25541.6772
2024-10-22,COIN,210.72,10,1195.1,25183.1472
2024-10-23,COIN,198.93,10,1183.65,23546.34945
2024-10-24,COIN,209.16,10,1179.42,24668.74872
2024-10-25,COIN,205.04,10,1163.7,23860.504800000002
2024-10-28,COIN,216.1,10,1154.94,24958.2534
2024-10-29,COIN,219.66,10,1155.43,25380.17538
2024-10-30,COIN,211.74,10,1158.6,24532.196399999997
2024-10-31,COIN,179.25,10,1157.94,20756.0745
2024-11-01,COIN,182.88,10,1176.74,21520.22112
2024-11-04,COIN,186.27,10,1176.85,21921.18495
2024-11-05,COIN,193.96,10,1181.73,22920.83508
2024-11-06,COIN,254.31,10,1167.58,29692.72698
2024-11-07,COIN,255.58,10,1166.35,29809.5733
2024-11-08,COIN,270.74,10,1159.65,31396.364100000006
2024-11-11,COIN,324.24,10,1162.01,37677.01224
2024-11-12,COIN,319.13,10,1164.95,37177.04935
2024-11-13,COIN,284.72,10,1156.75,32934.986000000004
2024-11-14,COIN,278.84,10,1157.07,32263.739879999997
2024-11-15,COIN,305.85,10,1134.15,34687.977750000005
2024-11-18,COIN,325.41,10,1134.15,36906.37515000001
2024-11-19,COIN,324.57,10,1104.41,35845.83537
2024-11-20,COIN,320.01,10,1111.29,35562.39129
2024-11-21,COIN,295.23,10,1111.59,32817.47157
2024-11-22,COIN,304.64,10,1106.85,33719.0784
2024-11-25,COIN,312.22,10,1104.77,34493.12894
2024-11-26,COIN,293.29,10,1107.67,32486.853430000006
2024-11-27,COIN,310.98,10,1105.85,34389.7233
2024-11-29,COIN,296.2,10,1109.94,32876.4228
2024-12-02,COIN,302.4,10,1099.42,33246.4608
2024-12-03,COIN,309.35,10,1107.92,34273.5052
2024-12-04,COIN,330.94,10,1101.11,36440.13434
2024-12-05,COIN,320.57,10,1088.68,34899.81476
2024-12-06,COIN,343.62,10,1075.48,36955.64376
2024-12-09,COIN,310.52,10,1072.28,33296.438559999995
2024-12-10,COIN,302.42,10,1074.95,32508.6379
2024-12-11,COIN,313.81,10,1071.6,33627.8796
2024-12-12,COIN,312.96,10,1067.12,33396.587519999994
2024-12-13,COIN,310.58,10,1095.31,34018.13797999999
2024-12-16,COIN,315.31,10,1119.1,35286.342099999994
2024-12-17,COIN,311.64,10,1151.42,35882.852880000006
2024-12-18,COIN,279.86,10,1163.48,32561.151280000002
2024-12-19,COIN,273.92,10,1160.93,31800.194560000004
2024-12-20,COIN,278.71,10,1167.07,32527.407969999993
2024-12-23,COIN,268.15,10,1166.24,31272.725599999998
2024-12-24,COIN,279.62,10,1173.62,32816.76244
2024-12-26,COIN,274.41,10,1188.67,32618.293470000004
2024-12-27,COIN,265.71,10,1182.95,31432.16445
2024-12-30,COIN,255.56,10,1186.93,30333.18308
2024-01-02,MRVL,57.82,3,996.61,19207.996733333333
2024-01-03,MRVL,56.42,3,1048.82,19724.808133333332
2024-01-04,MRVL,57.78,3,1090.91,21010.926600000003
2024-01-05,MRVL,59.62,3,1140.44,22664.344266666667
2024-01-08,MRVL,63.79,3,1201.55,25548.958166666664
2024-01-09,MRVL,63.16,3,1193.5,25127.153333333332
2024-01-10,MRVL,63.12,3,1182.72,24884.428799999998
2024-01-11,MRVL,65.54,3,1148.09,25081.939533333334
2024-01-12,MRVL,65.35,3,1136.65,24760.025833333333
2024-01-16,MRVL,65.2,3,1213.74,26378.615999999998
2024-01-17,MRVL,65.04,3,1273.34,27606.011200000004
2024-01-18,MRVL,67.87,3,1282.58,29016.234866666666
2024-01-19,MRVL,70.73,3,1306.16,30794.898933333334
2024-01-22,MRVL,69.76,3,1312.49,30519.767466666668
2024-01-23,MRVL,70.25,3,1285.71,30107.0425
2024-01-24,MRVL,71.92,3,1304.7,31278.008
2024-01-25,MRVL,69.65,3,1281.95,29762.605833333335
2024-01-26,MRVL,67.7,3,1231.09,27781.59766666667
2024-01-29,MRVL,69.79,3,1263.18,29385.777400000006
2024-01-30,MRVL,68.49,3,1269.37,28979.717099999994
2024-01-31,MRVL,67.36,3,1248.95,28043.090666666667
2024-02-01,MRVL,66.54,3,1280.42,28399.715600000007
2024-02-02,MRVL,67.2,3,1288.36,28859.264
2024-02-05,MRVL,66.69,3,1294.93,28786.2939
2024-02-06,MRVL,66.75,3,1249.42,27799.595
2024-02-07,MRVL,69.03,3,1263.67,29077.046700000003
2024-02-08,MRVL,70.67,3,1246.57,29365.033966666666
2024-02-09,MRVL,68.49,3,1229.01,28058.2983
2024-02-12,MRVL,70.07,3,1229.01,28705.576899999996
2024-02-13,MRVL,67.79,3,1229.01,27771.529300000006
2024-02-14,MRVL,68.62,3,1174.95,26875.023
2024-02-15,MRVL,67.11,3,1153.96,25814.0852
2024-02-16,MRVL,65.96,3,1112.9,24468.961333333336
2024-02-20,MRVL,64.72,3,1130.07,24379.3768
2024-02-21,MRVL,65.2,3,1114.22,24215.714666666667
2024-02-22,MRVL,69.52,3,1094.85,25371.323999999997
2024-02-23,MRVL,67.25,3,1114.71,24988.0825
2024-02-26,MRVL,68.28,3,1098.25,24996.17
2024-02-27,MRVL,68.79,3,1087.26,24930.871800000004
2024-02-28,MRVL,67.21,3,1072.1,24018.61366666666
2024-02-29,MRVL,71.31,3,1071.73,25475.022100000002
2024-03-01,MRVL,77.23,3,1089.95,28058.946166666672
2024-03-04,MRVL,78.96,3,1065.88,28053.9616
2024-03-05,MRVL,78.34,3,1042.21,27215.577133333336
2024-03-06,MRVL,80.97,3,1022.5,27597.274999999998
2024-03-07,MRVL,84.67,3,1029.27,29049.430300000004
2024-03-08,MRVL,75.05,3,1048.98,26241.982999999997
2024-03-11,MRVL,72.0,3,1021.75,24522.0
2024-03-12,MRVL,71.41,3,1067.23,25403.631433333332
2024-03-13,MRVL,67.3,3,1053.42,23631.721999999998
2024-03-14,MRVL,65.75,3,1060.45,23241.52916666667
2024-03-15,MRVL,66.54,3,1067.97,23687.574600000004
2024-03-18,MRVL,66.87,3,1080.99,24095.2671
2024-03-19,MRVL,64.74,3,1083.6,23384.088
2024-03-20,MRVL,65.22,3,1097.82,23866.606799999998
2024-03-21,MRVL,66.26,3,1099.02,24273.6884
2024-03-22,MRVL,66.21,3,1096.17,24192.4719
2024-03-25,MRVL,65.79,3,1079.64,23676.505200000003
2024-03-26,MRVL,67.92,3,1101.71,24942.7144
2024-03-27,MRVL,71.95,3,1085.7,26038.705
2024-03-28,MRVL,70.53,3,1085.7,25524.807
2024-04-01,MRVL,72.84,3,1085.7,26360.796000000002
2024-04-02,MRVL,73.23,3,1085.7,26501.937
2024-04-03,MRVL,72.67,3,1069.53,25907.5817
2024-04-04,MRVL,70.53,3,1057.04,24851.0104
2024-04-05,MRVL,72.29,3,1048.61,25268.005633333334
2024-04-08,MRVL,71.56,3,1034.67,24680.328400000002
2024-04-09,MRVL,72.98,3,1046.55,25459.073
2024-04-10,MRVL,71.08,3,1045.49,24771.143066666667
2024-04-11,MRVL,71.24,3,1048.9,24907.878666666667
2024-04-12,MRVL,69.87,3,1047.36,24393.0144
2024-04-15,MRVL,67.6,3,1074.13,24203.729333333333
2024-04-16,MRVL,68.0,3,1075.44,24376.64
2024-04-17,MRVL,66.21,3,1062.34,23445.8438
2024-04-18,MRVL,64.97,3,1065.74,23080.375933333333
2024-04-19,MRVL,61.87,3,1068.81,22042.424899999998
2024-04-22,MRVL,62.62,3,1058.46,22093.588399999997
2024-04-23,MRVL,63.6,3,1051.95,22301.34
2024-04-24,MRVL,64.58,3,1053.98,22688.67613333333
2024-04-25,MRVL,67.2,3,1081.23,24219.552
2024-04-26,MRVL,69.33,3,1085.07,25075.967699999997
2024-04-29,MRVL,68.47,3,1090.83,24896.376699999997
2024-04-30,MRVL,65.64,3,1091.95,23891.865999999998
2024-05-01,MRVL,63.56,3,1091.95,23134.78066666667
2024-05-02,MRVL,66.4,3,1120.38,24797.744000000006
2024-05-03,MRVL,68.23,3,1121.12,25498.005866666663
2024-05-06,MRVL,69.53,3,1108.66,25695.04326666667
2024-05-07,MRVL,68.4,3,1094.7,24959.160000000003
2024-05-08,MRVL,67.83,3,1076.45,24338.534499999998
2024-05-09,MRVL,67.4,3,1083.85,24350.49666666667
2024-05-10,MRVL,68.19,3,1078.41,24512.2593
2024-05-13,MRVL,68.74,3,1075.73,24648.56006666667
2024-05-14,MRVL,67.74,3,1084.51,24488.2358
2024-05-15,MRVL,69.86,3,1092.63,25443.710600000002
2024-05-16,MRVL,72.78,3,1099.3,26669.018
2024-05-17,MRVL,71.62,3,1104.04,26357.114933333334
2024-05-20,MRVL,74.16,3,1142.72,28248.0384
2024-05-21,MRVL,73.0,3,1196.31,29110.209999999995
2024-05-22,MRVL,73.38,3,1256.19,30726.4074
2024-05-23,MRVL,74.71,3,1256.24,31284.563466666663
2024-05-24,MRVL,76.36,3,1234.76,31428.757866666667
2024-05-28,MRVL,78.01,3,1233.95,32086.81316666667
2024-05-29,MRVL,75.47,3,1214.34,30548.7466
2024-05-30,MRVL,76.53,3,1213.09,30945.9259
2024-05-31,MRVL,68.53,3,1247.42,28495.23086666667
2024-06-03,MRVL,67.93,3,1297.47,29379.045700000002
2024-06-04,MRVL,66.11,3,1311.19,28894.256966666668
2024-06-05,MRVL,69.51,3,1304.36,30222.0212
2024-06-06,MRVL,67.82,3,1296.88,29318.133866666667
2024-06-07,MRVL,67.71,3,1313.02,29634.861399999998
2024-06-10,MRVL,69.18,3,1307.44,30149.566400000007
2024-06-11,MRVL,70.11,3,1305.74,30515.1438
2024-06-12,MRVL,73.06,3,1301.69,31700.49046666667
2024-06-13,MRVL,72.57,3,1274.41,30827.977899999998
2024-06-14,MRVL,72.97,3,1267.39,30827.149433333336
2024-06-17,MRVL,71.52,3,1267.39,30214.5776
2024-06-18,MRVL,72.84,3,1263.97,30689.191600000002
2024-06-20,MRVL,72.94,3,1263.97,30731.323933333333
2024-06-21,MRVL,71.59,3,1263.97,30162.537433333335
2024-06-24,MRVL,67.49,3,1313.9,29558.370333333336
2024-06-25,MRVL,67.98,3,1312.66,29744.875600000003
2024-06-26,MRVL,67.99,3,1341.33,30399.008899999997
2024-06-27,MRVL,68.45,3,1345.17,30692.295500000004
2024-06-28,MRVL,69.61,3,1350.08,31326.356266666666
2024-07-01,MRVL,70.71,3,1412.26,33286.968199999996
2024-07-02,MRVL,71.31,3,1428.27,33949.977900000005
2024-07-03,MRVL,71.9,3,1394.4,33419.12
2024-07-05,MRVL,71.78,3,1391.94,33304.4844
2024-07-08,MRVL,74.6,3,1386.59,34479.87133333333
2024-07-09,MRVL,73.54,3,1386.59,33989.94286666667
2024-07-10,MRVL,74.57,3,1390.66,34567.172066666666
2024-07-11,MRVL,71.88,3,1414.42,33889.5032
2024-07-12,MRVL,73.35,3,1428.57,34928.536499999995
2024-07-15,MRVL,73.36,3,1306.97,31959.773066666665
2024-07-16,MRVL,75.35,3,1285.59,32289.735499999995
2024-07-17,MRVL,67.71,3,1309.23,29549.321099999997
2024-07-18,MRVL,67.99,3,1332.64,30202.064533333334
2024-07-19,MRVL,66.29,3,1328.69,29359.620033333336
2024-07-22,MRVL,68.78,3,1329.71,30485.817933333336
2024-07-23,MRVL,68.17,3,1337.36,30389.277066666666
2024-07-24,MRVL,64.14,3,1335.28,28548.2864
2024-07-25,MRVL,63.78,3,1330.03,28276.4378
2024-07-26,MRVL,65.5,3,1318.05,28777.425
2024-07-29,MRVL,64.27,3,1294.33,27728.86303333333
2024-07-30,MRVL,62.59,3,1265.14,26395.037533333336
2024-07-31,MRVL,66.76,3,1284.84,28591.9728
2024-08-01,MRVL,62.85,3,1302.24,27281.928
2024-08-02,MRVL,59.06,3,1321.58,26017.504933333334
2024-08-05,MRVL,57.48,3,1338.11,25638.187599999994
2024-08-06,MRVL,58.03,3,1340.93,25938.055966666667
2024-08-07,MRVL,55.97,3,1327.42,24765.23246666667
2024-08-08,MRVL,60.96,3,1311.29,26645.412800000002
2024-08-09,MRVL,60.36,3,1297.68,26109.3216
2024-08-12,MRVL,60.31,3,1281.72,25766.8444
2024-08-13,MRVL,63.84,3,1267.16,26965.164800000002
2024-08-14,MRVL,63.58,3,1268.59,26885.650733333332
2024-08-15,MRVL,69.1,3,1276.4,29399.74666666667
2024-08-16,MRVL,69.09,3,1291.92,29752.917600000004
2024-08-19,MRVL,70.81,3,1286.6,30368.048666666666
2024-08-20,MRVL,69.18,3,1290.0,29747.400000000005
2024-08-21,MRVL,71.11,3,1286.47,30493.627233333333
2024-08-22,MRVL,68.43,3,1285.52,29322.7112
2024-08-23,MRVL,71.6,3,1286.0,30692.53333333333
2024-08-26,MRVL,68.59,3,1289.88,29490.956400000006
2024-08-27,MRVL,69.48,3,1293.71,29962.323600000003
2024-08-28,MRVL,68.22,3,1292.68,29395.5432
2024-08-29,MRVL,69.61,3,1289.04,29910.0248
2024-08-30,MRVL,75.99,3,1298.81,32898.857299999996
2024-09-03,MRVL,69.79,3,1302.9,30309.797000000006
2024-09-04,MRVL,70.64,3,1293.76,30463.735466666665
2024-09-05,MRVL,69.66,3,1271.6,29526.551999999996
2024-09-06,MRVL,65.98,3,1258.08,27669.3728
2024-09-09,MRVL,68.7,3,1245.65,28525.385000000006
2024-09-10,MRVL,71.36,3,1249.13,29712.638933333335
2024-09-11,MRVL,74.64,3,1245.08,30977.590399999997
2024-09-12,MRVL,74.06,3,1260.0,31105.2
2024-09-13,MRVL,74.24,3,1253.33,31015.739733333332
2024-09-16,MRVL,73.16,3,1244.8,30356.522666666668
2024-09-17,MRVL,72.53,3,1241.3,30010.496333333333
2024-09-18,MRVL,71.32,3,1233.45,29323.217999999997
2024-09-19,MRVL,74.63,3,1217.79,30294.555899999996
2024-09-20,MRVL,73.63,3,1219.64,29934.031066666666
2024-09-23,MRVL,71.57,3,1226.82,29267.835799999997
2024-09-24,MRVL,70.97,3,1223.19,28936.598100000003
2024-09-25,MRVL,70.95,3,1228.13,29045.274500000003
2024-09-26,MRVL,73.21,3,1227.24,29948.746799999997
2024-09-27,MRVL,70.76,3,1232.76,29076.699200000003
2024-09-30,MRVL,71.88,3,1243.74,29800.0104
2024-10-01,MRVL,70.08,3,1246.34,29114.502399999998
2024-10-02,MRVL,71.8,3,1233.98,29533.254666666664
2024-10-03,MRVL,72.0,3,1231.92,29566.08
2024-10-04,MRVL,73.17,3,1225.59,29892.1401
2024-10-07,MRVL,73.48,3,1217.21,29813.53026666667
2024-10-08,MRVL,72.87,3,1210.61,29405.7169
2024-10-09,MRVL,72.6,3,1191.25,28828.25
2024-10-10,MRVL,72.3,3,1176.9,28363.290000000005
2024-10-11,MRVL,73.83,3,1176.9,28963.509000000002
2024-10-14,MRVL,77.49,3,1181.76,30524.8608
2024-10-15,MRVL,79.21,3,1179.98,31155.405266666665
2024-10-16,MRVL,81.48,3,1190.31,32328.8196
2024-10-17,MRVL,79.71,3,1180.0,31352.599999999995
2024-10-18,MRVL,79.65,3,1195.0,31727.25
2024-10-21,MRVL,81.63,3,1195.1,32518.671
2024-10-22,MRVL,83.15,3,1195.1,33124.18833333333
2024-10-23,MRVL,81.63,3,1183.65,32207.1165
2024-10-24,MRVL,81.73,3,1179.42,32131.332200000004
2024-10-25,MRVL,81.41,3,1163.7,31578.939
2024-10-28,MRVL,83.23,3,1154.94,32041.885400000003
2024-10-29,MRVL,84.66,3,1155.43,32606.2346
2024-10-30,MRVL,82.6,3,1158.6,31900.119999999995
2024-10-31,MRVL,79.91,3,1157.94,30843.6618
2024-11-01,MRVL,84.56,3,1176.74,33168.37813333334
2024-11-04,MRVL,84.17,3,1176.85,33018.48816666666
2024-11-05,MRVL,86.98,3,1181.73,34262.2918
2024-11-06,MRVL,90.41,3,1167.58,35186.96926666666
2024-11-07,MRVL,93.71,3,1166.35,36432.88616666666
2024-11-08,MRVL,93.57,3,1159.65,36169.4835
2024-11-11,MRVL,92.02,3,1162.01,35642.72006666667
2024-11-12,MRVL,92.55,3,1164.95,35938.7075
2024-11-13,MRVL,89.85,3,1156.75,34644.6625
2024-11-14,MRVL,90.48,3,1157.07,34897.2312
2024-11-15,MRVL,87.61,3,1134.15,33120.9605
2024-11-18,MRVL,88.49,3,1134.15,33453.6445
2024-11-19,MRVL,89.12,3,1104.41,32808.339733333334
2024-11-20,MRVL,89.64,3,1111.29,33205.3452
2024-11-21,MRVL,92.71,3,1111.59,34351.836299999995
2024-11-22,MRVL,92.28,3,1106.85,34046.706
2024-11-25,MRVL,92.01,3,1104.77,33883.295900000005
2024-11-26,MRVL,92.91,3,1107.67,34304.5399
2024-11-27,MRVL,89.88,3,1105.85,33131.265999999996
2024-11-29,MRVL,92.46,3,1109.94,34208.3508
2024-12-02,MRVL,96.62,3,1099.42,35408.65346666667
2024-12-03,MRVL,95.67,3,1107.92,35331.5688
2024-12-04,MRVL,117.86,3,1101.11,43258.94153333333
2024-12-05,MRVL,113.09,3,1088.68,41039.60706666667
2024-12-06,MRVL,113.23,3,1075.48,40592.20013333334
2024-12-09,MRVL,106.77,3,1072.28,38162.445199999995
2024-12-10,MRVL,106.42,3,1074.95,38132.05966666667
2024-12-11,MRVL,111.09,3,1071.6,39681.348
2024-12-12,MRVL,108.74,3,1067.12,38679.54293333332
2024-12-13,MRVL,120.47,3,1095.31,43983.99856666667
2024-12-16,MRVL,124.47,3,1119.1,46431.458999999995
2024-12-17,MRVL,111.97,3,1151.42,42974.83246666667
2024-12-18,MRVL,105.02,3,1163.48,40729.55653333333
2024-12-19,MRVL,108.84,3,1160.93,42118.540400000005
2024-12-20,MRVL,111.62,3,1167.07,43422.784466666664
2024-12-23,MRVL,113.48,3,1166.24,44114.97173333334
2024-12-24,MRVL,115.66,3,1173.62,45246.963066666656
2024-12-26,MRVL,115.43,3,1188.67,45736.059366666675
2024-12-27,MRVL,113.34,3,1182.95,44691.851
2024-12-30,MRVL,111.39,3,1186.93,44070.710900000005
2024-01-02,PFE,27.05,5,996.61,5391.6601
2024-01-03,PFE,27.05,5,1048.82,5674.1161999999995
2024-01-04,PFE,26.46,5,1090.91,5773.09572
2024-01-05,PFE,26.81,5,1140.44,6115.03928
2024-01-08,PFE,26.91,5,1201.55,6466.7420999999995
2024-01-09,PFE,26.75,5,1193.5,6385.225
2024-01-10,PFE,26.37,5,1182.72,6237.66528
2024-01-11,PFE,25.84,5,1148.09,5933.329119999999
2024-01-12,PFE,26.11,5,1136.65,5935.586300000001
2024-01-16,PFE,25.76,5,1213.74,6253.188480000001
2024-01-17,PFE,25.61,5,1273.34,6522.047479999999
2024-01-18,PFE,25.55,5,1282.58,6553.9838
2024-01-19,PFE,25.73,5,1306.16,6721.49936
2024-01-22,PFE,25.75,5,1312.49,6759.3235
2024-01-23,PFE,25.86,5,1285.71,6649.69212
2024-01-24,PFE,25.77,5,1304.7,6724.4238
2024-01-25,PFE,25.37,5,1281.95,6504.6143
2024-01-26,PFE,25.37,5,1231.09,6246.55066
2024-01-29,PFE,25.38,5,1263.18,6411.90168
2024-01-30,PFE,24.95,5,1269.37,6334.1563
2024-01-31,PFE,25.01,5,1248.95,6247.2479
2024-02-01,PFE,25.2,5,1280.42,6453.3168000000005
2024-02-02,PFE,24.87,5,1288.36,6408.30264
2024-02-05,PFE,24.53,5,1294.93,6352.926580000001
2024-02-06,PFE,25.39,5,1249.42,6344.554760000001
2024-02-07,PFE,25.45,5,1263.67,6432.0803
2024-02-08,PFE,25.46,5,1246.57,6347.53444
2024-02-09,PFE,25.45,5,1229.01,6255.6609
2024-02-12,PFE,25.54,5,1229.01,6277.783079999999
2024-02-13,PFE,24.9,5,1229.01,6120.4698
2024-02-14,PFE,25.03,5,1174.95,5881.7997000000005
2024-02-15,PFE,25.4,5,1153.96,5862.1168
2024-02-16,PFE,25.5,5,1112.9,5675.79
2024-02-20,PFE,25.48,5,1130.07,5758.83672
2024-02-21,PFE,25.55,5,1114.22,5693.6642
2024-02-22,PFE,25.44,5,1094.85,5570.5968
2024-02-23,PFE,25.63,5,1114.71,5714.00346
2024-02-26,PFE,25.1,5,1098.25,5513.215
2024-02-27,PFE,24.83,5,1087.26,5399.33316
2024-02-28,PFE,24.97,5,1072.1,5354.067399999999
2024-02-29,PFE,24.53,5,1071.73,5257.907380000001
2024-03-01,PFE,24.55,5,1089.95,5351.654500000001
2024-03-04,PFE,23.91,5,1065.88,5097.038160000001
2024-03-05,PFE,24.08,5,1042.21,5019.283359999999
2024-03-06,PFE,25.11,5,1022.5,5134.995
2024-03-07,PFE,24.74,5,1029.27,5092.82796
2024-03-08,PFE,25.14,5,1048.98,5274.27144
2024-03-11,PFE,26.2,5,1021.75,5353.969999999999
2024-03-12,PFE,25.86,5,1067.23,5519.71356
2024-03-13,PFE,26.06,5,1053.42,5490.42504
2024-03-14,PFE,25.98,5,1060.45,5510.0982
2024-03-15,PFE,25.8,5,1067.97,5510.7252
2024-03-18,PFE,25.6,5,1080.99,5534.6688
2024-03-19,PFE,25.51,5,1083.6,5528.5271999999995
2024-03-20,PFE,25.58,5,1097.82,5616.447119999999
2024-03-21,PFE,25.54,5,1099.02,5613.7941599999995
2024-03-22,PFE,25.26,5,1096.17,5537.850840000001
2024-03-25,PFE,25.33,5,1079.64,5469.45624
2024-03-26,PFE,25.48,5,1101.71,5614.31416
2024-03-27,PFE,25.65,5,1085.7,5569.641
2024-03-28,PFE,25.62,5,1085.7,5563.1268
2024-04-01,PFE,25.6,5,1085.7,5558.784000000001
2024-04-02,PFE,25.44,5,1085.7,5524.0416000000005
2024-04-03,PFE,25.14,5,1069.53,5377.59684
2024-04-04,PFE,24.61,5,1057.04,5202.75088
2024-04-05,PFE,24.62,5,1048.61,5163.35564
2024-04-08,PFE,24.54,5,1034.67,5078.16036
2024-04-09,PFE,24.73,5,1046.55,5176.2363
2024-04-10,PFE,24.3,5,1045.49,5081.0814
2024-04-11,PFE,24.32,5,1048.9,5101.8496000000005
2024-04-12,PFE,23.88,5,1047.36,5002.191359999999
2024-04-15,PFE,23.93,5,1074.13,5140.786180000001
2024-04-16,PFE,23.72,5,1075.44,5101.88736
2024-04-17,PFE,23.47,5,1062.34,4986.623959999999
2024-04-18,PFE,23.45,5,1065.74,4998.3206
2024-04-19,PFE,24.01,5,1068.81,5132.42562
2024-04-22,PFE,24.25,5,1058.46,5133.531000000001
2024-04-23,PFE,24.3,5,1051.95,5112.477000000001
2024-04-24,PFE,24.26,5,1053.98,5113.91096
2024-04-25,PFE,23.33,5,1081.23,5045.01918
2024-04-26,PFE,23.45,5,1085.07,5088.9783
2024-04-29,PFE,23.68,5,1090.83,5166.17088
2024-04-30,PFE,23.66,5,1091.95,5167.1074
2024-05-01,PFE,25.1,5,1091.95,5481.589000000001
2024-05-02,PFE,25.58,5,1120.38,5731.86408
2024-05-03,PFE,25.68,5,1121.12,5758.072319999999
2024-05-06,PFE,26.0,5,1108.66,5765.032000000001
2024-05-07,PFE,25.64,5,1094.7,5613.6216
2024-05-08,PFE,26.1,5,1076.45,5619.069
2024-05-09,PFE,26.41,5,1083.85,5724.895699999999
2024-05-10,PFE,26.25,5,1078.41,5661.6525
2024-05-13,PFE,26.66,5,1075.73,5735.79236
2024-05-14,PFE,26.6,5,1084.51,5769.5932
2024-05-15,PFE,27.01,5,1092.63,5902.387260000001
2024-05-16,PFE,27.11,5,1099.3,5960.4046
2024-05-17,PFE,26.85,5,1104.04,5928.6948
2024-05-20,PFE,26.74,5,1142.72,6111.26656
2024-05-21,PFE,26.77,5,1196.31,6405.043739999999
2024-05-22,PFE,27.74,5,1256.19,6969.342119999999
2024-05-23,PFE,26.89,5,1256.24,6756.058720000001
2024-05-24,PFE,27.07,5,1234.76,6684.990640000001
2024-05-28,PFE,26.53,5,1233.95,6547.3387
2024-05-29,PFE,26.08,5,1214.34,6333.997439999999
2024-05-30,PFE,26.43,5,1213.09,6412.3937399999995
2024-05-31,PFE,26.86,5,1247.42,6701.140240000001
2024-06-03,PFE,27.47,5,1297.47,7128.30018
2024-06-04,PFE,27.64,5,1311.19,7248.258320000001
2024-06-05,PFE,27.7,5,1304.36,7226.154399999999
2024-06-06,PFE,27.0,5,1296.88,7003.152
2024-06-07,PFE,26.79,5,1313.02,7035.161160000001
2024-06-10,PFE,26.31,5,1307.44,6879.749279999999
2024-06-11,PFE,26.27,5,1305.74,6860.357959999999
2024-06-12,PFE,25.93,5,1301.69,6750.56434
2024-06-13,PFE,25.92,5,1274.41,6606.541440000001
2024-06-14,PFE,25.8,5,1267.39,6539.732400000001
2024-06-17,PFE,25.29,5,1267.39,6410.45862
2024-06-18,PFE,25.69,5,1263.97,6494.27786
2024-06-20,PFE,26.0,5,1263.97,6572.644
2024-06-21,PFE,26.0,5,1263.97,6572.644
2024-06-24,PFE,26.58,5,1313.9,6984.6924
2024-06-25,PFE,26.24,5,1312.66,6888.83968
2024-06-26,PFE,25.7,5,1341.33,6894.436199999999
2024-06-27,PFE,26.06,5,1345.17,7011.02604
2024-06-28,PFE,26.23,5,1350.08,7082.519679999999
2024-07-01,PFE,26.45,5,1412.26,7470.8554
2024-07-02,PFE,26.09,5,1428.27,7452.71286
2024-07-03,PFE,25.96,5,1394.4,7239.724800000001
2024-07-05,PFE,26.29,5,1391.94,7318.820519999999
2024-07-08,PFE,26.18,5,1386.59,7260.185239999999
2024-07-09,PFE,25.98,5,1386.59,7204.721639999999
2024-07-10,PFE,26.57,5,1390.66,7389.967240000001
2024-07-11,PFE,26.86,5,1414.42,7598.2642399999995
2024-07-12,PFE,27.11,5,1428.57,7745.706539999999
2024-07-15,PFE,27.28,5,1306.97,7130.8283200000005
2024-07-16,PFE,27.65,5,1285.59,7109.3126999999995
2024-07-17,PFE,28.15,5,1309.23,7370.964899999999
2024-07-18,PFE,27.85,5,1332.64,7422.804800000001
2024-07-19,PFE,28.09,5,1328.69,7464.58042
2024-07-22,PFE,27.74,5,1329.71,7377.23108
2024-07-23,PFE,27.65,5,1337.36,7395.600799999998
2024-07-24,PFE,28.1,5,1335.28,7504.2736
2024-07-25,PFE,28.29,5,1330.03,7525.30974
2024-07-26,PFE,29.25,5,1318.05,7710.592500000001
2024-07-29,PFE,29.2,5,1294.33,7558.887199999999
2024-07-30,PFE,29.84,5,1265.14,7550.35552
2024-07-31,PFE,29.03,5,1284.84,7459.78104
2024-08-01,PFE,29.13,5,1302.24,7586.85024
2024-08-02,PFE,28.93,5,1321.58,7646.66188
2024-08-05,PFE,28.27,5,1338.11,7565.673939999999
2024-08-06,PFE,27.87,5,1340.93,7474.34382
2024-08-07,PFE,27.42,5,1327.42,7279.571280000001
2024-08-08,PFE,27.34,5,1311.29,7170.13372
2024-08-09,PFE,27.14,5,1297.68,7043.8070400000015
2024-08-12,PFE,27.04,5,1281.72,6931.54176
2024-08-13,PFE,27.42,5,1267.16,6949.105440000001
2024-08-14,PFE,27.45,5,1268.59,6964.5591
2024-08-15,PFE,27.29,5,1276.4,6966.5912
2024-08-16,PFE,26.9,5,1291.92,6950.5296
2024-08-19,PFE,27.38,5,1286.6,7045.421599999999
2024-08-20,PFE,27.47,5,1290.0,7087.259999999999
2024-08-21,PFE,27.59,5,1286.47,7098.74146
2024-08-22,PFE,27.36,5,1285.52,7034.36544
2024-08-23,PFE,27.47,5,1286.0,7065.284
2024-08-26,PFE,27.49,5,1289.88,7091.7602400000005
2024-08-27,PFE,27.4,5,1293.71,7089.5308
2024-08-28,PFE,27.33,5,1292.68,7065.78888
2024-08-29,PFE,27.3,5,1289.04,7038.1584
2024-08-30,PFE,27.58,5,1298.81,7164.23596
2024-09-03,PFE,26.9,5,1302.9,7009.602000000001
2024-09-04,PFE,26.99,5,1293.76,6983.71648
2024-09-05,PFE,27.1,5,1271.6,6892.072
2024-09-06,PFE,27.15,5,1258.08,6831.374399999999
2024-09-09,PFE,27.96,5,1245.65,6965.674800000001
2024-09-10,PFE,28.27,5,1249.13,7062.5810200000005
2024-09-11,PFE,28.19,5,1245.08,7019.76104
2024-09-12,PFE,27.72,5,1260.0,6985.44
2024-09-13,PFE,27.82,5,1253.33,6973.52812
2024-09-16,PFE,28.58,5,1244.8,7115.2768
2024-09-17,PFE,28.36,5,1241.3,7040.6536
2024-09-18,PFE,28.28,5,1233.45,6976.3932
2024-09-19,PFE,28.19,5,1217.79,6865.900019999999
2024-09-20,PFE,27.97,5,1219.64,6822.666160000001
2024-09-23,PFE,27.86,5,1226.82,6835.841039999999
2024-09-24,PFE,28.04,5,1223.19,6859.649520000001
2024-09-25,PFE,27.5,5,1228.13,6754.715000000001
2024-09-26,PFE,27.54,5,1227.24,6759.637919999999
2024-09-27,PFE,27.65,5,1232.76,6817.1628
2024-09-30,PFE,27.51,5,1243.74,6843.05748
2024-10-01,PFE,27.25,5,1246.34,6792.553
2024-10-02,PFE,27.2,5,1233.98,6712.8512
2024-10-03,PFE,26.94,5,1231.92,6637.58496
2024-10-04,PFE,27.17,5,1225.59,6659.85606
2024-10-07,PFE,27.76,5,1217.21,6757.949920000001
2024-10-08,PFE,27.74,5,1210.61,6716.464279999998
2024-10-09,PFE,28.7,5,1191.25,6837.775
2024-10-10,PFE,27.89,5,1176.9,6564.7482
2024-10-11,PFE,27.72,5,1176.9,6524.7336000000005
2024-10-14,PFE,27.64,5,1181.76,6532.76928
2024-10-15,PFE,27.98,5,1179.98,6603.16808
2024-10-16,PFE,28.2,5,1190.31,6713.3484
2024-10-17,PFE,27.82,5,1180.0,6565.5199999999995
2024-10-18,PFE,27.78,5,1195.0,6639.42
2024-10-21,PFE,27.5,5,1195.1,6573.05
2024-10-22,PFE,27.41,5,1195.1,6551.5382
2024-10-23,PFE,27.43,5,1183.65,6493.503900000001
2024-10-24,PFE,27.22,5,1179.42,6420.762479999999
2024-10-25,PFE,27.04,5,1163.7,6293.2896
2024-10-28,PFE,27.43,5,1154.94,6336.00084
2024-10-29,PFE,27.05,5,1155.43,6250.876300000001
2024-10-30,PFE,27.11,5,1158.6,6281.9292
2024-10-31,PFE,26.9,5,1157.94,6229.7172
2024-11-01,PFE,26.7,5,1176.74,6283.7916
2024-11-04,PFE,26.39,5,1176.85,6211.4142999999995
2024-11-05,PFE,26.61,5,1181.73,6289.16706
2024-11-06,PFE,26.01,5,1167.58,6073.75116
2024-11-07,PFE,26.1,5,1166.35,6088.347
2024-11-08,PFE,25.79,5,1159.65,5981.474700000001
2024-11-11,PFE,25.33,5,1162.01,5886.74266
2024-11-12,PFE,25.28,5,1164.95,5889.9872000000005
2024-11-13,PFE,25.79,5,1156.75,5966.5165
2024-11-14,PFE,25.12,5,1157.07,5813.11968
2024-11-15,PFE,23.94,5,1134.15,5430.310200000001
2024-11-18,PFE,24.0,5,1134.15,5443.92
2024-11-19,PFE,24.23,5,1104.41,5351.97086
2024-11-20,PFE,24.08,5,1111.29,5351.972639999999
2024-11-21,PFE,24.26,5,1111.59,5393.43468
2024-11-22,PFE,24.76,5,1106.85,5481.1212
2024-11-25,PFE,25.26,5,1104.77,5581.29804
2024-11-26,PFE,24.88,5,1107.67,5511.76592
2024-11-27,PFE,24.93,5,1105.85,5513.768099999999
2024-11-29,PFE,25.3,5,1109.94,5616.296400000001
2024-12-02,PFE,24.92,5,1099.42,5479.50928
2024-12-03,PFE,24.67,5,1107.92,5466.477280000001
2024-12-04,PFE,24.36,5,1101.11,5364.6079199999995
2024-12-05,PFE,24.81,5,1088.68,5402.03016
2024-12-06,PFE,24.84,5,1075.48,5342.984640000001
2024-12-09,PFE,25.19,5,1072.28,5402.146640000001
2024-12-10,PFE,24.68,5,1074.95,5305.9532
2024-12-11,PFE,24.36,5,1071.6,5220.8351999999995
2024-12-12,PFE,24.49,5,1067.12,5226.753759999999
2024-12-13,PFE,24.69,5,1095.31,5408.64078
2024-12-16,PFE,24.37,5,1119.1,5454.4934
2024-12-17,PFE,25.51,5,1151.42,5874.5448400000005
2024-12-18,PFE,24.99,5,1163.48,5815.07304
2024-12-19,PFE,24.88,5,1160.93,5776.787679999999
2024-12-20,PFE,25.45,5,1167.07,5940.3863
2024-12-23,PFE,25.78,5,1166.24,6013.13344
2024-12-24,PFE,25.81,5,1173.62,6058.2264399999995
2024-12-26,PFE,25.64,5,1188.67,6095.499760000001
2024-12-27,PFE,25.7,5,1182.95,6080.362999999999
2024-12-30,PFE,25.5,5,1186.93,6053.343
2024-01-02,AVGO,106.52,20,996.61,5307.94486
2024-01-03,AVGO,103.89,20,1048.82,5448.09549
2024-01-04,AVGO,102.95,20,1090.91,5615.4592250000005
2024-01-05,AVGO,102.98,20,1140.44,5872.12556
2024-01-08,AVGO,105.49,20,1201.55,6337.575475
2024-01-09,AVGO,106.24,20,1193.5,6339.871999999999
2024-01-10,AVGO,106.05,20,1182.72,6271.3728
2024-01-11,AVGO,107.95,20,1148.09,6196.815775
2024-01-12,AVGO,108.71,20,1136.65,6178.261075
2024-01-16,AVGO,109.42,20,1213.74,6640.37154
2024-01-17,AVGO,108.32,20,1273.34,6896.4094399999985
2024-01-18,AVGO,112.27,20,1282.58,7199.76283
2024-01-19,AVGO,118.87,20,1306.16,7763.16196
2024-01-22,AVGO,119.78,20,1312.49,7860.5026100000005
2024-01-23,AVGO,120.35,20,1285.71,7736.759925
2024-01-24,AVGO,123.06,20,1304.7,8027.819100000001
2024-01-25,AVGO,120.72,20,1281.95,7737.850200000001
2024-01-26,AVGO,118.25,20,1231.09,7278.819624999999
2024-01-29,AVGO,119.51,20,1263.18,7548.132090000001
2024-01-30,AVGO,118.57,20,1269.37,7525.460044999998
2024-01-31,AVGO,115.81,20,1248.95,7232.044975
2024-02-01,AVGO,117.77,20,1280.42,7539.753170000001
2024-02-02,AVGO,120.16,20,1288.36,7740.466879999998
2024-02-05,AVGO,122.0,20,1294.93,7899.073000000001
2024-02-06,AVGO,119.99,20,1249.42,7495.89529
2024-02-07,AVGO,123.37,20,1263.67,7794.948395000001
2024-02-08,AVGO,125.11,20,1246.57,7797.918634999999
2024-02-09,AVGO,125.96,20,1229.01,7740.304979999999
2024-02-12,AVGO,124.15,20,1229.01,7629.079575000001
2024-02-13,AVGO,122.84,20,1229.01,7548.57942
2024-02-14,AVGO,123.88,20,1174.95,7277.640300000001
2024-02-15,AVGO,124.16,20,1153.96,7163.7836800000005
2024-02-16,AVGO,122.23,20,1112.9,6801.488350000001
2024-02-20,AVGO,120.38,20,1130.07,6801.89133
2024-02-21,AVGO,120.46,20,1114.22,6710.94706
2024-02-22,AVGO,128.07,20,1094.85,7010.871974999999
2024-02-23,AVGO,127.23,20,1114.71,7091.227665
2024-02-26,AVGO,128.48,20,1098.25,7055.1579999999985
2024-02-27,AVGO,127.21,20,1087.26,6915.5172299999995
2024-02-28,AVGO,126.55,20,1072.1,6783.712749999999
2024-02-29,AVGO,127.63,20,1071.73,6839.244994999999
2024-03-01,AVGO,137.32,20,1089.95,7483.5967
2024-03-04,AVGO,137.62,20,1065.88,7334.320280000002
2024-03-05,AVGO,131.78,20,1042.21,6867.12169
2024-03-06,AVGO,132.49,20,1022.5,6773.551250000001
2024-03-07,AVGO,138.09,20,1029.27,7106.594715000001
2024-03-08,AVGO,128.44,20,1048.98,6736.5495599999995
2024-03-11,AVGO,126.91,20,1021.75,6483.514625
2024-03-12,AVGO,126.79,20,1067.23,6765.704585000001
2024-03-13,AVGO,123.45,20,1053.42,6502.23495
2024-03-14,AVGO,123.88,20,1060.45,6568.4273
2024-03-15,AVGO,121.25,20,1067.97,6474.568125
2024-03-18,AVGO,121.43,20,1080.99,6563.230785
2024-03-19,AVGO,121.5,20,1083.6,6582.87
2024-03-20,AVGO,125.76,20,1097.82,6903.09216
2024-03-21,AVGO,132.86,20,1099.02,7300.78986
2024-03-22,AVGO,133.4,20,1096.17,7311.4539
2024-03-25,AVGO,133.21,20,1079.64,7190.942220000002
2024-03-26,AVGO,131.23,20,1101.71,7228.870165
2024-03-27,AVGO,129.97,20,1085.7,7055.42145
2024-03-28,AVGO,130.63,20,1085.7,7091.24955
2024-04-01,AVGO,133.08,20,1085.7,7224.2478
2024-04-02,AVGO,131.95,20,1085.7,7162.90575
2024-04-03,AVGO,134.36,20,1069.53,7185.10254
2024-04-04,AVGO,129.85,20,1057.04,6862.8322
2024-04-05,AVGO,132.01,20,1048.61,6921.350304999998
2024-04-08,AVGO,131.69,20,1034.67,6812.784615
2024-04-09,AVGO,131.49,20,1046.55,6880.542974999999
2024-04-10,AVGO,130.33,20,1045.49,6812.935585000001
2024-04-11,AVGO,136.26,20,1048.9,7146.1557
2024-04-12,AVGO,132.47,20,1047.36,6937.1889599999995
2024-04-15,AVGO,129.18,20,1074.13,6937.805670000002
2024-04-16,AVGO,130.99,20,1075.44,7043.59428
2024-04-17,AVGO,126.42,20,1062.34,6715.051139999999
2024-04-18,AVGO,124.09,20,1065.74,6612.383830000001
2024-04-19,AVGO,118.74,20,1068.81,6345.5249699999995
2024-04-22,AVGO,120.68,20,1058.46,6386.7476400000005
2024-04-23,AVGO,123.12,20,1051.95,6475.8042000000005
2024-04-24,AVGO,123.87,20,1053.98,6527.82513
2024-04-25,AVGO,127.58,20,1081.23,6897.1661699999995
2024-04-26,AVGO,132.47,20,1085.07,7186.961144999999
2024-04-29,AVGO,131.93,20,1090.83,7195.660094999999
2024-04-30,AVGO,128.15,20,1091.95,6996.669625
2024-05-01,AVGO,122.5,20,1091.95,6688.19375
2024-05-02,AVGO,122.07,20,1120.38,6838.239329999999
2024-05-03,AVGO,125.97,20,1121.12,7061.37432
2024-05-06,AVGO,129.14,20,1108.66,7158.61762
2024-05-07,AVGO,128.43,20,1094.7,7029.616050000001
2024-05-08,AVGO,130.63,20,1076.45,7030.833175
2024-05-09,AVGO,128.69,20,1083.85,6974.032824999999
2024-05-10,AVGO,131.36,20,1078.41,7082.9968800000015
2024-05-13,AVGO,131.83,20,1075.73,7090.674295000002
2024-05-14,AVGO,136.02,20,1084.51,7375.75251
2024-05-15,AVGO,141.55,20,1092.63,7733.088825000002
2024-05-16,AVGO,139.18,20,1099.3,7650.0287
2024-05-17,AVGO,137.52,20,1104.04,7591.37904
2024-05-20,AVGO,139.37,20,1142.72,7963.044320000001
2024-05-21,AVGO,137.91,20,1196.31,8249.155605
2024-05-22,AVGO,137.22,20,1256.19,8618.71959
2024-05-23,AVGO,137.32,20,1256.24,8625.34384
2024-05-24,AVGO,138.76,20,1234.76,8566.764879999999
2024-05-28,AVGO,139.21,20,1233.95,8588.908975000002
2024-05-29,AVGO,137.06,20,1214.34,8321.872019999999
2024-05-30,AVGO,134.44,20,1213.09,8154.390979999999
2024-05-31,AVGO,130.94,20,1247.42,8166.858740000001
2024-06-03,AVGO,130.29,20,1297.47,8452.368315
2024-06-04,AVGO,131.17,20,1311.19,8599.439615
2024-06-05,AVGO,139.27,20,1304.36,9082.91086
2024-06-06,AVGO,138.11,20,1296.88,8955.604840000002
2024-06-07,AVGO,138.64,20,1313.02,9101.85464
2024-06-10,AVGO,141.97,20,1307.44,9280.86284
2024-06-11,AVGO,144.0,20,1305.74,9401.328
2024-06-12,AVGO,147.4,20,1301.69,9593.455300000001
2024-06-13,AVGO,165.48,20,1274.41,10544.46834
2024-06-14,AVGO,171.01,20,1267.39,10836.818195
2024-06-17,AVGO,180.25,20,1267.39,11422.352375
2024-06-18,AVGO,177.66,20,1263.97,11227.845510000001
2024-06-20,AVGO,170.96,20,1263.97,10804.415560000001
2024-06-21,AVGO,163.48,20,1263.97,10331.69078
2024-06-24,AVGO,157.43,20,1313.9,10342.363850000002
2024-06-25,AVGO,156.3,20,1312.66,10258.4379
2024-06-26,AVGO,157.41,20,1341.33,10556.937764999999
2024-06-27,AVGO,156.88,20,1345.17,10551.51348
2024-06-28,AVGO,158.74,20,1350.08,10715.58496
2024-07-01,AVGO,162.23,20,1412.26,11455.546989999999
2024-07-02,AVGO,163.88,20,1428.27,11703.24438
2024-07-03,AVGO,170.97,20,1394.4,11920.028400000001
2024-07-05,AVGO,168.41,20,1391.94,11720.83077
2024-07-08,AVGO,172.62,20,1386.59,11967.65829
2024-07-09,AVGO,171.38,20,1386.59,11881.689709999999
2024-07-10,AVGO,172.5,20,1390.66,11994.442500000001
2024-07-11,AVGO,168.67,20,1414.42,11928.511069999999
2024-07-12,AVGO,168.15,20,1428.57,12010.702275
2024-07-15,AVGO,169.49,20,1306.97,11075.917265
2024-07-16,AVGO,167.47,20,1285.59,10764.887865
2024-07-17,AVGO,154.22,20,1309.23,10095.472530000001
2024-07-18,AVGO,158.71,20,1332.64,10575.16472
2024-07-19,AVGO,155.58,20,1328.69,10335.879510000002
2024-07-22,AVGO,159.25,20,1329.71,10587.815875
2024-07-23,AVGO,161.92,20,1337.36,10827.266559999998
2024-07-24,AVGO,149.63,20,1335.28,9989.89732
2024-07-25,AVGO,147.58,20,1330.03,9814.29137
2024-07-26,AVGO,149.92,20,1318.05,9880.102799999999
2024-07-29,AVGO,148.53,20,1294.33,9612.341745
2024-07-30,AVGO,141.9,20,1265.14,8976.168300000001
2024-07-31,AVGO,158.87,20,1284.84,10206.12654
2024-08-01,AVGO,145.36,20,1302.24,9464.680320000001
2024-08-02,AVGO,142.2,20,1321.58,9396.433799999999
2024-08-05,AVGO,140.48,20,1338.11,9398.884639999998
2024-08-06,AVGO,142.3,20,1340.93,9540.716950000002
2024-08-07,AVGO,134.73,20,1327.42,8942.16483
2024-08-08,AVGO,144.1,20,1311.29,9447.84445
2024-08-09,AVGO,146.59,20,1297.68,9511.34556
2024-08-12,AVGO,146.95,20,1281.72,9417.437699999999
2024-08-13,AVGO,154.4,20,1267.16,9782.4752
2024-08-14,AVGO,155.91,20,1268.59,9889.293345
2024-08-15,AVGO,164.26,20,1276.4,10483.0732
2024-08-16,AVGO,163.85,20,1291.92,10584.0546
2024-08-19,AVGO,165.82,20,1286.6,10667.2006
2024-08-20,AVGO,164.08,20,1290.0,10583.16
2024-08-21,AVGO,163.91,20,1286.47,10543.264885
2024-08-22,AVGO,160.51,20,1285.52,10316.94076
2024-08-23,AVGO,164.49,20,1286.0,10576.707
2024-08-26,AVGO,157.82,20,1289.88,10178.443080000001
2024-08-27,AVGO,159.57,20,1293.71,10321.865235000001
2024-08-28,AVGO,156.4,20,1292.68,10108.7576
2024-08-29,AVGO,155.16,20,1289.04,10000.372319999999
2024-08-30,AVGO,160.99,20,1298.81,10454.771095
2024-09-03,AVGO,151.07,20,1302.9,9841.45515
2024-09-04,AVGO,152.38,20,1293.76,9857.157439999999
2024-09-05,AVGO,151.1,20,1271.6,9606.937999999998
2024-09-06,AVGO,135.46,20,1258.08,8520.975840000001
2024-09-09,AVGO,139.23,20,1245.65,8671.592475000001
2024-09-10,AVGO,146.54,20,1249.13,9152.375510000002
2024-09-11,AVGO,156.49,20,1245.08,9742.12846
2024-09-12,AVGO,162.71,20,1260.0,10250.73
2024-09-13,AVGO,165.8,20,1253.33,10390.1057
2024-09-16,AVGO,162.17,20,1244.8,10093.460799999999
2024-09-17,AVGO,160.64,20,1241.3,9970.121599999999
2024-09-18,AVGO,159.85,20,1233.45,9858.349125
2024-09-19,AVGO,166.08,20,1217.79,10112.52816
2024-09-20,AVGO,169.73,20,1219.64,10350.47486
2024-09-23,AVGO,171.55,20,1226.82,10523.04855
2024-09-24,AVGO,173.44,20,1223.19,10607.50368
2024-09-25,AVGO,174.11,20,1228.13,10691.485715
2024-09-26,AVGO,176.66,20,1227.24,10840.21092
2024-09-27,AVGO,171.31,20,1232.76,10559.20578
2024-09-30,AVGO,171.12,20,1243.74,10641.43944
2024-10-01,AVGO,166.13,20,1246.34,10352.72321
2024-10-02,AVGO,169.29,20,1233.98,10445.02371
2024-10-03,AVGO,170.51,20,1231.92,10502.733960000001
2024-10-04,AVGO,175.22,20,1225.59,10737.39399
2024-10-07,AVGO,173.68,20,1217.21,10570.25164
2024-10-08,AVGO,179.28,20,1210.61,10851.908039999998
2024-10-09,AVGO,184.46,20,1191.25,10986.89875
2024-10-10,AVGO,184.2,20,1176.9,10839.249
2024-10-11,AVGO,180.03,20,1176.9,10593.865350000002
2024-10-14,AVGO,180.85,20,1181.76,10686.0648
2024-10-15,AVGO,174.57,20,1179.98,10299.45543
2024-10-16,AVGO,175.4,20,1190.31,10439.0187
2024-10-17,AVGO,180.07,20,1180.0,10624.130000000001
2024-10-18,AVGO,178.45,20,1195.0,10662.3875
2024-10-21,AVGO,178.55,20,1195.1,10669.25525
2024-10-22,AVGO,177.94,20,1195.1,10632.804699999999
2024-10-23,AVGO,172.12,20,1183.65,10186.4919
2024-10-24,AVGO,169.98,20,1179.42,10023.89058
2024-10-25,AVGO,171.61,20,1163.7,9985.12785
2024-10-28,AVGO,170.64,20,1154.94,9853.948079999998
2024-10-29,AVGO,177.8,20,1155.43,10271.772700000001
2024-10-30,AVGO,175.22,20,1158.6,10150.4946
2024-10-31,AVGO,168.41,20,1157.94,9750.43377
2024-11-01,AVGO,167.57,20,1176.74,9859.31609
2024-11-04,AVGO,167.2,20,1176.85,9838.465999999999
2024-11-05,AVGO,172.51,20,1181.73,10193.012115
2024-11-06,AVGO,178.11,20,1167.58,10397.883689999999
2024-11-07,AVGO,182.34,20,1166.35,10633.612949999999
2024-11-08,AVGO,182.17,20,1159.65,10562.672025
2024-11-11,AVGO,177.48,20,1162.01,10311.676739999999
2024-11-12,AVGO,174.81,20,1164.95,10182.245475
2024-11-13,AVGO,172.19,20,1156.75,9959.039125
2024-11-14,AVGO,169.01,20,1157.07,9777.820034999999
2024-11-15,AVGO,163.52,20,1134.15,9272.8104
2024-11-18,AVGO,164.34,20,1134.15,9319.31055
2024-11-19,AVGO,164.02,20,1104.41,9057.26641
2024-11-20,AVGO,161.94,20,1111.29,8998.11513
2024-11-21,AVGO,162.63,20,1111.59,9038.894084999998
2024-11-22,AVGO,162.91,20,1106.85,9015.846674999999
2024-11-25,AVGO,163.5,20,1104.77,9031.49475
2024-11-26,AVGO,163.42,20,1107.67,9050.77157
2024-11-27,AVGO,158.39,20,1105.85,8757.779074999999
2024-11-29,AVGO,160.78,20,1109.94,8922.80766
2024-12-02,AVGO,165.18,20,1099.42,9080.10978
2024-12-03,AVGO,166.8,20,1107.92,9240.052800000001
2024-12-04,AVGO,169.19,20,1101.11,9314.840044999999
2024-12-05,AVGO,169.1,20,1088.68,9204.7894
2024-12-06,AVGO,178.09,20,1075.48,9576.61166
2024-12-09,AVGO,177.51,20,1072.28,9517.021139999999
2024-12-10,AVGO,170.43,20,1074.95,9160.186425000002
2024-12-11,AVGO,181.73,20,1071.6,9737.093399999998
2024-12-12,AVGO,179.21,20,1067.12,9561.928759999999
2024-12-13,AVGO,223.0,20,1095.31,12212.706499999998
2024-12-16,AVGO,248.0,20,1119.1,13876.84
2024-12-17,AVGO,238.3,20,1151.42,13719.169300000003
2024-12-18,AVGO,221.83,20,1163.48,12904.738420000001
2024-12-19,AVGO,216.57,20,1160.93,12571.130505000001
2024-12-20,AVGO,219.02,20,1167.07,12780.583569999999
2024-12-23,AVGO,231.11,20,1166.24,13476.486320000002
2024-12-24,AVGO,238.4,20,1173.62,13989.550399999998
2024-12-26,AVGO,244.05,20,1188.67,14504.745675000002
2024-12-27,AVGO,240.45,20,1182.95,14222.016375000001
2024-12-30,AVGO,234.32,20,1186.93,13906.07188
2024-01-02,YPF,16.52,3,996.61,5487.999066666667
2024-01-03,YPF,16.77,3,1048.82,5862.9038
2024-01-04,YPF,16.23,3,1090.91,5901.8231000000005
2024-01-05,YPF,16.7,3,1140.44,6348.449333333334
2024-01-08,YPF,16.71,3,1201.55,6692.6335
2024-01-09,YPF,16.04,3,1193.5,6381.246666666666
2024-01-10,YPF,15.9,3,1182.72,6268.416
2024-01-11,YPF,15.99,3,1148.09,6119.3197
2024-01-12,YPF,15.89,3,1136.65,6020.456166666667
2024-01-16,YPF,14.91,3,1213.74,6032.287800000001
2024-01-17,YPF,15.0,3,1273.34,6366.7
2024-01-18,YPF,15.2,3,1282.58,6498.405333333332
2024-01-19,YPF,15.63,3,1306.16,6805.093600000001
2024-01-22,YPF,15.64,3,1312.49,6842.447866666666
2024-01-23,YPF,15.79,3,1285.71,6767.1203
2024-01-24,YPF,16.44,3,1304.7,7149.756000000001
2024-01-25,YPF,17.37,3,1281.95,7422.490500000001
2024-01-26,YPF,17.69,3,1231.09,7259.327366666667
2024-01-29,YPF,17.54,3,1263.18,7385.3924
2024-01-30,YPF,17.29,3,1269.37,7315.8024333333315
2024-01-31,YPF,17.28,3,1248.95,7193.952000000001
2024-02-01,YPF,17.49,3,1280.42,7464.8486
2024-02-02,YPF,17.18,3,1288.36,7378.008266666667
2024-02-05,YPF,16.41,3,1294.93,7083.267100000001
2024-02-06,YPF,16.53,3,1249.42,6884.304200000001
2024-02-07,YPF,16.04,3,1263.67,6756.422266666667
2024-02-08,YPF,15.81,3,1246.57,6569.423900000001
2024-02-09,YPF,16.64,3,1229.01,6816.9088
2024-02-12,YPF,16.74,3,1229.01,6857.875799999999
2024-02-13,YPF,16.66,3,1229.01,6825.1022
2024-02-14,YPF,17.02,3,1174.95,6665.883000000001
2024-02-15,YPF,17.0,3,1153.96,6539.106666666667
2024-02-16,YPF,16.85,3,1112.9,6250.788333333334
2024-02-20,YPF,16.71,3,1130.07,6294.4899000000005
2024-02-21,YPF,16.96,3,1114.22,6299.057066666667
2024-02-22,YPF,18.05,3,1094.85,6587.3475
2024-02-23,YPF,18.04,3,1114.71,6703.1228
2024-02-26,YPF,17.91,3,1098.25,6556.552500000001
2024-02-27,YPF,17.41,3,1087.26,6309.7321999999995
2024-02-28,YPF,17.07,3,1072.1,6100.249
2024-02-29,YPF,17.3,3,1071.73,6180.309666666667
2024-03-01,YPF,17.83,3,1089.95,6477.936166666666
2024-03-04,YPF,18.71,3,1065.88,6647.538266666667
2024-03-05,YPF,18.2,3,1042.21,6322.7406666666675
2024-03-06,YPF,18.67,3,1022.5,6363.358333333334
2024-03-07,YPF,18.32,3,1029.27,6285.4088
2024-03-08,YPF,17.65,3,1048.98,6171.499
2024-03-11,YPF,17.34,3,1021.75,5905.715
2024-03-12,YPF,17.64,3,1067.23,6275.3124
2024-03-13,YPF,18.11,3,1053.42,6359.1454
2024-03-14,YPF,18.0,3,1060.45,6362.700000000001
2024-03-15,YPF,18.06,3,1067.97,6429.1794
2024-03-18,YPF,19.26,3,1080.99,6939.955800000001
2024-03-19,YPF,18.97,3,1083.6,6851.963999999999
2024-03-20,YPF,19.36,3,1097.82,7084.598399999999
2024-03-21,YPF,20.19,3,1099.02,7396.404600000001
2024-03-22,YPF,20.26,3,1096.17,7402.801400000001
2024-03-25,YPF,20.37,3,1079.64,7330.755600000001
2024-03-26,YPF,19.8,3,1101.71,7271.286
2024-03-27,YPF,20.12,3,1085.7,7281.428000000001
2024-03-28,YPF,19.8,3,1085.7,7165.62
2024-04-01,YPF,19.63,3,1085.7,7104.097000000001
2024-04-02,YPF,19.91,3,1085.7,7205.429
2024-04-03,YPF,20.64,3,1069.53,7358.3664
2024-04-04,YPF,20.23,3,1057.04,7127.973066666666
2024-04-05,YPF,21.04,3,1048.61,7354.251466666666
2024-04-08,YPF,21.71,3,1034.67,7487.561900000001
2024-04-09,YPF,21.75,3,1046.55,7587.487499999999
2024-04-10,YPF,21.46,3,1045.49,7478.738466666667
2024-04-11,YPF,21.61,3,1048.9,7555.576333333334
2024-04-12,YPF,21.17,3,1047.36,7390.8704
2024-04-15,YPF,20.21,3,1074.13,7236.055766666668
2024-04-16,YPF,20.25,3,1075.44,7259.22
2024-04-17,YPF,19.47,3,1062.34,6894.586599999999
2024-04-18,YPF,19.07,3,1065.74,6774.553933333334
2024-04-19,YPF,19.34,3,1068.81,6890.261799999999
2024-04-22,YPF,20.79,3,1058.46,7335.127799999999
2024-04-23,YPF,20.87,3,1051.95,7318.065500000001
2024-04-24,YPF,20.16,3,1053.98,7082.745599999999
2024-04-25,YPF,20.24,3,1081.23,7294.6984
2024-04-26,YPF,21.17,3,1085.07,7656.9773
2024-04-29,YPF,21.48,3,1090.83,7810.342799999999
2024-04-30,YPF,21.96,3,1091.95,7993.0740000000005
2024-05-01,YPF,22.08,3,1091.95,8036.7519999999995
2024-05-02,YPF,22.36,3,1120.38,8350.5656
2024-05-03,YPF,23.38,3,1121.12,8737.261866666666
2024-05-06,YPF,23.88,3,1108.66,8824.9336
2024-05-07,YPF,24.03,3,1094.7,8768.547
2024-05-08,YPF,24.46,3,1076.45,8776.655666666667
2024-05-09,YPF,24.38,3,1083.85,8808.087666666665
2024-05-10,YPF,22.78,3,1078.41,8188.726600000001
2024-05-13,YPF,22.78,3,1075.73,8168.3764666666675
2024-05-14,YPF,23.02,3,1084.51,8321.806733333333
2024-05-15,YPF,23.91,3,1092.63,8708.261100000002
2024-05-16,YPF,23.64,3,1099.3,8662.484
2024-05-17,YPF,23.44,3,1104.04,8626.232533333334
2024-05-20,YPF,23.77,3,1142.72,9054.151466666666
2024-05-21,YPF,23.53,3,1196.31,9383.0581
2024-05-22,YPF,21.77,3,1256.19,9115.7521
2024-05-23,YPF,21.35,3,1256.24,8940.241333333333
2024-05-24,YPF,21.01,3,1234.76,8647.435866666667
2024-05-28,YPF,22.25,3,1233.95,9151.795833333334
2024-05-29,YPF,22.46,3,1214.34,9091.3588
2024-05-30,YPF,23.91,3,1213.09,9668.327299999999
2024-05-31,YPF,23.21,3,1247.42,9650.872733333335
2024-06-03,YPF,22.1,3,1297.47,9558.029
2024-06-04,YPF,20.28,3,1311.19,8863.644400000001
2024-06-05,YPF,20.81,3,1304.36,9047.910533333332
2024-06-06,YPF,20.1,3,1296.88,8689.096000000001
2024-06-07,YPF,20.02,3,1313.02,8762.220133333334
2024-06-10,YPF,20.83,3,1307.44,9077.991733333332
2024-06-11,YPF,20.27,3,1305.74,8822.449933333333
2024-06-12,YPF,20.67,3,1301.69,8968.644100000001
2024-06-13,YPF,21.17,3,1274.41,8993.086566666667
2024-06-14,YPF,20.88,3,1267.39,8821.0344
2024-06-17,YPF,20.44,3,1267.39,8635.150533333335
2024-06-18,YPF,21.01,3,1263.97,8852.003233333335
2024-06-20,YPF,20.76,3,1263.97,8746.672400000001
2024-06-21,YPF,20.3,3,1263.97,8552.863666666666
2024-06-24,YPF,20.77,3,1313.9,9096.567666666668
2024-06-25,YPF,20.82,3,1312.66,9109.8604
2024-06-26,YPF,20.28,3,1341.33,9067.3908
2024-06-27,YPF,20.72,3,1345.17,9290.6408
2024-06-28,YPF,20.12,3,1350.08,9054.536533333334
2024-07-01,YPF,19.34,3,1412.26,9104.369466666667
2024-07-02,YPF,20.01,3,1428.27,9526.5609
2024-07-03,YPF,20.15,3,1394.4,9365.72
2024-07-05,YPF,20.08,3,1391.94,9316.7184
2024-07-08,YPF,20.55,3,1386.59,9498.1415
2024-07-09,YPF,20.73,3,1386.59,9581.3369
2024-07-10,YPF,21.05,3,1390.66,9757.797666666667
2024-07-11,YPF,21.13,3,1414.42,9962.231533333334
2024-07-12,YPF,21.29,3,1428.57,10138.085099999998
2024-07-15,YPF,20.99,3,1306.97,9144.433433333334
2024-07-16,YPF,20.64,3,1285.59,8844.8592
2024-07-17,YPF,19.87,3,1309.23,8671.4667
2024-07-18,YPF,19.91,3,1332.64,8844.287466666667
2024-07-19,YPF,20.19,3,1328.69,8942.083700000001
2024-07-22,YPF,20.16,3,1329.71,8935.6512
2024-07-23,YPF,20.47,3,1337.36,9125.253066666666
2024-07-24,YPF,19.69,3,1335.28,8763.887733333335
2024-07-25,YPF,19.68,3,1330.03,8724.996799999999
2024-07-26,YPF,19.98,3,1318.05,8778.213
2024-07-29,YPF,19.3,3,1294.33,8326.856333333333
2024-07-30,YPF,18.95,3,1265.14,7991.467666666667
2024-07-31,YPF,19.94,3,1284.84,8539.903199999999
2024-08-01,YPF,19.37,3,1302.24,8408.1296
2024-08-02,YPF,18.14,3,1321.58,7991.153733333333
2024-08-05,YPF,18.06,3,1338.11,8055.422199999998
2024-08-06,YPF,18.45,3,1340.93,8246.719500000001
2024-08-07,YPF,19.03,3,1327.42,8420.267533333334
2024-08-08,YPF,19.78,3,1311.29,8645.772066666666
2024-08-09,YPF,20.58,3,1297.68,8902.084799999999
2024-08-12,YPF,21.44,3,1281.72,9160.0256
2024-08-13,YPF,21.59,3,1267.16,9119.328133333334
2024-08-14,YPF,21.6,3,1268.59,9133.848
2024-08-15,YPF,21.78,3,1276.4,9266.664
2024-08-16,YPF,21.67,3,1291.92,9331.9688
2024-08-19,YPF,21.79,3,1286.6,9345.004666666666
2024-08-20,YPF,21.64,3,1290.0,9305.2
2024-08-21,YPF,21.12,3,1286.47,9056.748800000001
2024-08-22,YPF,20.68,3,1285.52,8861.517866666667
2024-08-23,YPF,21.07,3,1286.0,9032.006666666666
2024-08-26,YPF,21.32,3,1289.88,9166.7472
2024-08-27,YPF,21.59,3,1293.71,9310.399633333333
2024-08-28,YPF,21.73,3,1292.68,9363.312133333335
2024-08-29,YPF,22.44,3,1289.04,9642.0192
2024-08-30,YPF,23.7,3,1298.81,10260.599
2024-09-03,YPF,23.25,3,1302.9,10097.475
2024-09-04,YPF,24.04,3,1293.76,10367.330133333333
2024-09-05,YPF,23.92,3,1271.6,10138.890666666666
2024-09-06,YPF,23.35,3,1258.08,9792.056
2024-09-09,YPF,23.27,3,1245.65,9662.091833333334
2024-09-10,YPF,22.72,3,1249.13,9460.077866666667
2024-09-11,YPF,22.82,3,1245.08,9470.908533333333
2024-09-12,YPF,23.11,3,1260.0,9706.199999999999
2024-09-13,YPF,23.31,3,1253.33,9738.374099999999
2024-09-16,YPF,23.87,3,1244.8,9904.458666666667
2024-09-17,YPF,23.65,3,1241.3,9785.581666666665
2024-09-18,YPF,23.56,3,1233.45,9686.694
2024-09-19,YPF,24.26,3,1217.79,9847.8618
2024-09-20,YPF,23.65,3,1219.64,9614.828666666666
2024-09-23,YPF,22.88,3,1226.82,9356.547199999999
2024-09-24,YPF,22.75,3,1223.19,9275.8575
2024-09-25,YPF,22.35,3,1228.13,9149.568500000001
2024-09-26,YPF,22.06,3,1227.24,9024.3048
2024-09-27,YPF,21.68,3,1232.76,8908.7456
2024-09-30,YPF,21.21,3,1243.74,8793.241800000002
2024-10-01,YPF,21.67,3,1246.34,9002.729266666667
2024-10-02,YPF,21.69,3,1233.98,8921.6754
2024-10-03,YPF,22.36,3,1231.92,9181.9104
2024-10-04,YPF,22.24,3,1225.59,9085.707199999999
2024-10-07,YPF,21.98,3,1217.21,8918.091933333335
2024-10-08,YPF,22.1,3,1210.61,8918.160333333333
2024-10-09,YPF,23.59,3,1191.25,9367.195833333333
2024-10-10,YPF,24.25,3,1176.9,9513.275
2024-10-11,YPF,24.88,3,1176.9,9760.424
2024-10-14,YPF,25.25,3,1181.76,9946.48
2024-10-15,YPF,25.74,3,1179.98,10124.2284
2024-10-16,YPF,24.88,3,1190.31,9871.6376
2024-10-17,YPF,25.02,3,1180.0,9841.199999999999
2024-10-18,YPF,25.0,3,1195.0,9958.333333333334
2024-10-21,YPF,24.87,3,1195.1,9907.378999999999
2024-10-22,YPF,24.82,3,1195.1,9887.460666666666
2024-10-23,YPF,24.3,3,1183.65,9587.565
2024-10-24,YPF,25.11,3,1179.42,9871.7454
2024-10-25,YPF,25.65,3,1163.7,9949.635
2024-10-28,YPF,25.51,3,1154.94,9820.839800000002
2024-10-29,YPF,24.84,3,1155.43,9566.9604
2024-10-30,YPF,24.55,3,1158.6,9481.21
2024-10-31,YPF,24.51,3,1157.94,9460.369800000002
2024-11-01,YPF,25.37,3,1176.74,9951.297933333333
2024-11-04,YPF,26.59,3,1176.85,10430.813833333332
2024-11-05,YPF,27.49,3,1181.73,10828.5859
2024-11-06,YPF,28.25,3,1167.58,10994.711666666664
2024-11-07,YPF,29.32,3,1166.35,11399.127333333332
2024-11-08,YPF,29.24,3,1159.65,11302.722
2024-11-11,YPF,29.84,3,1162.01,11558.126133333333
2024-11-12,YPF,29.79,3,1164.95,11567.953500000001
2024-11-13,YPF,30.91,3,1156.75,11918.380833333335
2024-11-14,YPF,32.26,3,1157.07,12442.3594
2024-11-15,YPF,32.39,3,1134.15,12245.0395
2024-11-18,YPF,34.94,3,1134.15,13209.067000000001
2024-11-19,YPF,35.55,3,1104.41,13087.258500000002
2024-11-20,YPF,37.17,3,1111.29,13768.8831
2024-11-21,YPF,37.47,3,1111.59,13883.759099999997
2024-11-22,YPF,40.03,3,1106.85,14769.0685
2024-11-25,YPF,39.26,3,1104.77,14457.756733333334
2024-11-26,YPF,40.03,3,1107.67,14780.010033333334
2024-11-27,YPF,39.71,3,1105.85,14637.767833333332
2024-11-29,YPF,40.3,3,1109.94,14910.194000000001
2024-12-02,YPF,40.22,3,1099.42,14739.557466666667
2024-12-03,YPF,40.15,3,1107.92,14827.662666666669
2024-12-04,YPF,38.38,3,1101.11,14086.867266666666
2024-12-05,YPF,38.46,3,1088.68,13956.877600000002
2024-12-06,YPF,38.87,3,1075.48,13934.635866666666
2024-12-09,YPF,40.51,3,1072.28,14479.354266666667
2024-12-10,YPF,40.65,3,1074.95,14565.5725
2024-12-11,YPF,43.12,3,1071.6,15402.463999999998
2024-12-12,YPF,43.96,3,1067.12,15636.865066666665
2024-12-13,YPF,44.56,3,1095.31,16269.004533333333
2024-12-16,YPF,44.58,3,1119.1,16629.825999999997
2024-12-17,YPF,44.88,3,1151.42,17225.2432
2024-12-18,YPF,41.69,3,1163.48,16168.493733333331
2024-12-19,YPF,41.42,3,1160.93,16028.573533333336
2024-12-20,YPF,42.02,3,1167.07,16346.760466666667
2024-12-23,YPF,42.44,3,1166.24,16498.40853333333
2024-12-24,YPF,42.79,3,1173.62,16739.733266666666
2024-12-26,YPF,43.06,3,1188.67,17061.376733333334
2024-12-27,YPF,42.64,3,1182.95,16813.662666666667
2024-12-30,YPF,42.37,3,1186.93,16763.408033333333
