Date,Price,Ticker,Price,Price,Price,Price,Price,Price,Price,Price,Price,Price,Price,Price,Price,Price,Price,Price,Price,Price,Price,Price,Price,Price
,NVDA,,AAPL,PAM,GOOG,AMZN,TSLA,MSTR,SPY,SPOT,QQQ,KO,DIA,META,BRK-B,PLTR,PEP,GGAL,HUT,COIN,MRVL,PFE,AVGO,YPF
2024-01-02,,AAPL,184.29042053222656,,,,,,,,,,,,,,,,,,,,,
2024-01-02,,AMZN,,,,149.92999267578125,,,,,,,,,,,,,,,,,,
2024-01-02,,AVGO,,,,,,,,,,,,,,,,,,,,,106.52169036865234,
2024-01-02,,BRK-B,,,,,,,,,,,,,362.4599914550781,,,,,,,,,
2024-01-02,,COIN,,,,,,,,,,,,,,,,,,156.8800048828125,,,,
2024-01-02,,DIA,,,,,,,,,,,368.966552734375,,,,,,,,,,,
2024-01-02,,GGAL,,,,,,,,,,,,,,,,15.66137409210205,,,,,,
2024-01-02,,GOOG,,,138.73533630371094,,,,,,,,,,,,,,,,,,,
2024-01-02,,HUT,,,,,,,,,,,,,,,,,12.600000381469727,,,,,
2024-01-02,,KO,,,,,,,,,,57.215126037597656,,,,,,,,,,,,
2024-01-02,,META,,,,,,,,,,,,344.40057373046875,,,,,,,,,,
2024-01-02,,MRVL,,,,,,,,,,,,,,,,,,,57.868289947509766,,,
2024-01-02,,MSTR,,,,,,68.51499938964844,,,,,,,,,,,,,,,,
2024-01-02,48.14657211303711,NVDA,,,,,,,,,,,,,,,,,,,,,,
2024-01-02,,PAM,,48.220001220703125,,,,,,,,,,,,,,,,,,,,
2024-01-02,,PEP,,,,,,,,,,,,,,,164.27383422851562,,,,,,,
2024-01-02,,PFE,,,,,,,,,,,,,,,,,,,,27.045759201049805,,
2024-01-02,,PLTR,,,,,,,,,,,,,,16.579999923706055,,,,,,,,
2024-01-02,,QQQ,,,,,,,,,399.1674499511719,,,,,,,,,,,,,
2024-01-02,,SPOT,,,,,,,,188.8000030517578,,,,,,,,,,,,,,
2024-01-02,,SPY,,,,,,,463.8929748535156,,,,,,,,,,,,,,,
2024-01-02,,TSLA,,,,,248.4199981689453,,,,,,,,,,,,,,,,,
2024-01-02,,YPF,,,,,,,,,,,,,,,,,,,,,,16.520000457763672
2024-01-03,,AAPL,182.91050720214844,,,,,,,,,,,,,,,,,,,,,
2024-01-03,,AMZN,,,,148.47000122070312,,,,,,,,,,,,,,,,,,
2024-01-03,,AVGO,,,,,,,,,,,,,,,,,,,,,103.89147186279297,
2024-01-03,,BRK-B,,,,,,,,,,,,,366.75,,,,,,,,,
2024-01-03,,COIN,,,,,,,,,,,,,,,,,,152.24000549316406,,,,
2024-01-03,,DIA,,,,,,,,,,,366.1486511230469,,,,,,,,,,,
2024-01-03,,GGAL,,,,,,,,,,,,,,,,15.495156288146973,,,,,,
2024-01-03,,GOOG,,,139.53060913085938,,,,,,,,,,,,,,,,,,,
2024-01-03,,HUT,,,,,,,,,,,,,,,,,12.329999923706055,,,,,
2024-01-03,,KO,,,,,,,,,,57.349029541015625,,,,,,,,,,,,
2024-01-03,,META,,,,,,,,,,,,342.59051513671875,,,,,,,,,,
2024-01-03,,MRVL,,,,,,,,,,,,,,,,,,,56.465599060058594,,,
2024-01-03,,MSTR,,,,,,63.10599899291992,,,,,,,,,,,,,,,,
2024-01-03,47.5478401184082,NVDA,,,,,,,,,,,,,,,,,,,,,,
2024-01-03,,PAM,,48.4900016784668,,,,,,,,,,,,,,,,,,,,
2024-01-03,,PEP,,,,,,,,,,,,,,,164.31185913085938,,,,,,,
2024-01-03,,PFE,,,,,,,,,,,,,,,,,,,,27.045759201049805,,
2024-01-03,,PLTR,,,,,,,,,,,,,,16.09000015258789,,,,,,,,
2024-01-03,,QQQ,,,,,,,,,394.9436340332031,,,,,,,,,,,,,
2024-01-03,,SPOT,,,,,,,,187.94000244140625,,,,,,,,,,,,,,
2024-01-03,,SPY,,,,,,,460.10443115234375,,,,,,,,,,,,,,,
2024-01-03,,TSLA,,,,,238.4499969482422,,,,,,,,,,,,,,,,,
2024-01-03,,YPF,,,,,,,,,,,,,,,,,,,,,,16.770000457763672
2024-01-04,,AAPL,180.58755493164062,,,,,,,,,,,,,,,,,,,,,
2024-01-04,,AMZN,,,,144.57000732421875,,,,,,,,,,,,,,,,,,
2024-01-04,,AVGO,,,,,,,,,,,,,,,,,,,,,102.9522476196289,
2024-01-04,,BRK-B,,,,,,,,,,,,,363.67999267578125,,,,,,,,,
2024-01-04,,COIN,,,,,,,,,,,,,,,,,,155.60000610351562,,,,
2024-01-04,,DIA,,,,,,,,,,,366.4715881347656,,,,,,,,,,,
2024-01-04,,GGAL,,,,,,,,,,,,,,,,14.996503829956055,,,,,,
2024-01-04,,GOOG,,,137.2243194580078,,,,,,,,,,,,,,,,,,,
2024-01-04,,HUT,,,,,,,,,,,,,,,,,12.529999732971191,,,,,
2024-01-04,,KO,,,,,,,,,,57.157737731933594,,,,,,,,,,,,
2024-01-04,,META,,,,,,,,,,,,345.22607421875,,,,,,,,,,
2024-01-04,,MRVL,,,,,,,,,,,,,,,,,,,57.82993698120117,,,
2024-01-04,,MSTR,,,,,,65.58100128173828,,,,,,,,,,,,,,,,
2024-01-04,47.976654052734375,NVDA,,,,,,,,,,,,,,,,,,,,,,
2024-01-04,,PAM,,47.7400016784668,,,,,,,,,,,,,,,,,,,,
2024-01-04,,PEP,,,,,,,,,,,,,,,162.90576171875,,,,,,,
2024-01-04,,PFE,,,,,,,,,,,,,,,,,,,,26.463544845581055,,
2024-01-04,,PLTR,,,,,,,,,,,,,,16.25,,,,,,,,
2024-01-04,,QQQ,,,,,,,,,392.9111022949219,,,,,,,,,,,,,
2024-01-04,,SPOT,,,,,,,,192.5800018310547,,,,,,,,,,,,,,
2024-01-04,,SPY,,,,,,,458.6224365234375,,,,,,,,,,,,,,,
2024-01-04,,TSLA,,,,,237.92999267578125,,,,,,,,,,,,,,,,,
2024-01-04,,YPF,,,,,,,,,,,,,,,,,,,,,,16.229999542236328
2024-01-05,,AAPL,179.86282348632812,,,,,,,,,,,,,,,,,,,,,
2024-01-05,,AMZN,,,,145.24000549316406,,,,,,,,,,,,,,,,,,
2024-01-05,,AVGO,,,,,,,,,,,,,,,,,,,,,102.978759765625,
2024-01-05,,BRK-B,,,,,,,,,,,,,365.5899963378906,,,,,,,,,
2024-01-05,,COIN,,,,,,,,,,,,,,,,,,153.97999572753906,,,,
2024-01-05,,DIA,,,,,,,,,,,366.5694274902344,,,,,,,,,,,
2024-01-05,,GGAL,,,,,,,,,,,,,,,,15.227361679077148,,,,,,
2024-01-05,,GOOG,,,136.57815551757812,,,,,,,,,,,,,,,,,,,
2024-01-05,,HUT,,,,,,,,,,,,,,,,,11.899999618530273,,,,,
2024-01-05,,KO,,,,,,,,,,57.07164764404297,,,,,,,,,,,,
2024-01-05,,META,,,,,,,,,,,,350.0297546386719,,,,,,,,,,
2024-01-05,,MRVL,,,,,,,,,,,,,,,,,,,59.67228698730469,,,
2024-01-05,,MSTR,,,,,,63.108001708984375,,,,,,,,,,,,,,,,
2024-01-05,49.07516098022461,NVDA,,,,,,,,,,,,,,,,,,,,,,
2024-01-05,,PAM,,48.16999816894531,,,,,,,,,,,,,,,,,,,,
2024-01-05,,PEP,,,,,,,,,,,,,,,160.5021209716797,,,,,,,
2024-01-05,,PFE,,,,,,,,,,,,,,,,,,,,26.809232711791992,,
2024-01-05,,PLTR,,,,,,,,,,,,,,15.979999542236328,,,,,,,,
2024-01-05,,QQQ,,,,,,,,,393.3770751953125,,,,,,,,,,,,,
2024-01-05,,SPOT,,,,,,,,193.52000427246094,,,,,,,,,,,,,,
2024-01-05,,SPY,,,,,,,459.2505798339844,,,,,,,,,,,,,,,
2024-01-05,,TSLA,,,,,237.49000549316406,,,,,,,,,,,,,,,,,
2024-01-05,,YPF,,,,,,,,,,,,,,,,,,,,,,16.700000762939453
2024-01-08,,AAPL,184.2109832763672,,,,,,,,,,,,,,,,,,,,,
2024-01-08,,AMZN,,,,149.10000610351562,,,,,,,,,,,,,,,,,,
2024-01-08,,AVGO,,,,,,,,,,,,,,,,,,,,,105.48825073242188,
2024-01-08,,BRK-B,,,,,,,,,,,,,368.17999267578125,,,,,,,,,
2024-01-08,,COIN,,,,,,,,,,,,,,,,,,159.4199981689453,,,,
2024-01-08,,DIA,,,,,,,,,,,368.7219543457031,,,,,,,,,,,
2024-01-08,,GGAL,,,,,,,,,,,,,,,,15.328939437866211,,,,,,
2024-01-08,,GOOG,,,139.69960021972656,,,,,,,,,,,,,,,,,,,
2024-01-08,,HUT,,,,,,,,,,,,,,,,,12.0,,,,,
2024-01-08,,KO,,,,,,,,,,57.492496490478516,,,,,,,,,,,,
2024-01-08,,META,,,,,,,,,,,,356.703125,,,,,,,,,,
2024-01-08,,MRVL,,,,,,,,,,,,,,,,,,,63.844966888427734,,,
2024-01-08,,MSTR,,,,,,59.80099868774414,,,,,,,,,,,,,,,,
2024-01-08,52.22975540161133,NVDA,,,,,,,,,,,,,,,,,,,,,,
2024-01-08,,PAM,,48.79999923706055,,,,,,,,,,,,,,,,,,,,
2024-01-08,,PEP,,,,,,,,,,,,,,,160.66363525390625,,,,,,,
2024-01-08,,PFE,,,,,,,,,,,,,,,,,,,,26.9093017578125,,
2024-01-08,,PLTR,,,,,,,,,,,,,,16.670000076293945,,,,,,,,
2024-01-08,,QQQ,,,,,,,,,401.50738525390625,,,,,,,,,,,,,
2024-01-08,,SPOT,,,,,,,,197.25,,,,,,,,,,,,,,
2024-01-08,,SPY,,,,,,,465.8068542480469,,,,,,,,,,,,,,,
2024-01-08,,TSLA,,,,,240.4499969482422,,,,,,,,,,,,,,,,,
2024-01-08,,YPF,,,,,,,,,,,,,,,,,,,,,,16.709999084472656
2024-01-09,,AAPL,183.79405212402344,,,,,,,,,,,,,,,,,,,,,
2024-01-09,,AMZN,,,,151.3699951171875,,,,,,,,,,,,,,,,,,
2024-01-09,,AVGO,,,,,,,,,,,,,,,,,,,,,106.2380599975586,
2024-01-09,,BRK-B,,,,,,,,,,,,,366.8999938964844,,,,,,,,,
2024-01-09,,COIN,,,,,,,,,,,,,,,,,,151.99000549316406,,,,
2024-01-09,,DIA,,,,,,,,,,,367.0977478027344,,,,,,,,,,,
2024-01-09,,GGAL,,,,,,,,,,,,,,,,14.30393123626709,,,,,,
2024-01-09,,GOOG,,,141.7176055908203,,,,,,,,,,,,,,,,,,,
2024-01-09,,HUT,,,,,,,,,,,,,,,,,11.729999542236328,,,,,
2024-01-09,,KO,,,,,,,,,,57.38728332519531,,,,,,,,,,,,
2024-01-09,,META,,,,,,,,,,,,355.47979736328125,,,,,,,,,,
2024-01-09,,MRVL,,,,,,,,,,,,,,,,,,,63.20761489868164,,,
2024-01-09,,MSTR,,,,,,57.729000091552734,,,,,,,,,,,,,,,,
2024-01-09,53.116363525390625,NVDA,,,,,,,,,,,,,,,,,,,,,,
2024-01-09,,PAM,,46.45000076293945,,,,,,,,,,,,,,,,,,,,
2024-01-09,,PEP,,,,,,,,,,,,,,,158.82054138183594,,,,,,,
2024-01-09,,PFE,,,,,,,,,,,,,,,,,,,,26.745553970336914,,
2024-01-09,,PLTR,,,,,,,,,,,,,,16.389999389648438,,,,,,,,
2024-01-09,,QQQ,,,,,,,,,402.3005676269531,,,,,,,,,,,,,
2024-01-09,,SPOT,,,,,,,,193.02000427246094,,,,,,,,,,,,,,
2024-01-09,,SPY,,,,,,,465.1001892089844,,,,,,,,,,,,,,,
2024-01-09,,TSLA,,,,,234.9600067138672,,,,,,,,,,,,,,,,,
2024-01-09,,YPF,,,,,,,,,,,,,,,,,,,,,,16.040000915527344
2024-01-10,,AAPL,184.83639526367188,,,,,,,,,,,,,,,,,,,,,
2024-01-10,,AMZN,,,,153.72999572753906,,,,,,,,,,,,,,,,,,
2024-01-10,,AVGO,,,,,,,,,,,,,,,,,,,,,106.04962158203125,
2024-01-10,,BRK-B,,,,,,,,,,,,,367.9200134277344,,,,,,,,,
2024-01-10,,COIN,,,,,,,,,,,,,,,,,,151.2899932861328,,,,
2024-01-10,,DIA,,,,,,,,,,,368.8296203613281,,,,,,,,,,,
2024-01-10,,GGAL,,,,,,,,,,,,,,,,14.857988357543945,,,,,,
2024-01-10,,GOOG,,,142.95030212402344,,,,,,,,,,,,,,,,,,,
2024-01-10,,HUT,,,,,,,,,,,,,,,,,12.109999656677246,,,,,
2024-01-10,,KO,,,,,,,,,,57.578582763671875,,,,,,,,,,,,
2024-01-10,,META,,,,,,,,,,,,368.44866943359375,,,,,,,,,,
2024-01-10,,MRVL,,,,,,,,,,,,,,,,,,,63.167781829833984,,,
2024-01-10,,MSTR,,,,,,56.56700134277344,,,,,,,,,,,,,,,,
2024-01-10,54.32582473754883,NVDA,,,,,,,,,,,,,,,,,,,,,,
2024-01-10,,PAM,,46.86000061035156,,,,,,,,,,,,,,,,,,,,
2024-01-10,,PEP,,,,,,,,,,,,,,,158.58302307128906,,,,,,,
2024-01-10,,PFE,,,,,,,,,,,,,,,,,,,,26.372573852539062,,
2024-01-10,,PLTR,,,,,,,,,,,,,,16.790000915527344,,,,,,,,
2024-01-10,,QQQ,,,,,,,,,405.0271911621094,,,,,,,,,,,,,
2024-01-10,,SPOT,,,,,,,,196.7899932861328,,,,,,,,,,,,,,
2024-01-10,,SPY,,,,,,,467.73046875,,,,,,,,,,,,,,,
2024-01-10,,TSLA,,,,,233.94000244140625,,,,,,,,,,,,,,,,,
2024-01-10,,YPF,,,,,,,,,,,,,,,,,,,,,,15.899999618530273
2024-01-11,,AAPL,184.24078369140625,,,,,,,,,,,,,,,,,,,,,
2024-01-11,,AMZN,,,,155.17999267578125,,,,,,,,,,,,,,,,,,
2024-01-11,,AVGO,,,,,,,,,,,,,,,,,,,,,107.9545669555664,
2024-01-11,,BRK-B,,,,,,,,,,,,,363.3399963378906,,,,,,,,,
2024-01-11,,COIN,,,,,,,,,,,,,,,,,,141.16000366210938,,,,
2024-01-11,,DIA,,,,,,,,,,,369.0448913574219,,,,,,,,,,,
2024-01-11,,GGAL,,,,,,,,,,,,,,,,14.57172679901123,,,,,,
2024-01-11,,GOOG,,,142.821044921875,,,,,,,,,,,,,,,,,,,
2024-01-11,,HUT,,,,,,,,,,,,,,,,,11.239999771118164,,,,,
2024-01-11,,KO,,,,,,,,,,57.20555877685547,,,,,,,,,,,,
2024-01-11,,META,,,,,,,,,,,,367.6530456542969,,,,,,,,,,
2024-01-11,,MRVL,,,,,,,,,,,,,,,,,,,65.59770202636719,,,
2024-01-11,,MSTR,,,,,,53.61800003051758,,,,,,,,,,,,,,,,
2024-01-11,54.797611236572266,NVDA,,,,,,,,,,,,,,,,,,,,,,
2024-01-11,,PAM,,46.599998474121094,,,,,,,,,,,,,,,,,,,,
2024-01-11,,PEP,,,,,,,,,,,,,,,157.8324737548828,,,,,,,
2024-01-11,,PFE,,,,,,,,,,,,,,,,,,,,25.835840225219727,,
2024-01-11,,PLTR,,,,,,,,,,,,,,16.68000030517578,,,,,,,,
2024-01-11,,QQQ,,,,,,,,,405.8699645996094,,,,,,,,,,,,,
2024-01-11,,SPOT,,,,,,,,200.82000732421875,,,,,,,,,,,,,,
2024-01-11,,SPY,,,,,,,467.5244445800781,,,,,,,,,,,,,,,
2024-01-11,,TSLA,,,,,227.22000122070312,,,,,,,,,,,,,,,,,
2024-01-11,,YPF,,,,,,,,,,,,,,,,,,,,,,15.989999771118164
2024-01-12,,AAPL,184.56838989257812,,,,,,,,,,,,,,,,,,,,,
2024-01-12,,AMZN,,,,154.6199951171875,,,,,,,,,,,,,,,,,,
2024-01-12,,AVGO,,,,,,,,,,,,,,,,,,,,,108.71026611328125,
2024-01-12,,BRK-B,,,,,,,,,,,,,363.6199951171875,,,,,,,,,
2024-01-12,,COIN,,,,,,,,,,,,,,,,,,130.77999877929688,,,,
2024-01-12,,DIA,,,,,,,,,,,367.8120422363281,,,,,,,,,,,
2024-01-12,,GGAL,,,,,,,,,,,,,,,,14.7564115524292,,,,,,
2024-01-12,,GOOG,,,143.38768005371094,,,,,,,,,,,,,,,,,,,
2024-01-12,,HUT,,,,,,,,,,,,,,,,,9.899999618530273,,,,,
2024-01-12,,KO,,,,,,,,,,57.76030349731445,,,,,,,,,,,,
2024-01-12,,META,,,,,,,,,,,,372.44671630859375,,,,,,,,,,
2024-01-12,,MRVL,,,,,,,,,,,,,,,,,,,65.40847778320312,,,
2024-01-12,,MSTR,,,,,,48.553001403808594,,,,,,,,,,,,,,,,
2024-01-12,54.685665130615234,NVDA,,,,,,,,,,,,,,,,,,,,,,
2024-01-12,,PAM,,46.90999984741211,,,,,,,,,,,,,,,,,,,,
2024-01-12,,PEP,,,,,,,,,,,,,,,158.91552734375,,,,,,,
2024-01-12,,PFE,,,,,,,,,,,,,,,,,,,,26.1087589263916,,
2024-01-12,,PLTR,,,,,,,,,,,,,,16.760000228881836,,,,,,,,
2024-01-12,,QQQ,,,,,,,,,406.07818603515625,,,,,,,,,,,,,
2024-01-12,,SPOT,,,,,,,,203.02999877929688,,,,,,,,,,,,,,
2024-01-12,,SPY,,,,,,,467.8482971191406,,,,,,,,,,,,,,,
2024-01-12,,TSLA,,,,,218.88999938964844,,,,,,,,,,,,,,,,,
2024-01-12,,YPF,,,,,,,,,,,,,,,,,,,,,,15.890000343322754
2024-01-16,,AAPL,182.2950439453125,,,,,,,,,,,,,,,,,,,,,
2024-01-16,,AMZN,,,,153.16000366210938,,,,,,,,,,,,,,,,,,
2024-01-16,,AVGO,,,,,,,,,,,,,,,,,,,,,109.42473602294922,
2024-01-16,,BRK-B,,,,,,,,,,,,,361.1000061035156,,,,,,,,,
2024-01-16,,COIN,,,,,,,,,,,,,,,,,,133.8800048828125,,,,
2024-01-16,,DIA,,,,,,,,,,,365.6104736328125,,,,,,,,,,,
2024-01-16,,GGAL,,,,,,,,,,,,,,,,14.47938346862793,,,,,,
2024-01-16,,GOOG,,,143.2286376953125,,,,,,,,,,,,,,,,,,,
2024-01-16,,HUT,,,,,,,,,,,,,,,,,9.619999885559082,,,,,
2024-01-16,,KO,,,,,,,,,,57.377723693847656,,,,,,,,,,,,
2024-01-16,,META,,,,,,,,,,,,365.455078125,,,,,,,,,,
2024-01-16,,MRVL,,,,,,,,,,,,,,,,,,,65.24913787841797,,,
2024-01-16,,MSTR,,,,,,48.2140007019043,,,,,,,,,,,,,,,,
2024-01-16,56.3569221496582,NVDA,,,,,,,,,,,,,,,,,,,,,,
2024-01-16,,PAM,,46.720001220703125,,,,,,,,,,,,,,,,,,,,
2024-01-16,,PEP,,,,,,,,,,,,,,,157.8704833984375,,,,,,,
2024-01-16,,PFE,,,,,,,,,,,,,,,,,,,,25.763065338134766,,
2024-01-16,,PLTR,,,,,,,,,,,,,,16.530000686645508,,,,,,,,
2024-01-16,,QQQ,,,,,,,,,406.03851318359375,,,,,,,,,,,,,
2024-01-16,,SPOT,,,,,,,,203.35000610351562,,,,,,,,,,,,,,
2024-01-16,,SPY,,,,,,,466.1307067871094,,,,,,,,,,,,,,,
2024-01-16,,TSLA,,,,,219.91000366210938,,,,,,,,,,,,,,,,,
2024-01-16,,YPF,,,,,,,,,,,,,,,,,,,,,,14.90999984741211
2024-01-17,,AAPL,181.3519287109375,,,,,,,,,,,,,,,,,,,,,
2024-01-17,,AMZN,,,,151.7100067138672,,,,,,,,,,,,,,,,,,
2024-01-17,,AVGO,,,,,,,,,,,,,,,,,,,,,108.31671142578125,
2024-01-17,,BRK-B,,,,,,,,,,,,,359.2900085449219,,,,,,,,,
2024-01-17,,COIN,,,,,,,,,,,,,,,,,,133.86000061035156,,,,
2024-01-17,,DIA,,,,,,,,,,,364.690673828125,,,,,,,,,,,
2024-01-17,,GGAL,,,,,,,,,,,,,,,,15.014972686767578,,,,,,
2024-01-17,,GOOG,,,142.045654296875,,,,,,,,,,,,,,,,,,,
2024-01-17,,HUT,,,,,,,,,,,,,,,,,9.279999732971191,,,,,
2024-01-17,,KO,,,,,,,,,,57.377723693847656,,,,,,,,,,,,
2024-01-17,,META,,,,,,,,,,,,366.360107421875,,,,,,,,,,
2024-01-17,,MRVL,,,,,,,,,,,,,,,,,,,65.08980560302734,,,
2024-01-17,,MSTR,,,,,,49.900001525878906,,,,,,,,,,,,,,,,
2024-01-17,56.02806854248047,NVDA,,,,,,,,,,,,,,,,,,,,,,
2024-01-17,,PAM,,47.150001525878906,,,,,,,,,,,,,,,,,,,,
2024-01-17,,PEP,,,,,,,,,,,,,,,158.12698364257812,,,,,,,
2024-01-17,,PFE,,,,,,,,,,,,,,,,,,,,25.608413696289062,,
2024-01-17,,PLTR,,,,,,,,,,,,,,16.389999389648438,,,,,,,,
2024-01-17,,QQQ,,,,,,,,,403.7481384277344,,,,,,,,,,,,,
2024-01-17,,SPOT,,,,,,,,198.67999267578125,,,,,,,,,,,,,,
2024-01-17,,SPY,,,,,,,463.5396423339844,,,,,,,,,,,,,,,
2024-01-17,,TSLA,,,,,215.5500030517578,,,,,,,,,,,,,,,,,
2024-01-17,,YPF,,,,,,,,,,,,,,,,,,,,,,15.0
2024-01-18,,AAPL,187.25869750976562,,,,,,,,,,,,,,,,,,,,,
2024-01-18,,AMZN,,,,153.5,,,,,,,,,,,,,,,,,,
2024-01-18,,AVGO,,,,,,,,,,,,,,,,,,,,,112.26595306396484,
2024-01-18,,BRK-B,,,,,,,,,,,,,362.3800048828125,,,,,,,,,
2024-01-18,,COIN,,,,,,,,,,,,,,,,,,124.33999633789062,,,,
2024-01-18,,DIA,,,,,,,,,,,366.7356872558594,,,,,,,,,,,
2024-01-18,,GGAL,,,,,,,,,,,,,,,,15.39357852935791,,,,,,
2024-01-18,,GOOG,,,144.13323974609375,,,,,,,,,,,,,,,,,,,
2024-01-18,,HUT,,,,,,,,,,,,,,,,,7.119999885559082,,,,,
2024-01-18,,KO,,,,,,,,,,57.54031753540039,,,,,,,,,,,,
2024-01-18,,META,,,,,,,,,,,,374.0777893066406,,,,,,,,,,
2024-01-18,,MRVL,,,,,,,,,,,,,,,,,,,67.92800903320312,,,
2024-01-18,,MSTR,,,,,,48.65999984741211,,,,,,,,,,,,,,,,
2024-01-18,57.081600189208984,NVDA,,,,,,,,,,,,,,,,,,,,,,
2024-01-18,,PAM,,47.22999954223633,,,,,,,,,,,,,,,,,,,,
2024-01-18,,PEP,,,,,,,,,,,,,,,158.82054138183594,,,,,,,
2024-01-18,,PFE,,,,,,,,,,,,,,,,,,,,25.553834915161133,,
2024-01-18,,PLTR,,,,,,,,,,,,,,16.399999618530273,,,,,,,,
2024-01-18,,QQQ,,,,,,,,,409.4790344238281,,,,,,,,,,,,,
2024-01-18,,SPOT,,,,,,,,204.82000732421875,,,,,,,,,,,,,,
2024-01-18,,SPY,,,,,,,467.66180419921875,,,,,,,,,,,,,,,
2024-01-18,,TSLA,,,,,211.8800048828125,,,,,,,,,,,,,,,,,
2024-01-18,,YPF,,,,,,,,,,,,,,,,,,,,,,15.199999809265137
2024-01-19,,AAPL,190.16737365722656,,,,,,,,,,,,,,,,,,,,,
2024-01-19,,AMZN,,,,155.33999633789062,,,,,,,,,,,,,,,,,,
2024-01-19,,AVGO,,,,,,,,,,,,,,,,,,,,,118.86996459960938,
2024-01-19,,BRK-B,,,,,,,,,,,,,366.989990234375,,,,,,,,,
2024-01-19,,COIN,,,,,,,,,,,,,,,,,,124.75,,,,
2024-01-19,,DIA,,,,,,,,,,,370.6546936035156,,,,,,,,,,,
2024-01-19,,GGAL,,,,,,,,,,,,,,,,15.873762130737305,,,,,,
2024-01-19,,GOOG,,,147.0956268310547,,,,,,,,,,,,,,,,,,,
2024-01-19,,HUT,,,,,,,,,,,,,,,,,6.909999847412109,,,,,
2024-01-19,,KO,,,,,,,,,,57.224693298339844,,,,,,,,,,,,
2024-01-19,,META,,,,,,,,,,,,381.35784912109375,,,,,,,,,,
2024-01-19,,MRVL,,,,,,,,,,,,,,,,,,,70.7861557006836,,,
2024-01-19,,MSTR,,,,,,48.099998474121094,,,,,,,,,,,,,,,,
2024-01-19,59.46453857421875,NVDA,,,,,,,,,,,,,,,,,,,,,,
2024-01-19,,PAM,,47.779998779296875,,,,,,,,,,,,,,,,,,,,
2024-01-19,,PEP,,,,,,,,,,,,,,,157.49996948242188,,,,,,,
2024-01-19,,PFE,,,,,,,,,,,,,,,,,,,,25.7266788482666,,
2024-01-19,,PLTR,,,,,,,,,,,,,,16.780000686645508,,,,,,,,
2024-01-19,,QQQ,,,,,,,,,417.599365234375,,,,,,,,,,,,,
2024-01-19,,SPOT,,,,,,,,204.7100067138672,,,,,,,,,,,,,,
2024-01-19,,SPY,,,,,,,473.4917297363281,,,,,,,,,,,,,,,
2024-01-19,,TSLA,,,,,212.19000244140625,,,,,,,,,,,,,,,,,
2024-01-19,,YPF,,,,,,,,,,,,,,,,,,,,,,15.630000114440918
2024-01-22,,AAPL,192.48043823242188,,,,,,,,,,,,,,,,,,,,,
2024-01-22,,AMZN,,,,154.77999877929688,,,,,,,,,,,,,,,,,,
2024-01-22,,AVGO,,,,,,,,,,,,,,,,,,,,,119.78268432617188,
2024-01-22,,BRK-B,,,,,,,,,,,,,368.05999755859375,,,,,,,,,
2024-01-22,,COIN,,,,,,,,,,,,,,,,,,128.2100067138672,,,,
2024-01-22,,DIA,,,,,,,,,,,372.0938415527344,,,,,,,,,,,
2024-01-22,,GGAL,,,,,,,,,,,,,,,,16.787960052490234,,,,,,
2024-01-22,,GOOG,,,146.83718872070312,,,,,,,,,,,,,,,,,,,
2024-01-22,,HUT,,,,,,,,,,,,,,,,,6.71999979019165,,,,,
2024-01-22,,KO,,,,,,,,,,56.976009368896484,,,,,,,,,,,,
2024-01-22,,META,,,,,,,,,,,,379.6968994140625,,,,,,,,,,
2024-01-22,,MRVL,,,,,,,,,,,,,,,,,,,69.8201675415039,,,
2024-01-22,,MSTR,,,,,,47.01900100708008,,,,,,,,,,,,,,,,
2024-01-22,59.62746810913086,NVDA,,,,,,,,,,,,,,,,,,,,,,
2024-01-22,,PAM,,48.130001068115234,,,,,,,,,,,,,,,,,,,,
2024-01-22,,PEP,,,,,,,,,,,,,,,156.86343383789062,,,,,,,
2024-01-22,,PFE,,,,,,,,,,,,,,,,,,,,25.75396728515625,,
2024-01-22,,PLTR,,,,,,,,,,,,,,17.600000381469727,,,,,,,,
2024-01-22,,QQQ,,,,,,,,,418.144775390625,,,,,,,,,,,,,
2024-01-22,,SPOT,,,,,,,,205.6699981689453,,,,,,,,,,,,,,
2024-01-22,,SPY,,,,,,,474.49285888671875,,,,,,,,,,,,,,,
2024-01-22,,TSLA,,,,,208.8000030517578,,,,,,,,,,,,,,,,,
2024-01-22,,YPF,,,,,,,,,,,,,,,,,,,,,,15.640000343322754
2024-01-23,,AAPL,193.7610626220703,,,,,,,,,,,,,,,,,,,,,
2024-01-23,,AMZN,,,,156.02000427246094,,,,,,,,,,,,,,,,,,
2024-01-23,,AVGO,,,,,,,,,,,,,,,,,,,,,120.3528823852539,
2024-01-23,,BRK-B,,,,,,,,,,,,,372.1400146484375,,,,,,,,,
2024-01-23,,COIN,,,,,,,,,,,,,,,,,,124.19000244140625,,,,
2024-01-23,,DIA,,,,,,,,,,,371.08544921875,,,,,,,,,,,
2024-01-23,,GGAL,,,,,,,,,,,,,,,,16.981876373291016,,,,,,
2024-01-23,,GOOG,,,147.80145263671875,,,,,,,,,,,,,,,,,,,
2024-01-23,,HUT,,,,,,,,,,,,,,,,,6.329999923706055,,,,,
2024-01-23,,KO,,,,,,,,,,57.243812561035156,,,,,,,,,,,,
2024-01-23,,META,,,,,,,,,,,,383.0982971191406,,,,,,,,,,
2024-01-23,,MRVL,,,,,,,,,,,,,,,,,,,70.30813598632812,,,
2024-01-23,,MSTR,,,,,,45.01900100708008,,,,,,,,,,,,,,,,
2024-01-23,59.84636688232422,NVDA,,,,,,,,,,,,,,,,,,,,,,
2024-01-23,,PAM,,47.34000015258789,,,,,,,,,,,,,,,,,,,,
2024-01-23,,PEP,,,,,,,,,,,,,,,159.26705932617188,,,,,,,
2024-01-23,,PFE,,,,,,,,,,,,,,,,,,,,25.863136291503906,,
2024-01-23,,PLTR,,,,,,,,,,,,,,17.329999923706055,,,,,,,,
2024-01-23,,QQQ,,,,,,,,,419.8798828125,,,,,,,,,,,,,
2024-01-23,,SPOT,,,,,,,,206.7100067138672,,,,,,,,,,,,,,
2024-01-23,,SPY,,,,,,,475.8766784667969,,,,,,,,,,,,,,,
2024-01-23,,TSLA,,,,,209.13999938964844,,,,,,,,,,,,,,,,,
2024-01-23,,YPF,,,,,,,,,,,,,,,,,,,,,,15.789999961853027
2024-01-24,,AAPL,193.0860137939453,,,,,,,,,,,,,,,,,,,,,
2024-01-24,,AMZN,,,,156.8699951171875,,,,,,,,,,,,,,,,,,
2024-01-24,,AVGO,,,,,,,,,,,,,,,,,,,,,123.05768585205078,
2024-01-24,,BRK-B,,,,,,,,,,,,,376.5899963378906,,,,,,,,,
2024-01-24,,COIN,,,,,,,,,,,,,,,,,,121.33999633789062,,,,
2024-01-24,,DIA,,,,,,,,,,,370.1553649902344,,,,,,,,,,,
2024-01-24,,GGAL,,,,,,,,,,,,,,,,17.545169830322266,,,,,,
2024-01-24,,GOOG,,,149.46157836914062,,,,,,,,,,,,,,,,,,,
2024-01-24,,HUT,,,,,,,,,,,,,,,,,6.349999904632568,,,,,
2024-01-24,,KO,,,,,,,,,,56.344749450683594,,,,,,,,,,,,
2024-01-24,,META,,,,,,,,,,,,388.5683288574219,,,,,,,,,,
2024-01-24,,MRVL,,,,,,,,,,,,,,,,,,,71.98119354248047,,,
2024-01-24,,MSTR,,,,,,45.0989990234375,,,,,,,,,,,,,,,,
2024-01-24,61.3347053527832,NVDA,,,,,,,,,,,,,,,,,,,,,,
2024-01-24,,PAM,,48.04999923706055,,,,,,,,,,,,,,,,,,,,
2024-01-24,,PEP,,,,,,,,,,,,,,,157.32894897460938,,,,,,,
2024-01-24,,PFE,,,,,,,,,,,,,,,,,,,,25.77216148376465,,
2024-01-24,,PLTR,,,,,,,,,,,,,,16.75,,,,,,,,
2024-01-24,,QQQ,,,,,,,,,422.2098693847656,,,,,,,,,,,,,
2024-01-24,,SPOT,,,,,,,,211.13999938964844,,,,,,,,,,,,,,
2024-01-24,,SPY,,,,,,,476.3969421386719,,,,,,,,,,,,,,,
2024-01-24,,TSLA,,,,,207.8300018310547,,,,,,,,,,,,,,,,,
2024-01-24,,YPF,,,,,,,,,,,,,,,,,,,,,,16.440000534057617
2024-01-25,,AAPL,192.75840759277344,,,,,,,,,,,,,,,,,,,,,
2024-01-25,,AMZN,,,,157.75,,,,,,,,,,,,,,,,,,
2024-01-25,,AVGO,,,,,,,,,,,,,,,,,,,,,120.71503448486328,
2024-01-25,,BRK-B,,,,,,,,,,,,,380.8500061035156,,,,,,,,,
2024-01-25,,COIN,,,,,,,,,,,,,,,,,,121.01000213623047,,,,
2024-01-25,,DIA,,,,,,,,,,,372.4952697753906,,,,,,,,,,,
2024-01-25,,GGAL,,,,,,,,,,,,,,,,18.764097213745117,,,,,,
2024-01-25,,GOOG,,,152.7321319580078,,,,,,,,,,,,,,,,,,,
2024-01-25,,HUT,,,,,,,,,,,,,,,,,7.46999979019165,,,,,
2024-01-25,,KO,,,,,,,,,,56.5838623046875,,,,,,,,,,,,
2024-01-25,,META,,,,,,,,,,,,391.03472900390625,,,,,,,,,,
2024-01-25,,MRVL,,,,,,,,,,,,,,,,,,,69.71061706542969,,,
2024-01-25,,MSTR,,,,,,45.77799987792969,,,,,,,,,,,,,,,,
2024-01-25,61.58959197998047,NVDA,,,,,,,,,,,,,,,,,,,,,,
2024-01-25,,PAM,,49.790000915527344,,,,,,,,,,,,,,,,,,,,
2024-01-25,,PEP,,,,,,,,,,,,,,,158.2410125732422,,,,,,,
2024-01-25,,PFE,,,,,,,,,,,,,,,,,,,,25.36586570739746,,
2024-01-25,,PLTR,,,,,,,,,,,,,,16.459999084472656,,,,,,,,
2024-01-25,,QQQ,,,,,,,,,422.7254638671875,,,,,,,,,,,,,
2024-01-25,,SPOT,,,,,,,,214.17999267578125,,,,,,,,,,,,,,
2024-01-25,,SPY,,,,,,,478.9880065917969,,,,,,,,,,,,,,,
2024-01-25,,TSLA,,,,,182.6300048828125,,,,,,,,,,,,,,,,,
2024-01-25,,YPF,,,,,,,,,,,,,,,,,,,,,,17.3700008392334
2024-01-26,,AAPL,191.02113342285156,,,,,,,,,,,,,,,,,,,,,
2024-01-26,,AMZN,,,,159.1199951171875,,,,,,,,,,,,,,,,,,
2024-01-26,,AVGO,,,,,,,,,,,,,,,,,,,,,118.24968719482422,
2024-01-26,,BRK-B,,,,,,,,,,,,,385.3999938964844,,,,,,,,,
2024-01-26,,COIN,,,,,,,,,,,,,,,,,,125.19999694824219,,,,
2024-01-26,,DIA,,,,,,,,,,,373.0924377441406,,,,,,,,,,,
2024-01-26,,GGAL,,,,,,,,,,,,,,,,19.650592803955078,,,,,,
2024-01-26,,GOOG,,,152.8812255859375,,,,,,,,,,,,,,,,,,,
2024-01-26,,HUT,,,,,,,,,,,,,,,,,8.449999809265137,,,,,
2024-01-26,,KO,,,,,,,,,,56.78471755981445,,,,,,,,,,,,
2024-01-26,,META,,,,,,,,,,,,391.9895324707031,,,,,,,,,,
2024-01-26,,MRVL,,,,,,,,,,,,,,,,,,,67.75872802734375,,,
2024-01-26,,MSTR,,,,,,49.45000076293945,,,,,,,,,,,,,,,,
2024-01-26,61.00385284423828,NVDA,,,,,,,,,,,,,,,,,,,,,,
2024-01-26,,PAM,,49.939998626708984,,,,,,,,,,,,,,,,,,,,
2024-01-26,,PEP,,,,,,,,,,,,,,,159.47605895996094,,,,,,,
2024-01-26,,PFE,,,,,,,,,,,,,,,,,,,,25.36586570739746,,
2024-01-26,,PLTR,,,,,,,,,,,,,,16.350000381469727,,,,,,,,
2024-01-26,,QQQ,,,,,,,,,420.2070617675781,,,,,,,,,,,,,
2024-01-26,,SPOT,,,,,,,,214.2899932861328,,,,,,,,,,,,,,
2024-01-26,,SPY,,,,,,,478.3795166015625,,,,,,,,,,,,,,,
2024-01-26,,TSLA,,,,,183.25,,,,,,,,,,,,,,,,,
2024-01-26,,YPF,,,,,,,,,,,,,,,,,,,,,,17.690000534057617
2024-01-29,,AAPL,190.3361358642578,,,,,,,,,,,,,,,,,,,,,
2024-01-29,,AMZN,,,,161.25999450683594,,,,,,,,,,,,,,,,,,
2024-01-29,,AVGO,,,,,,,,,,,,,,,,,,,,,119.51473999023438,
2024-01-29,,BRK-B,,,,,,,,,,,,,383.17999267578125,,,,,,,,,
2024-01-29,,COIN,,,,,,,,,,,,,,,,,,132.82000732421875,,,,
2024-01-29,,DIA,,,,,,,,,,,375.2658386230469,,,,,,,,,,,
2024-01-29,,GGAL,,,,,,,,,,,,,,,,19.650592803955078,,,,,,
2024-01-29,,GOOG,,,153.925048828125,,,,,,,,,,,,,,,,,,,
2024-01-29,,HUT,,,,,,,,,,,,,,,,,8.420000076293945,,,,,
2024-01-29,,KO,,,,,,,,,,57.1290397644043,,,,,,,,,,,,
2024-01-29,,META,,,,,,,,,,,,398.8319396972656,,,,,,,,,,
2024-01-29,,MRVL,,,,,,,,,,,,,,,,,,,69.85005187988281,,,
2024-01-29,,MSTR,,,,,,51.38100051879883,,,,,,,,,,,,,,,,
2024-01-29,62.43721389770508,NVDA,,,,,,,,,,,,,,,,,,,,,,
2024-01-29,,PAM,,49.09000015258789,,,,,,,,,,,,,,,,,,,,
2024-01-29,,PEP,,,,,,,,,,,,,,,159.75160217285156,,,,,,,
2024-01-29,,PFE,,,,,,,,,,,,,,,,,,,,25.37510108947754,,
2024-01-29,,PLTR,,,,,,,,,,,,,,17.09000015258789,,,,,,,,
2024-01-29,,QQQ,,,,,,,,,424.5101318359375,,,,,,,,,,,,,
2024-01-29,,SPOT,,,,,,,,218.61000061035156,,,,,,,,,,,,,,
2024-01-29,,SPY,,,,,,,482.1679382324219,,,,,,,,,,,,,,,
2024-01-29,,TSLA,,,,,190.92999267578125,,,,,,,,,,,,,,,,,
2024-01-29,,YPF,,,,,,,,,,,,,,,,,,,,,,17.540000915527344
2024-01-30,,AAPL,186.67295837402344,,,,,,,,,,,,,,,,,,,,,
2024-01-30,,AMZN,,,,159.0,,,,,,,,,,,,,,,,,,
2024-01-30,,AVGO,,,,,,,,,,,,,,,,,,,,,118.57160949707031,
2024-01-30,,BRK-B,,,,,,,,,,,,,387.1499938964844,,,,,,,,,
2024-01-30,,COIN,,,,,,,,,,,,,,,,,,130.82000732421875,,,,
2024-01-30,,DIA,,,,,,,,,,,376.4210205078125,,,,,,,,,,,
2024-01-30,,GGAL,,,,,,,,,,,,,,,,19.853744506835938,,,,,,
2024-01-30,,GOOG,,,152.1456298828125,,,,,,,,,,,,,,,,,,,
2024-01-30,,HUT,,,,,,,,,,,,,,,,,7.820000171661377,,,,,
2024-01-30,,KO,,,,,,,,,,57.29164123535156,,,,,,,,,,,,
2024-01-30,,META,,,,,,,,,,,,397.8772277832031,,,,,,,,,,
2024-01-30,,MRVL,,,,,,,,,,,,,,,,,,,68.54545593261719,,,
2024-01-30,,MSTR,,,,,,51.95100021362305,,,,,,,,,,,,,,,,
2024-01-30,62.74607849121094,NVDA,,,,,,,,,,,,,,,,,,,,,,
2024-01-30,,PAM,,48.779998779296875,,,,,,,,,,,,,,,,,,,,
2024-01-30,,PEP,,,,,,,,,,,,,,,161.14816284179688,,,,,,,
2024-01-30,,PFE,,,,,,,,,,,,,,,,,,,,24.950334548950195,,
2024-01-30,,PLTR,,,,,,,,,,,,,,16.739999771118164,,,,,,,,
2024-01-30,,QQQ,,,,,,,,,421.68438720703125,,,,,,,,,,,,,
2024-01-30,,SPOT,,,,,,,,217.6199951171875,,,,,,,,,,,,,,
2024-01-30,,SPY,,,,,,,481.7950134277344,,,,,,,,,,,,,,,
2024-01-30,,TSLA,,,,,191.58999633789062,,,,,,,,,,,,,,,,,
2024-01-30,,YPF,,,,,,,,,,,,,,,,,,,,,,17.290000915527344
2024-01-31,,AAPL,183.05943298339844,,,,,,,,,,,,,,,,,,,,,
2024-01-31,,AMZN,,,,155.1999969482422,,,,,,,,,,,,,,,,,,
2024-01-31,,AVGO,,,,,,,,,,,,,,,,,,,,,115.80790710449219,
2024-01-31,,BRK-B,,,,,,,,,,,,,383.739990234375,,,,,,,,,
2024-01-31,,COIN,,,,,,,,,,,,,,,,,,128.1999969482422,,,,
2024-01-31,,DIA,,,,,,,,,,,373.3665771484375,,,,,,,,,,,
2024-01-31,,GGAL,,,,,,,,,,,,,,,,19.955324172973633,,,,,,
2024-01-31,,GOOG,,,140.96209716796875,,,,,,,,,,,,,,,,,,,
2024-01-31,,HUT,,,,,,,,,,,,,,,,,7.46999979019165,,,,,
2024-01-31,,KO,,,,,,,,,,56.89949417114258,,,,,,,,,,,,
2024-01-31,,META,,,,,,,,,,,,388.0113525390625,,,,,,,,,,
2024-01-31,,MRVL,,,,,,,,,,,,,,,,,,,67.42012786865234,,,
2024-01-31,,MSTR,,,,,,50.12099838256836,,,,,,,,,,,,,,,,
2024-01-31,61.4996337890625,NVDA,,,,,,,,,,,,,,,,,,,,,,
2024-01-31,,PAM,,48.70000076293945,,,,,,,,,,,,,,,,,,,,
2024-01-31,,PEP,,,,,,,,,,,,,,,160.1125946044922,,,,,,,
2024-01-31,,PFE,,,,,,,,,,,,,,,,,,,,25.0057373046875,,
2024-01-31,,PLTR,,,,,,,,,,,,,,16.09000015258789,,,,,,,,
2024-01-31,,QQQ,,,,,,,,,413.4252014160156,,,,,,,,,,,,,
2024-01-31,,SPOT,,,,,,,,215.35000610351562,,,,,,,,,,,,,,
2024-01-31,,SPY,,,,,,,473.9334411621094,,,,,,,,,,,,,,,
2024-01-31,,TSLA,,,,,187.2899932861328,,,,,,,,,,,,,,,,,
2024-01-31,,YPF,,,,,,,,,,,,,,,,,,,,,,17.280000686645508
2024-02-01,,AAPL,185.50155639648438,,,,,,,,,,,,,,,,,,,,,
2024-02-01,,AMZN,,,,159.27999877929688,,,,,,,,,,,,,,,,,,
2024-02-01,,AVGO,,,,,,,,,,,,,,,,,,,,,117.77174377441406,
2024-02-01,,BRK-B,,,,,,,,,,,,,386.44000244140625,,,,,,,,,
2024-02-01,,COIN,,,,,,,,,,,,,,,,,,128.9499969482422,,,,
2024-02-01,,DIA,,,,,,,,,,,377.01824951171875,,,,,,,,,,,
2024-02-01,,GGAL,,,,,,,,,,,,,,,,20.158477783203125,,,,,,
2024-02-01,,GOOG,,,141.86672973632812,,,,,,,,,,,,,,,,,,,
2024-02-01,,HUT,,,,,,,,,,,,,,,,,7.46999979019165,,,,,
2024-02-01,,KO,,,,,,,,,,58.324607849121094,,,,,,,,,,,,
2024-02-01,,META,,,,,,,,,,,,392.6259765625,,,,,,,,,,
2024-02-01,,MRVL,,,,,,,,,,,,,,,,,,,66.59355926513672,,,
2024-02-01,,MSTR,,,,,,50.347999572753906,,,,,,,,,,,,,,,,
2024-02-01,62.99896240234375,NVDA,,,,,,,,,,,,,,,,,,,,,,
2024-02-01,,PAM,,49.16999816894531,,,,,,,,,,,,,,,,,,,,
2024-02-01,,PEP,,,,,,,,,,,,,,,163.12429809570312,,,,,,,
2024-02-01,,PFE,,,,,,,,,,,,,,,,,,,,25.19965171813965,,
2024-02-01,,PLTR,,,,,,,,,,,,,,16.329999923706055,,,,,,,,
2024-02-01,,QQQ,,,,,,,,,418.29345703125,,,,,,,,,,,,,
2024-02-01,,SPOT,,,,,,,,218.9600067138672,,,,,,,,,,,,,,
2024-02-01,,SPY,,,,,,,480.1363525390625,,,,,,,,,,,,,,,
2024-02-01,,TSLA,,,,,188.86000061035156,,,,,,,,,,,,,,,,,
2024-02-01,,YPF,,,,,,,,,,,,,,,,,,,,,,17.489999771118164
2024-02-02,,AAPL,184.49891662597656,,,,,,,,,,,,,,,,,,,,,
2024-02-02,,AMZN,,,,171.80999755859375,,,,,,,,,,,,,,,,,,
2024-02-02,,AVGO,,,,,,,,,,,,,,,,,,,,,120.15953826904297,
2024-02-02,,BRK-B,,,,,,,,,,,,,390.75,,,,,,,,,
2024-02-02,,COIN,,,,,,,,,,,,,,,,,,129.22000122070312,,,,
2024-02-02,,DIA,,,,,,,,,,,378.310546875,,,,,,,,,,,
2024-02-02,,GGAL,,,,,,,,,,,,,,,,20.223115921020508,,,,,,
2024-02-02,,GOOG,,,142.69180297851562,,,,,,,,,,,,,,,,,,,
2024-02-02,,HUT,,,,,,,,,,,,,,,,,7.28000020980835,,,,,
2024-02-02,,KO,,,,,,,,,,57.90376663208008,,,,,,,,,,,,
2024-02-02,,META,,,,,,,,,,,,472.39837646484375,,,,,,,,,,
2024-02-02,,MRVL,,,,,,,,,,,,,,,,,,,67.25082397460938,,,
2024-02-02,,MSTR,,,,,,50.0099983215332,,,,,,,,,,,,,,,,
2024-02-02,66.13056945800781,NVDA,,,,,,,,,,,,,,,,,,,,,,
2024-02-02,,PAM,,48.59000015258789,,,,,,,,,,,,,,,,,,,,
2024-02-02,,PEP,,,,,,,,,,,,,,,162.4307403564453,,,,,,,
2024-02-02,,PFE,,,,,,,,,,,,,,,,,,,,24.867231369018555,,
2024-02-02,,PLTR,,,,,,,,,,,,,,17.020000457763672,,,,,,,,
2024-02-02,,QQQ,,,,,,,,,425.3628234863281,,,,,,,,,,,,,
2024-02-02,,SPOT,,,,,,,,222.47000122070312,,,,,,,,,,,,,,
2024-02-02,,SPY,,,,,,,485.19091796875,,,,,,,,,,,,,,,
2024-02-02,,TSLA,,,,,187.91000366210938,,,,,,,,,,,,,,,,,
2024-02-02,,YPF,,,,,,,,,,,,,,,,,,,,,,17.18000030517578
2024-02-05,,AAPL,186.31558227539062,,,,,,,,,,,,,,,,,,,,,
2024-02-05,,AMZN,,,,170.30999755859375,,,,,,,,,,,,,,,,,,
2024-02-05,,AVGO,,,,,,,,,,,,,,,,,,,,,122.00068664550781,
2024-02-05,,BRK-B,,,,,,,,,,,,,390.760009765625,,,,,,,,,
2024-02-05,,COIN,,,,,,,,,,,,,,,,,,117.30000305175781,,,,
2024-02-05,,DIA,,,,,,,,,,,375.53021240234375,,,,,,,,,,,
2024-02-05,,GGAL,,,,,,,,,,,,,,,,19.179641723632812,,,,,,
2024-02-05,,GOOG,,,144.0736083984375,,,,,,,,,,,,,,,,,,,
2024-02-05,,HUT,,,,,,,,,,,,,,,,,6.880000114440918,,,,,
2024-02-05,,KO,,,,,,,,,,57.42554473876953,,,,,,,,,,,,
2024-02-05,,META,,,,,,,,,,,,456.9033508300781,,,,,,,,,,
2024-02-05,,MRVL,,,,,,,,,,,,,,,,,,,66.74293518066406,,,
2024-02-05,,MSTR,,,,,,49.060001373291016,,,,,,,,,,,,,,,,
2024-02-05,69.30116271972656,NVDA,,,,,,,,,,,,,,,,,,,,,,
2024-02-05,,PAM,,46.900001525878906,,,,,,,,,,,,,,,,,,,,
2024-02-05,,PEP,,,,,,,,,,,,,,,162.38323974609375,,,,,,,
2024-02-05,,PFE,,,,,,,,,,,,,,,,,,,,24.534805297851562,,
2024-02-05,,PLTR,,,,,,,,,,,,,,16.719999313354492,,,,,,,,
2024-02-05,,QQQ,,,,,,,,,424.8076477050781,,,,,,,,,,,,,
2024-02-05,,SPOT,,,,,,,,223.25,,,,,,,,,,,,,,
2024-02-05,,SPY,,,,,,,483.42425537109375,,,,,,,,,,,,,,,
2024-02-05,,TSLA,,,,,181.05999755859375,,,,,,,,,,,,,,,,,
2024-02-05,,YPF,,,,,,,,,,,,,,,,,,,,,,16.40999984741211
2024-02-06,,AAPL,187.92381286621094,,,,,,,,,,,,,,,,,,,,,
2024-02-06,,AMZN,,,,169.14999389648438,,,,,,,,,,,,,,,,,,
2024-02-06,,AVGO,,,,,,,,,,,,,,,,,,,,,119.99369049072266,
2024-02-06,,BRK-B,,,,,,,,,,,,,393.739990234375,,,,,,,,,
2024-02-06,,COIN,,,,,,,,,,,,,,,,,,119.79000091552734,,,,
2024-02-06,,DIA,,,,,,,,,,,376.9986572265625,,,,,,,,,,,
2024-02-06,,GGAL,,,,,,,,,,,,,,,,19.07806396484375,,,,,,
2024-02-06,,GOOG,,,144.55076599121094,,,,,,,,,,,,,,,,,,,
2024-02-06,,HUT,,,,,,,,,,,,,,,,,6.880000114440918,,,,,
2024-02-06,,KO,,,,,,,,,,57.329898834228516,,,,,,,,,,,,
2024-02-06,,META,,,,,,,,,,,,452.2389831542969,,,,,,,,,,
2024-02-06,,MRVL,,,,,,,,,,,,,,,,,,,66.80269622802734,,,
2024-02-06,,MSTR,,,,,,49.79999923706055,,,,,,,,,,,,,,,,
2024-02-06,68.19265747070312,NVDA,,,,,,,,,,,,,,,,,,,,,,
2024-02-06,,PAM,,46.849998474121094,,,,,,,,,,,,,,,,,,,,
2024-02-06,,PEP,,,,,,,,,,,,,,,162.85826110839844,,,,,,,
2024-02-06,,PFE,,,,,,,,,,,,,,,,,,,,25.393566131591797,,
2024-02-06,,PLTR,,,,,,,,,,,,,,21.8700008392334,,,,,,,,
2024-02-06,,QQQ,,,,,,,,,423.95489501953125,,,,,,,,,,,,,
2024-02-06,,SPOT,,,,,,,,231.9199981689453,,,,,,,,,,,,,,
2024-02-06,,SPY,,,,,,,484.8277587890625,,,,,,,,,,,,,,,
2024-02-06,,TSLA,,,,,185.10000610351562,,,,,,,,,,,,,,,,,
2024-02-06,,YPF,,,,,,,,,,,,,,,,,,,,,,16.530000686645508
2024-02-07,,AAPL,188.0330047607422,,,,,,,,,,,,,,,,,,,,,
2024-02-07,,AMZN,,,,170.52999877929688,,,,,,,,,,,,,,,,,,
2024-02-07,,AVGO,,,,,,,,,,,,,,,,,,,,,123.37075805664062,
2024-02-07,,BRK-B,,,,,,,,,,,,,397.6600036621094,,,,,,,,,
2024-02-07,,COIN,,,,,,,,,,,,,,,,,,122.06999969482422,,,,
2024-02-07,,DIA,,,,,,,,,,,378.5553283691406,,,,,,,,,,,
2024-02-07,,GGAL,,,,,,,,,,,,,,,,17.840667724609375,,,,,,
2024-02-07,,GOOG,,,145.81326293945312,,,,,,,,,,,,,,,,,,,
2024-02-07,,HUT,,,,,,,,,,,,,,,,,6.769999980926514,,,,,
2024-02-07,,KO,,,,,,,,,,57.377723693847656,,,,,,,,,,,,
2024-02-07,,META,,,,,,,,,,,,467.02783203125,,,,,,,,,,
2024-02-07,,MRVL,,,,,,,,,,,,,,,,,,,69.08323669433594,,,
2024-02-07,,MSTR,,,,,,50.80099868774414,,,,,,,,,,,,,,,,
2024-02-07,70.06781005859375,NVDA,,,,,,,,,,,,,,,,,,,,,,
2024-02-07,,PAM,,44.220001220703125,,,,,,,,,,,,,,,,,,,,
2024-02-07,,PEP,,,,,,,,,,,,,,,162.90576171875,,,,,,,
2024-02-07,,PFE,,,,,,,,,,,,,,,,,,,,25.448972702026367,,
2024-02-07,,PLTR,,,,,,,,,,,,,,23.600000381469727,,,,,,,,
2024-02-07,,QQQ,,,,,,,,,428.3175048828125,,,,,,,,,,,,,
2024-02-07,,SPOT,,,,,,,,240.8300018310547,,,,,,,,,,,,,,
2024-02-07,,SPY,,,,,,,488.87139892578125,,,,,,,,,,,,,,,
2024-02-07,,TSLA,,,,,187.5800018310547,,,,,,,,,,,,,,,,,
2024-02-07,,YPF,,,,,,,,,,,,,,,,,,,,,,16.040000915527344
2024-02-08,,AAPL,186.95094299316406,,,,,,,,,,,,,,,,,,,,,
2024-02-08,,AMZN,,,,169.83999633789062,,,,,,,,,,,,,,,,,,
2024-02-08,,AVGO,,,,,,,,,,,,,,,,,,,,,125.10787963867188,
2024-02-08,,BRK-B,,,,,,,,,,,,,397.489990234375,,,,,,,,,
2024-02-08,,COIN,,,,,,,,,,,,,,,,,,132.5500030517578,,,,
2024-02-08,,DIA,,,,,,,,,,,379.2210693359375,,,,,,,,,,,
2024-02-08,,GGAL,,,,,,,,,,,,,,,,16.760255813598633,,,,,,
2024-02-08,,GOOG,,,146.35006713867188,,,,,,,,,,,,,,,,,,,
2024-02-08,,HUT,,,,,,,,,,,,,,,,,7.465000152587891,,,,,
2024-02-08,,KO,,,,,,,,,,57.224693298339844,,,,,,,,,,,,
2024-02-08,,META,,,,,,,,,,,,467.43560791015625,,,,,,,,,,
2024-02-08,,MRVL,,,,,,,,,,,,,,,,,,,70.72639465332031,,,
2024-02-08,,MSTR,,,,,,58.78099822998047,,,,,,,,,,,,,,,,
2024-02-08,69.6100082397461,NVDA,,,,,,,,,,,,,,,,,,,,,,
2024-02-08,,PAM,,43.369998931884766,,,,,,,,,,,,,,,,,,,,
2024-02-08,,PEP,,,,,,,,,,,,,,,165.16690063476562,,,,,,,
2024-02-08,,PFE,,,,,,,,,,,,,,,,,,,,25.458206176757812,,
2024-02-08,,PLTR,,,,,,,,,,,,,,24.510000228881836,,,,,,,,
2024-02-08,,QQQ,,,,,,,,,429.1107482910156,,,,,,,,,,,,,
2024-02-08,,SPOT,,,,,,,,240.00999450683594,,,,,,,,,,,,,,
2024-02-08,,SPY,,,,,,,489.08734130859375,,,,,,,,,,,,,,,
2024-02-08,,TSLA,,,,,189.55999755859375,,,,,,,,,,,,,,,,,
2024-02-08,,YPF,,,,,,,,,,,,,,,,,,,,,,15.8100004196167
2024-02-09,,AAPL,187.71630859375,,,,,,,,,,,,,,,,,,,,,
2024-02-09,,AMZN,,,,174.4499969482422,,,,,,,,,,,,,,,,,,
2024-02-09,,AVGO,,,,,,,,,,,,,,,,,,,,,125.95974731445312,
2024-02-09,,BRK-B,,,,,,,,,,,,,398.3599853515625,,,,,,,,,
2024-02-09,,COIN,,,,,,,,,,,,,,,,,,141.99000549316406,,,,
2024-02-09,,DIA,,,,,,,,,,,378.604248046875,,,,,,,,,,,
2024-02-09,,GGAL,,,,,,,,,,,,,,,,17.545169830322266,,,,,,
2024-02-09,,GOOG,,,149.3323516845703,,,,,,,,,,,,,,,,,,,
2024-02-09,,HUT,,,,,,,,,,,,,,,,,8.350000381469727,,,,,
2024-02-09,,KO,,,,,,,,,,56.96644592285156,,,,,,,,,,,,
2024-02-09,,META,,,,,,,,,,,,465.555908203125,,,,,,,,,,
2024-02-09,,MRVL,,,,,,,,,,,,,,,,,,,68.54545593261719,,,
2024-02-09,,MSTR,,,,,,64.63200378417969,,,,,,,,,,,,,,,,
2024-02-09,72.1009292602539,NVDA,,,,,,,,,,,,,,,,,,,,,,
2024-02-09,,PAM,,44.08000183105469,,,,,,,,,,,,,,,,,,,,
2024-02-09,,PEP,,,,,,,,,,,,,,,159.29556274414062,,,,,,,
2024-02-09,,PFE,,,,,,,,,,,,,,,,,,,,25.448972702026367,,
2024-02-09,,PLTR,,,,,,,,,,,,,,24.3799991607666,,,,,,,,
2024-02-09,,QQQ,,,,,,,,,433.33447265625,,,,,,,,,,,,,
2024-02-09,,SPOT,,,,,,,,240.77000427246094,,,,,,,,,,,,,,
2024-02-09,,SPY,,,,,,,491.9140319824219,,,,,,,,,,,,,,,
2024-02-09,,TSLA,,,,,193.57000732421875,,,,,,,,,,,,,,,,,
2024-02-09,,YPF,,,,,,,,,,,,,,,,,,,,,,16.639999389648438
2024-02-12,,AAPL,186.02651977539062,,,,,,,,,,,,,,,,,,,,,
2024-02-12,,AMZN,,,,172.33999633789062,,,,,,,,,,,,,,,,,,
2024-02-12,,AVGO,,,,,,,,,,,,,,,,,,,,,124.15000915527344,
2024-02-12,,BRK-B,,,,,,,,,,,,,397.7099914550781,,,,,,,,,
2024-02-12,,COIN,,,,,,,,,,,,,,,,,,147.30999755859375,,,,
2024-02-12,,DIA,,,,,,,,,,,379.96514892578125,,,,,,,,,,,
2024-02-12,,GGAL,,,,,,,,,,,,,,,,17.776025772094727,,,,,,
2024-02-12,,GOOG,,,147.8511505126953,,,,,,,,,,,,,,,,,,,
2024-02-12,,HUT,,,,,,,,,,,,,,,,,9.0600004196167,,,,,
2024-02-12,,KO,,,,,,,,,,57.10034942626953,,,,,,,,,,,,
2024-02-12,,META,,,,,,,,,,,,466.34161376953125,,,,,,,,,,
2024-02-12,,MRVL,,,,,,,,,,,,,,,,,,,70.1288833618164,,,
2024-02-12,,MSTR,,,,,,71.75199890136719,,,,,,,,,,,,,,,,
2024-02-12,72.21586608886719,NVDA,,,,,,,,,,,,,,,,,,,,,,
2024-02-12,,PAM,,43.36000061035156,,,,,,,,,,,,,,,,,,,,
2024-02-12,,PEP,,,,,,,,,,,,,,,162.08871459960938,,,,,,,
2024-02-12,,PFE,,,,,,,,,,,,,,,,,,,,25.54131317138672,,
2024-02-12,,PLTR,,,,,,,,,,,,,,25.049999237060547,,,,,,,,
2024-02-12,,QQQ,,,,,,,,,431.6390075683594,,,,,,,,,,,,,
2024-02-12,,SPOT,,,,,,,,234.67999267578125,,,,,,,,,,,,,,
2024-02-12,,SPY,,,,,,,491.6980895996094,,,,,,,,,,,,,,,
2024-02-12,,TSLA,,,,,188.1300048828125,,,,,,,,,,,,,,,,,
2024-02-12,,YPF,,,,,,,,,,,,,,,,,,,,,,16.739999771118164
2024-02-13,,AAPL,183.92919921875,,,,,,,,,,,,,,,,,,,,,
2024-02-13,,AMZN,,,,168.63999938964844,,,,,,,,,,,,,,,,,,
2024-02-13,,AVGO,,,,,,,,,,,,,,,,,,,,,122.83981323242188,
2024-02-13,,BRK-B,,,,,,,,,,,,,394.79998779296875,,,,,,,,,
2024-02-13,,COIN,,,,,,,,,,,,,,,,,,140.38999938964844,,,,
2024-02-13,,DIA,,,,,,,,,,,374.7861328125,,,,,,,,,,,
2024-02-13,,GGAL,,,,,,,,,,,,,,,,17.886838912963867,,,,,,
2024-02-13,,GOOG,,,145.50511169433594,,,,,,,,,,,,,,,,,,,
2024-02-13,,HUT,,,,,,,,,,,,,,,,,8.529999732971191,,,,,
2024-02-13,,KO,,,,,,,,,,56.765586853027344,,,,,,,,,,,,
2024-02-13,,META,,,,,,,,,,,,457.6095275878906,,,,,,,,,,
2024-02-13,,MRVL,,,,,,,,,,,,,,,,,,,67.84835052490234,,,
2024-02-13,,MSTR,,,,,,68.60199737548828,,,,,,,,,,,,,,,,
2024-02-13,72.09593200683594,NVDA,,,,,,,,,,,,,,,,,,,,,,
2024-02-13,,PAM,,43.34000015258789,,,,,,,,,,,,,,,,,,,,
2024-02-13,,PEP,,,,,,,,,,,,,,,160.4451141357422,,,,,,,
2024-02-13,,PFE,,,,,,,,,,,,,,,,,,,,24.904163360595703,,
2024-02-13,,PLTR,,,,,,,,,,,,,,24.010000228881836,,,,,,,,
2024-02-13,,QQQ,,,,,,,,,424.90673828125,,,,,,,,,,,,,
2024-02-13,,SPOT,,,,,,,,238.0,,,,,,,,,,,,,,
2024-02-13,,SPY,,,,,,,484.9259033203125,,,,,,,,,,,,,,,
2024-02-13,,TSLA,,,,,184.02000427246094,,,,,,,,,,,,,,,,,
2024-02-13,,YPF,,,,,,,,,,,,,,,,,,,,,,16.65999984741211
2024-02-14,,AAPL,183.0445098876953,,,,,,,,,,,,,,,,,,,,,
2024-02-14,,AMZN,,,,170.97999572753906,,,,,,,,,,,,,,,,,,
2024-02-14,,AVGO,,,,,,,,,,,,,,,,,,,,,123.8771743774414,
2024-02-14,,BRK-B,,,,,,,,,,,,,398.67999267578125,,,,,,,,,
2024-02-14,,COIN,,,,,,,,,,,,,,,,,,160.3800048828125,,,,
2024-02-14,,DIA,,,,,,,,,,,376.225341796875,,,,,,,,,,,
2024-02-14,,GGAL,,,,,,,,,,,,,,,,18.33008575439453,,,,,,
2024-02-14,,GOOG,,,146.27053833007812,,,,,,,,,,,,,,,,,,,
2024-02-14,,HUT,,,,,,,,,,,,,,,,,10.229999542236328,,,,,
2024-02-14,,KO,,,,,,,,,,56.70820617675781,,,,,,,,,,,,
2024-02-14,,META,,,,,,,,,,,,470.69769287109375,,,,,,,,,,
2024-02-14,,MRVL,,,,,,,,,,,,,,,,,,,68.6749267578125,,,
2024-02-14,,MSTR,,,,,,76.98799896240234,,,,,,,,,,,,,,,,
2024-02-14,73.86713409423828,NVDA,,,,,,,,,,,,,,,,,,,,,,
2024-02-14,,PAM,,43.93000030517578,,,,,,,,,,,,,,,,,,,,
2024-02-14,,PEP,,,,,,,,,,,,,,,159.15306091308594,,,,,,,
2024-02-14,,PFE,,,,,,,,,,,,,,,,,,,,25.0334415435791,,
2024-02-14,,PLTR,,,,,,,,,,,,,,25.190000534057617,,,,,,,,
2024-02-14,,QQQ,,,,,,,,,429.5370788574219,,,,,,,,,,,,,
2024-02-14,,SPOT,,,,,,,,244.1699981689453,,,,,,,,,,,,,,
2024-02-14,,SPY,,,,,,,489.33270263671875,,,,,,,,,,,,,,,
2024-02-14,,TSLA,,,,,188.7100067138672,,,,,,,,,,,,,,,,,
2024-02-14,,YPF,,,,,,,,,,,,,,,,,,,,,,17.020000457763672
2024-02-15,,AAPL,182.75625610351562,,,,,,,,,,,,,,,,,,,,,
2024-02-15,,AMZN,,,,169.8000030517578,,,,,,,,,,,,,,,,,,
2024-02-15,,AVGO,,,,,,,,,,,,,,,,,,,,,124.1568832397461,
2024-02-15,,BRK-B,,,,,,,,,,,,,403.45001220703125,,,,,,,,,
2024-02-15,,COIN,,,,,,,,,,,,,,,,,,165.6699981689453,,,,
2024-02-15,,DIA,,,,,,,,,,,380.1021728515625,,,,,,,,,,,
2024-02-15,,GGAL,,,,,,,,,,,,,,,,18.607112884521484,,,,,,
2024-02-15,,GOOG,,,143.08946228027344,,,,,,,,,,,,,,,,,,,
2024-02-15,,HUT,,,,,,,,,,,,,,,,,9.970000267028809,,,,,
2024-02-15,,KO,,,,,,,,,,56.81341552734375,,,,,,,,,,,,
2024-02-15,,META,,,,,,,,,,,,481.3890686035156,,,,,,,,,,
2024-02-15,,MRVL,,,,,,,,,,,,,,,,,,,67.16120147705078,,,
2024-02-15,,MSTR,,,,,,71.80000305175781,,,,,,,,,,,,,,,,
2024-02-15,72.62567901611328,NVDA,,,,,,,,,,,,,,,,,,,,,,
2024-02-15,,PAM,,43.380001068115234,,,,,,,,,,,,,,,,,,,,
2024-02-15,,PEP,,,,,,,,,,,,,,,159.47605895996094,,,,,,,
2024-02-15,,PFE,,,,,,,,,,,,,,,,,,,,25.402803421020508,,
2024-02-15,,PLTR,,,,,,,,,,,,,,25.40999984741211,,,,,,,,
2024-02-15,,QQQ,,,,,,,,,430.81610107421875,,,,,,,,,,,,,
2024-02-15,,SPOT,,,,,,,,245.50999450683594,,,,,,,,,,,,,,
2024-02-15,,SPY,,,,,,,492.708984375,,,,,,,,,,,,,,,
2024-02-15,,TSLA,,,,,200.4499969482422,,,,,,,,,,,,,,,,,
2024-02-15,,YPF,,,,,,,,,,,,,,,,,,,,,,17.0
2024-02-16,,AAPL,181.21556091308594,,,,,,,,,,,,,,,,,,,,,
2024-02-16,,AMZN,,,,169.50999450683594,,,,,,,,,,,,,,,,,,
2024-02-16,,AVGO,,,,,,,,,,,,,,,,,,,,,122.2342758178711,
2024-02-16,,BRK-B,,,,,,,,,,,,,405.989990234375,,,,,,,,,
2024-02-16,,COIN,,,,,,,,,,,,,,,,,,180.30999755859375,,,,
2024-02-16,,DIA,,,,,,,,,,,378.6822814941406,,,,,,,,,,,
2024-02-16,,GGAL,,,,,,,,,,,,,,,,18.985719680786133,,,,,,
2024-02-16,,GOOG,,,140.9223175048828,,,,,,,,,,,,,,,,,,,
2024-02-16,,HUT,,,,,,,,,,,,,,,,,10.079999923706055,,,,,
2024-02-16,,KO,,,,,,,,,,56.8038444519043,,,,,,,,,,,,
2024-02-16,,META,,,,,,,,,,,,470.7375183105469,,,,,,,,,,
2024-02-16,,MRVL,,,,,,,,,,,,,,,,,,,66.01595306396484,,,
2024-02-16,,MSTR,,,,,,69.95600128173828,,,,,,,,,,,,,,,,
2024-02-16,72.58069610595703,NVDA,,,,,,,,,,,,,,,,,,,,,,
2024-02-16,,PAM,,42.34000015258789,,,,,,,,,,,,,,,,,,,,
2024-02-16,,PEP,,,,,,,,,,,,,,,158.01300048828125,,,,,,,
2024-02-16,,PFE,,,,,,,,,,,,,,,,,,,,25.504377365112305,,
2024-02-16,,PLTR,,,,,,,,,,,,,,24.440000534057617,,,,,,,,
2024-02-16,,QQQ,,,,,,,,,426.90960693359375,,,,,,,,,,,,,
2024-02-16,,SPOT,,,,,,,,246.25,,,,,,,,,,,,,,
2024-02-16,,SPY,,,,,,,490.25531005859375,,,,,,,,,,,,,,,
2024-02-16,,TSLA,,,,,199.9499969482422,,,,,,,,,,,,,,,,,
2024-02-16,,YPF,,,,,,,,,,,,,,,,,,,,,,16.850000381469727
2024-02-20,,AAPL,180.47006225585938,,,,,,,,,,,,,,,,,,,,,
2024-02-20,,AMZN,,,,167.0800018310547,,,,,,,,,,,,,,,,,,
2024-02-20,,AVGO,,,,,,,,,,,,,,,,,,,,,120.3764419555664,
2024-02-20,,BRK-B,,,,,,,,,,,,,407.1499938964844,,,,,,,,,
2024-02-20,,COIN,,,,,,,,,,,,,,,,,,173.3000030517578,,,,
2024-02-20,,DIA,,,,,,,,,,,378.1921081542969,,,,,,,,,,,
2024-02-20,,GGAL,,,,,,,,,,,,,,,,19.179641723632812,,,,,,
2024-02-20,,GOOG,,,141.3597412109375,,,,,,,,,,,,,,,,,,,
2024-02-20,,HUT,,,,,,,,,,,,,,,,,9.430000305175781,,,,,
2024-02-20,,KO,,,,,,,,,,58.05680465698242,,,,,,,,,,,,
2024-02-20,,META,,,,,,,,,,,,469.17608642578125,,,,,,,,,,
2024-02-20,,MRVL,,,,,,,,,,,,,,,,,,,64.77113342285156,,,
2024-02-20,,MSTR,,,,,,70.49800109863281,,,,,,,,,,,,,,,,
2024-02-20,69.42111206054688,NVDA,,,,,,,,,,,,,,,,,,,,,,
2024-02-20,,PAM,,42.060001373291016,,,,,,,,,,,,,,,,,,,,
2024-02-20,,PEP,,,,,,,,,,,,,,,160.2266082763672,,,,,,,
2024-02-20,,PFE,,,,,,,,,,,,,,,,,,,,25.476673126220703,,
2024-02-20,,PLTR,,,,,,,,,,,,,,23.399999618530273,,,,,,,,
2024-02-20,,QQQ,,,,,,,,,423.6872253417969,,,,,,,,,,,,,
2024-02-20,,SPOT,,,,,,,,243.39999389648438,,,,,,,,,,,,,,
2024-02-20,,SPY,,,,,,,487.5562744140625,,,,,,,,,,,,,,,
2024-02-20,,TSLA,,,,,193.75999450683594,,,,,,,,,,,,,,,,,
2024-02-20,,YPF,,,,,,,,,,,,,,,,,,,,,,16.709999084472656
2024-02-21,,AAPL,181.22552490234375,,,,,,,,,,,,,,,,,,,,,
2024-02-21,,AMZN,,,,168.58999633789062,,,,,,,,,,,,,,,,,,
2024-02-21,,AVGO,,,,,,,,,,,,,,,,,,,,,120.46477508544922,
2024-02-21,,BRK-B,,,,,,,,,,,,,409.25,,,,,,,,,
2024-02-21,,COIN,,,,,,,,,,,,,,,,,,162.41000366210938,,,,
2024-02-21,,DIA,,,,,,,,,,,378.5450134277344,,,,,,,,,,,
2024-02-21,,GGAL,,,,,,,,,,,,,,,,19.18887710571289,,,,,,
2024-02-21,,GOOG,,,142.9900360107422,,,,,,,,,,,,,,,,,,,
2024-02-21,,HUT,,,,,,,,,,,,,,,,,8.739999771118164,,,,,
2024-02-21,,KO,,,,,,,,,,58.57328796386719,,,,,,,,,,,,
2024-02-21,,META,,,,,,,,,,,,465.9702453613281,,,,,,,,,,
2024-02-21,,MRVL,,,,,,,,,,,,,,,,,,,65.24913787841797,,,
2024-02-21,,MSTR,,,,,,67.27999877929688,,,,,,,,,,,,,,,,
2024-02-21,67.4419937133789,NVDA,,,,,,,,,,,,,,,,,,,,,,
2024-02-21,,PAM,,42.209999084472656,,,,,,,,,,,,,,,,,,,,
2024-02-21,,PEP,,,,,,,,,,,,,,,160.39761352539062,,,,,,,
2024-02-21,,PFE,,,,,,,,,,,,,,,,,,,,25.550548553466797,,
2024-02-21,,PLTR,,,,,,,,,,,,,,22.739999771118164,,,,,,,,
2024-02-21,,QQQ,,,,,,,,,421.99176025390625,,,,,,,,,,,,,
2024-02-21,,SPOT,,,,,,,,245.08999633789062,,,,,,,,,,,,,,
2024-02-21,,SPY,,,,,,,487.9979248046875,,,,,,,,,,,,,,,
2024-02-21,,TSLA,,,,,194.77000427246094,,,,,,,,,,,,,,,,,
2024-02-21,,YPF,,,,,,,,,,,,,,,,,,,,,,16.959999084472656
2024-02-22,,AAPL,183.26319885253906,,,,,,,,,,,,,,,,,,,,,
2024-02-22,,AMZN,,,,174.5800018310547,,,,,,,,,,,,,,,,,,
2024-02-22,,AVGO,,,,,,,,,,,,,,,,,,,,,128.06590270996094,
2024-02-22,,BRK-B,,,,,,,,,,,,,415.1600036621094,,,,,,,,,
2024-02-22,,COIN,,,,,,,,,,,,,,,,,,170.91000366210938,,,,
2024-02-22,,DIA,,,,,,,,,,,382.9477233886719,,,,,,,,,,,
2024-02-22,,GGAL,,,,,,,,,,,,,,,,19.862977981567383,,,,,,
2024-02-22,,GOOG,,,144.4613037109375,,,,,,,,,,,,,,,,,,,
2024-02-22,,HUT,,,,,,,,,,,,,,,,,8.270000457763672,,,,,
2024-02-22,,KO,,,,,,,,,,58.487213134765625,,,,,,,,,,,,
2024-02-22,,META,,,,,,,,,,,,483.9905700683594,,,,,,,,,,
2024-02-22,,MRVL,,,,,,,,,,,,,,,,,,,69.58116149902344,,,
2024-02-22,,MSTR,,,,,,71.31500244140625,,,,,,,,,,,,,,,,
2024-02-22,78.50306701660156,NVDA,,,,,,,,,,,,,,,,,,,,,,
2024-02-22,,PAM,,43.599998474121094,,,,,,,,,,,,,,,,,,,,
2024-02-22,,PEP,,,,,,,,,,,,,,,159.8466033935547,,,,,,,
2024-02-22,,PFE,,,,,,,,,,,,,,,,,,,,25.439739227294922,,
2024-02-22,,PLTR,,,,,,,,,,,,,,23.59000015258789,,,,,,,,
2024-02-22,,QQQ,,,,,,,,,434.3458251953125,,,,,,,,,,,,,
2024-02-22,,SPOT,,,,,,,,248.1199951171875,,,,,,,,,,,,,,
2024-02-22,,SPY,,,,,,,498.0972595214844,,,,,,,,,,,,,,,
2024-02-22,,TSLA,,,,,197.41000366210938,,,,,,,,,,,,,,,,,
2024-02-22,,YPF,,,,,,,,,,,,,,,,,,,,,,18.049999237060547
2024-02-23,,AAPL,181.42431640625,,,,,,,,,,,,,,,,,,,,,
2024-02-23,,AMZN,,,,174.99000549316406,,,,,,,,,,,,,,,,,,
2024-02-23,,AVGO,,,,,,,,,,,,,,,,,,,,,127.22872924804688,
2024-02-23,,BRK-B,,,,,,,,,,,,,417.2200012207031,,,,,,,,,
2024-02-23,,COIN,,,,,,,,,,,,,,,,,,165.97999572753906,,,,
2024-02-23,,DIA,,,,,,,,,,,383.67333984375,,,,,,,,,,,
2024-02-23,,GGAL,,,,,,,,,,,,,,,,20.278522491455078,,,,,,
2024-02-23,,GOOG,,,144.43148803710938,,,,,,,,,,,,,,,,,,,
2024-02-23,,HUT,,,,,,,,,,,,,,,,,7.820000171661377,,,,,
2024-02-23,,KO,,,,,,,,,,58.535030364990234,,,,,,,,,,,,
2024-02-23,,META,,,,,,,,,,,,481.89984130859375,,,,,,,,,,
2024-02-23,,MRVL,,,,,,,,,,,,,,,,,,,67.3006362915039,,,
2024-02-23,,MSTR,,,,,,68.74400329589844,,,,,,,,,,,,,,,,
2024-02-23,78.78195190429688,NVDA,,,,,,,,,,,,,,,,,,,,,,
2024-02-23,,PAM,,44.540000915527344,,,,,,,,,,,,,,,,,,,,
2024-02-23,,PEP,,,,,,,,,,,,,,,161.12916564941406,,,,,,,
2024-02-23,,PFE,,,,,,,,,,,,,,,,,,,,25.63365364074707,,
2024-02-23,,PLTR,,,,,,,,,,,,,,22.969999313354492,,,,,,,,
2024-02-23,,QQQ,,,,,,,,,433.0667724609375,,,,,,,,,,,,,
2024-02-23,,SPOT,,,,,,,,256.1000061035156,,,,,,,,,,,,,,
2024-02-23,,SPY,,,,,,,498.4407958984375,,,,,,,,,,,,,,,
2024-02-23,,TSLA,,,,,191.97000122070312,,,,,,,,,,,,,,,,,
2024-02-23,,YPF,,,,,,,,,,,,,,,,,,,,,,18.040000915527344
2024-02-26,,AAPL,180.07247924804688,,,,,,,,,,,,,,,,,,,,,
2024-02-26,,AMZN,,,,174.72999572753906,,,,,,,,,,,,,,,,,,
2024-02-26,,AVGO,,,,,,,,,,,,,,,,,,,,,128.4810333251953,
2024-02-26,,BRK-B,,,,,,,,,,,,,409.1400146484375,,,,,,,,,
2024-02-26,,COIN,,,,,,,,,,,,,,,,,,193.94000244140625,,,,
2024-02-26,,DIA,,,,,,,,,,,383.114501953125,,,,,,,,,,,
2024-02-26,,GGAL,,,,,,,,,,,,,,,,20.94339370727539,,,,,,
2024-02-26,,GOOG,,,137.93011474609375,,,,,,,,,,,,,,,,,,,
2024-02-26,,HUT,,,,,,,,,,,,,,,,,9.220000267028809,,,,,
2024-02-26,,KO,,,,,,,,,,58.06636428833008,,,,,,,,,,,,
2024-02-26,,META,,,,,,,,,,,,479.6199035644531,,,,,,,,,,
2024-02-26,,MRVL,,,,,,,,,,,,,,,,,,,68.3363265991211,,,
2024-02-26,,MSTR,,,,,,79.64800262451172,,,,,,,,,,,,,,,,
2024-02-26,79.05683135986328,NVDA,,,,,,,,,,,,,,,,,,,,,,
2024-02-26,,PAM,,43.45000076293945,,,,,,,,,,,,,,,,,,,,
2024-02-26,,PEP,,,,,,,,,,,,,,,159.85609436035156,,,,,,,
2024-02-26,,PFE,,,,,,,,,,,,,,,,,,,,25.098079681396484,,
2024-02-26,,PLTR,,,,,,,,,,,,,,23.559999465942383,,,,,,,,
2024-02-26,,QQQ,,,,,,,,,432.8387451171875,,,,,,,,,,,,,
2024-02-26,,SPOT,,,,,,,,254.99000549316406,,,,,,,,,,,,,,
2024-02-26,,SPY,,,,,,,496.615234375,,,,,,,,,,,,,,,
2024-02-26,,TSLA,,,,,199.39999389648438,,,,,,,,,,,,,,,,,
2024-02-26,,YPF,,,,,,,,,,,,,,,,,,,,,,17.90999984741211
2024-02-27,,AAPL,181.5336456298828,,,,,,,,,,,,,,,,,,,,,
2024-02-27,,AMZN,,,,173.5399932861328,,,,,,,,,,,,,,,,,,
2024-02-27,,AVGO,,,,,,,,,,,,,,,,,,,,,127.21499633789062,
2024-02-27,,BRK-B,,,,,,,,,,,,,408.9100036621094,,,,,,,,,
2024-02-27,,COIN,,,,,,,,,,,,,,,,,,199.22000122070312,,,,
2024-02-27,,DIA,,,,,,,,,,,382.0848388671875,,,,,,,,,,,
2024-02-27,,GGAL,,,,,,,,,,,,,,,,19.955324172973633,,,,,,
2024-02-27,,GOOG,,,139.27215576171875,,,,,,,,,,,,,,,,,,,
2024-02-27,,HUT,,,,,,,,,,,,,,,,,9.289999961853027,,,,,
2024-02-27,,KO,,,,,,,,,,57.71247863769531,,,,,,,,,,,,
2024-02-27,,META,,,,,,,,,,,,484.9065246582031,,,,,,,,,,
2024-02-27,,MRVL,,,,,,,,,,,,,,,,,,,68.8442153930664,,,
2024-02-27,,MSTR,,,,,,87.18000030517578,,,,,,,,,,,,,,,,
2024-02-27,78.66598510742188,NVDA,,,,,,,,,,,,,,,,,,,,,,
2024-02-27,,PAM,,42.349998474121094,,,,,,,,,,,,,,,,,,,,
2024-02-27,,PEP,,,,,,,,,,,,,,,159.76109313964844,,,,,,,
2024-02-27,,PFE,,,,,,,,,,,,,,,,,,,,24.830291748046875,,
2024-02-27,,PLTR,,,,,,,,,,,,,,24.530000686645508,,,,,,,,
2024-02-27,,QQQ,,,,,,,,,433.87982177734375,,,,,,,,,,,,,
2024-02-27,,SPOT,,,,,,,,253.02000427246094,,,,,,,,,,,,,,
2024-02-27,,SPY,,,,,,,497.5378112792969,,,,,,,,,,,,,,,
2024-02-27,,TSLA,,,,,199.72999572753906,,,,,,,,,,,,,,,,,
2024-02-27,,YPF,,,,,,,,,,,,,,,,,,,,,,17.40999984741211
2024-02-28,,AAPL,180.33090209960938,,,,,,,,,,,,,,,,,,,,,
2024-02-28,,AMZN,,,,173.16000366210938,,,,,,,,,,,,,,,,,,
2024-02-28,,AVGO,,,,,,,,,,,,,,,,,,,,,126.5466537475586,
2024-02-28,,BRK-B,,,,,,,,,,,,,412.1400146484375,,,,,,,,,
2024-02-28,,COIN,,,,,,,,,,,,,,,,,,200.8000030517578,,,,
2024-02-28,,DIA,,,,,,,,,,,382.02606201171875,,,,,,,,,,,
2024-02-28,,GGAL,,,,,,,,,,,,,,,,20.075368881225586,,,,,,
2024-02-28,,GOOG,,,136.617919921875,,,,,,,,,,,,,,,,,,,
2024-02-28,,HUT,,,,,,,,,,,,,,,,,8.729999542236328,,,,,
2024-02-28,,KO,,,,,,,,,,57.769866943359375,,,,,,,,,,,,
2024-02-28,,META,,,,,,,,,,,,481.8898620605469,,,,,,,,,,
2024-02-28,,MRVL,,,,,,,,,,,,,,,,,,,67.26079559326172,,,
2024-02-28,,MSTR,,,,,,96.29499816894531,,,,,,,,,,,,,,,,
2024-02-28,77.62846374511719,NVDA,,,,,,,,,,,,,,,,,,,,,,
2024-02-28,,PAM,,41.56999969482422,,,,,,,,,,,,,,,,,,,,
2024-02-28,,PEP,,,,,,,,,,,,,,,158.68751525878906,,,,,,,
2024-02-28,,PFE,,,,,,,,,,,,,,,,,,,,24.96880340576172,,
2024-02-28,,PLTR,,,,,,,,,,,,,,24.420000076293945,,,,,,,,
2024-02-28,,QQQ,,,,,,,,,431.56964111328125,,,,,,,,,,,,,
2024-02-28,,SPOT,,,,,,,,252.25,,,,,,,,,,,,,,
2024-02-28,,SPY,,,,,,,496.8802795410156,,,,,,,,,,,,,,,
2024-02-28,,TSLA,,,,,202.0399932861328,,,,,,,,,,,,,,,,,
2024-02-28,,YPF,,,,,,,,,,,,,,,,,,,,,,17.06999969482422
2024-02-29,,AAPL,179.66493225097656,,,,,,,,,,,,,,,,,,,,,
2024-02-29,,AMZN,,,,176.75999450683594,,,,,,,,,,,,,,,,,,
2024-02-29,,AVGO,,,,,,,,,,,,,,,,,,,,,127.6330795288086,
2024-02-29,,BRK-B,,,,,,,,,,,,,409.3999938964844,,,,,,,,,
2024-02-29,,COIN,,,,,,,,,,,,,,,,,,203.55999755859375,,,,
2024-02-29,,DIA,,,,,,,,,,,382.3692321777344,,,,,,,,,,,
2024-02-29,,GGAL,,,,,,,,,,,,,,,,20.32469367980957,,,,,,
2024-02-29,,GOOG,,,138.9540252685547,,,,,,,,,,,,,,,,,,,
2024-02-29,,HUT,,,,,,,,,,,,,,,,,8.489999771118164,,,,,
2024-02-29,,KO,,,,,,,,,,57.40641403198242,,,,,,,,,,,,
2024-02-29,,META,,,,,,,,,,,,487.9729919433594,,,,,,,,,,
2024-02-29,,MRVL,,,,,,,,,,,,,,,,,,,71.36376190185547,,,
2024-02-29,,MSTR,,,,,,102.28399658203125,,,,,,,,,,,,,,,,
2024-02-29,79.0768051147461,NVDA,,,,,,,,,,,,,,,,,,,,,,
2024-02-29,,PAM,,42.02000045776367,,,,,,,,,,,,,,,,,,,,
2024-02-29,,PEP,,,,,,,,,,,,,,,158.28065490722656,,,,,,,
2024-02-29,,PFE,,,,,,,,,,,,,,,,,,,,24.52556800842285,,
2024-02-29,,PLTR,,,,,,,,,,,,,,25.079999923706055,,,,,,,,
2024-02-29,,QQQ,,,,,,,,,435.26788330078125,,,,,,,,,,,,,
2024-02-29,,SPOT,,,,,,,,256.4100036621094,,,,,,,,,,,,,,
2024-02-29,,SPY,,,,,,,498.6665344238281,,,,,,,,,,,,,,,
2024-02-29,,TSLA,,,,,201.8800048828125,,,,,,,,,,,,,,,,,
2024-02-29,,YPF,,,,,,,,,,,,,,,,,,,,,,17.299999237060547
2024-03-01,,AAPL,178.58148193359375,,,,,,,,,,,,,,,,,,,,,
2024-03-01,,AMZN,,,,178.22000122070312,,,,,,,,,,,,,,,,,,
2024-03-01,,AVGO,,,,,,,,,,,,,,,,,,,,,137.31776428222656,
2024-03-01,,BRK-B,,,,,,,,,,,,,407.1099853515625,,,,,,,,,
2024-03-01,,COIN,,,,,,,,,,,,,,,,,,205.77000427246094,,,,
2024-03-01,,DIA,,,,,,,,,,,383.70281982421875,,,,,,,,,,,
2024-03-01,,GGAL,,,,,,,,,,,,,,,,20.583255767822266,,,,,,
2024-03-01,,GOOG,,,137.2640838623047,,,,,,,,,,,,,,,,,,,
2024-03-01,,HUT,,,,,,,,,,,,,,,,,8.920000076293945,,,,,
2024-03-01,,KO,,,,,,,,,,56.937747955322266,,,,,,,,,,,,
2024-03-01,,META,,,,,,,,,,,,500.0893859863281,,,,,,,,,,
2024-03-01,,MRVL,,,,,,,,,,,,,,,,,,,77.28915405273438,,,
2024-03-01,,MSTR,,,,,,107.93900299072266,,,,,,,,,,,,,,,,
2024-03-01,82.24239349365234,NVDA,,,,,,,,,,,,,,,,,,,,,,
2024-03-01,,PAM,,42.689998626708984,,,,,,,,,,,,,,,,,,,,
2024-03-01,,PEP,,,,,,,,,,,,,,,157.5626983642578,,,,,,,
2024-03-01,,PFE,,,,,,,,,,,,,,,,,,,,24.553274154663086,,
2024-03-01,,PLTR,,,,,,,,,,,,,,24.93000030517578,,,,,,,,
2024-03-01,,QQQ,,,,,,,,,441.82171630859375,,,,,,,,,,,,,
2024-03-01,,SPOT,,,,,,,,263.75,,,,,,,,,,,,,,
2024-03-01,,SPY,,,,,,,503.3481140136719,,,,,,,,,,,,,,,
2024-03-01,,TSLA,,,,,202.63999938964844,,,,,,,,,,,,,,,,,
2024-03-01,,YPF,,,,,,,,,,,,,,,,,,,,,,17.829999923706055
2024-03-04,,AAPL,174.0488739013672,,,,,,,,,,,,,,,,,,,,,
2024-03-04,,AMZN,,,,177.5800018310547,,,,,,,,,,,,,,,,,,
2024-03-04,,AVGO,,,,,,,,,,,,,,,,,,,,,137.6210174560547,
2024-03-04,,BRK-B,,,,,,,,,,,,,403.3900146484375,,,,,,,,,
2024-03-04,,COIN,,,,,,,,,,,,,,,,,,229.14999389648438,,,,
2024-03-04,,DIA,,,,,,,,,,,382.64373779296875,,,,,,,,,,,
2024-03-04,,GGAL,,,,,,,,,,,,,,,,20.047664642333984,,,,,,
2024-03-04,,GOOG,,,133.40699768066406,,,,,,,,,,,,,,,,,,,
2024-03-04,,HUT,,,,,,,,,,,,,,,,,8.359999656677246,,,,,
2024-03-04,,KO,,,,,,,,,,57.20555877685547,,,,,,,,,,,,
2024-03-04,,META,,,,,,,,,,,,495.99749755859375,,,,,,,,,,
2024-03-04,,MRVL,,,,,,,,,,,,,,,,,,,79.02197265625,,,
2024-03-04,,MSTR,,,,,,133.4010009765625,,,,,,,,,,,,,,,,
2024-03-04,85.1990737915039,NVDA,,,,,,,,,,,,,,,,,,,,,,
2024-03-04,,PAM,,41.630001068115234,,,,,,,,,,,,,,,,,,,,
2024-03-04,,PEP,,,,,,,,,,,,,,,158.30938720703125,,,,,,,
2024-03-04,,PFE,,,,,,,,,,,,,,,,,,,,23.906890869140625,,
2024-03-04,,PLTR,,,,,,,,,,,,,,24.040000915527344,,,,,,,,
2024-03-04,,QQQ,,,,,,,,,440.2452087402344,,,,,,,,,,,,,
2024-03-04,,SPOT,,,,,,,,270.0,,,,,,,,,,,,,,
2024-03-04,,SPY,,,,,,,502.808349609375,,,,,,,,,,,,,,,
2024-03-04,,TSLA,,,,,188.13999938964844,,,,,,,,,,,,,,,,,
2024-03-04,,YPF,,,,,,,,,,,,,,,,,,,,,,18.709999084472656
2024-03-05,,AAPL,169.09873962402344,,,,,,,,,,,,,,,,,,,,,
2024-03-05,,AMZN,,,,174.1199951171875,,,,,,,,,,,,,,,,,,
2024-03-05,,AVGO,,,,,,,,,,,,,,,,,,,,,131.78057861328125,
2024-03-05,,BRK-B,,,,,,,,,,,,,400.739990234375,,,,,,,,,
2024-03-05,,COIN,,,,,,,,,,,,,,,,,,216.77000427246094,,,,
2024-03-05,,DIA,,,,,,,,,,,378.6822814941406,,,,,,,,,,,
2024-03-05,,GGAL,,,,,,,,,,,,,,,,19.521310806274414,,,,,,
2024-03-05,,GOOG,,,132.98947143554688,,,,,,,,,,,,,,,,,,,
2024-03-05,,HUT,,,,,,,,,,,,,,,,,7.519999980926514,,,,,
2024-03-05,,KO,,,,,,,,,,56.92818832397461,,,,,,,,,,,,
2024-03-05,,META,,,,,,,,,,,,488.0626220703125,,,,,,,,,,
2024-03-05,,MRVL,,,,,,,,,,,,,,,,,,,78.40453338623047,,,
2024-03-05,,MSTR,,,,,,105.10099792480469,,,,,,,,,,,,,,,,
2024-03-05,85.92979431152344,NVDA,,,,,,,,,,,,,,,,,,,,,,
2024-03-05,,PAM,,41.40999984741211,,,,,,,,,,,,,,,,,,,,
2024-03-05,,PEP,,,,,,,,,,,,,,,155.12156677246094,,,,,,,
2024-03-05,,PFE,,,,,,,,,,,,,,,,,,,,24.08233642578125,,
2024-03-05,,PLTR,,,,,,,,,,,,,,23.809999465942383,,,,,,,,
2024-03-05,,QQQ,,,,,,,,,432.3429870605469,,,,,,,,,,,,,
2024-03-05,,SPOT,,,,,,,,267.0,,,,,,,,,,,,,,
2024-03-05,,SPY,,,,,,,497.783203125,,,,,,,,,,,,,,,
2024-03-05,,TSLA,,,,,180.74000549316406,,,,,,,,,,,,,,,,,
2024-03-05,,YPF,,,,,,,,,,,,,,,,,,,,,,18.200000762939453
2024-03-06,,AAPL,168.10475158691406,,,,,,,,,,,,,,,,,,,,,
2024-03-06,,AMZN,,,,173.50999450683594,,,,,,,,,,,,,,,,,,
2024-03-06,,AVGO,,,,,,,,,,,,,,,,,,,,,132.49208068847656,
2024-03-06,,BRK-B,,,,,,,,,,,,,403.9599914550781,,,,,,,,,
2024-03-06,,COIN,,,,,,,,,,,,,,,,,,238.5500030517578,,,,
2024-03-06,,DIA,,,,,,,,,,,379.653076171875,,,,,,,,,,,
2024-03-06,,GGAL,,,,,,,,,,,,,,,,21.10961151123047,,,,,,
2024-03-06,,GOOG,,,131.7766876220703,,,,,,,,,,,,,,,,,,,
2024-03-06,,HUT,,,,,,,,,,,,,,,,,7.869999885559082,,,,,
2024-03-06,,KO,,,,,,,,,,56.956878662109375,,,,,,,,,,,,
2024-03-06,,META,,,,,,,,,,,,493.90673828125,,,,,,,,,,
2024-03-06,,MRVL,,,,,,,,,,,,,,,,,,,81.03360748291016,,,
2024-03-06,,MSTR,,,,,,124.62100219726562,,,,,,,,,,,,,,,,
2024-03-06,88.66470336914062,NVDA,,,,,,,,,,,,,,,,,,,,,,
2024-03-06,,PAM,,41.849998474121094,,,,,,,,,,,,,,,,,,,,
2024-03-06,,PEP,,,,,,,,,,,,,,,156.0405731201172,,,,,,,
2024-03-06,,PFE,,,,,,,,,,,,,,,,,,,,25.107315063476562,,
2024-03-06,,PLTR,,,,,,,,,,,,,,26.15999984741211,,,,,,,,
2024-03-06,,QQQ,,,,,,,,,435.0596923828125,,,,,,,,,,,,,
2024-03-06,,SPOT,,,,,,,,268.0299987792969,,,,,,,,,,,,,,
2024-03-06,,SPY,,,,,,,500.3055419921875,,,,,,,,,,,,,,,
2024-03-06,,TSLA,,,,,176.5399932861328,,,,,,,,,,,,,,,,,
2024-03-06,,YPF,,,,,,,,,,,,,,,,,,,,,,18.670000076293945
2024-03-07,,AAPL,167.9854736328125,,,,,,,,,,,,,,,,,,,,,
2024-03-07,,AMZN,,,,176.82000732421875,,,,,,,,,,,,,,,,,,
2024-03-07,,AVGO,,,,,,,,,,,,,,,,,,,,,138.0872039794922,
2024-03-07,,BRK-B,,,,,,,,,,,,,402.3900146484375,,,,,,,,,
2024-03-07,,COIN,,,,,,,,,,,,,,,,,,242.6199951171875,,,,
2024-03-07,,DIA,,,,,,,,,,,380.8984375,,,,,,,,,,,
2024-03-07,,GGAL,,,,,,,,,,,,,,,,21.16501808166504,,,,,,
2024-03-07,,GOOG,,,134.44085693359375,,,,,,,,,,,,,,,,,,,
2024-03-07,,HUT,,,,,,,,,,,,,,,,,7.71999979019165,,,,,
2024-03-07,,KO,,,,,,,,,,56.85166931152344,,,,,,,,,,,,
2024-03-07,,META,,,,,,,,,,,,509.9359130859375,,,,,,,,,,
2024-03-07,,MRVL,,,,,,,,,,,,,,,,,,,84.73822784423828,,,
2024-03-07,,MSTR,,,,,,130.0019989013672,,,,,,,,,,,,,,,,
2024-03-07,92.63211822509766,NVDA,,,,,,,,,,,,,,,,,,,,,,
2024-03-07,,PAM,,39.29999923706055,,,,,,,,,,,,,,,,,,,,
2024-03-07,,PEP,,,,,,,,,,,,,,,156.14590454101562,,,,,,,
2024-03-07,,PFE,,,,,,,,,,,,,,,,,,,,24.73795509338379,,
2024-03-07,,PLTR,,,,,,,,,,,,,,26.459999084472656,,,,,,,,
2024-03-07,,QQQ,,,,,,,,,441.6631164550781,,,,,,,,,,,,,
2024-03-07,,SPOT,,,,,,,,270.3500061035156,,,,,,,,,,,,,,
2024-03-07,,SPY,,,,,,,505.2718200683594,,,,,,,,,,,,,,,
2024-03-07,,TSLA,,,,,178.64999389648438,,,,,,,,,,,,,,,,,
2024-03-07,,YPF,,,,,,,,,,,,,,,,,,,,,,18.31999969482422
2024-03-08,,AAPL,169.70509338378906,,,,,,,,,,,,,,,,,,,,,
2024-03-08,,AMZN,,,,175.35000610351562,,,,,,,,,,,,,,,,,,
2024-03-08,,AVGO,,,,,,,,,,,,,,,,,,,,,128.44078063964844,
2024-03-08,,BRK-B,,,,,,,,,,,,,403.1499938964844,,,,,,,,,
2024-03-08,,COIN,,,,,,,,,,,,,,,,,,256.6199951171875,,,,
2024-03-08,,DIA,,,,,,,,,,,380.4473571777344,,,,,,,,,,,
2024-03-08,,GGAL,,,,,,,,,,,,,,,,20.86028289794922,,,,,,
2024-03-08,,GOOG,,,135.48464965820312,,,,,,,,,,,,,,,,,,,
2024-03-08,,HUT,,,,,,,,,,,,,,,,,7.929999828338623,,,,,
2024-03-08,,KO,,,,,,,,,,56.92818832397461,,,,,,,,,,,,
2024-03-08,,META,,,,,,,,,,,,503.723388671875,,,,,,,,,,
2024-03-08,,MRVL,,,,,,,,,,,,,,,,,,,75.10821533203125,,,
2024-03-08,,MSTR,,,,,,142.5590057373047,,,,,,,,,,,,,,,,
2024-03-08,87.49317932128906,NVDA,,,,,,,,,,,,,,,,,,,,,,
2024-03-08,,PAM,,39.61000061035156,,,,,,,,,,,,,,,,,,,,
2024-03-08,,PEP,,,,,,,,,,,,,,,156.08843994140625,,,,,,,
2024-03-08,,PFE,,,,,,,,,,,,,,,,,,,,25.135011672973633,,
2024-03-08,,PLTR,,,,,,,,,,,,,,26.040000915527344,,,,,,,,
2024-03-08,,QQQ,,,,,,,,,435.2877502441406,,,,,,,,,,,,,
2024-03-08,,SPOT,,,,,,,,259.3999938964844,,,,,,,,,,,,,,
2024-03-08,,SPY,,,,,,,502.2391052246094,,,,,,,,,,,,,,,
2024-03-08,,TSLA,,,,,175.33999633789062,,,,,,,,,,,,,,,,,
2024-03-08,,YPF,,,,,,,,,,,,,,,,,,,,,,17.649999618530273
2024-03-11,,AAPL,171.71295166015625,,,,,,,,,,,,,,,,,,,,,
2024-03-11,,AMZN,,,,171.9600067138672,,,,,,,,,,,,,,,,,,
2024-03-11,,AVGO,,,,,,,,,,,,,,,,,,,,,126.90977478027344,
2024-03-11,,BRK-B,,,,,,,,,,,,,404.760009765625,,,,,,,,,
2024-03-11,,COIN,,,,,,,,,,,,,,,,,,254.1699981689453,,,,
2024-03-11,,DIA,,,,,,,,,,,380.8689880371094,,,,,,,,,,,
2024-03-11,,GGAL,,,,,,,,,,,,,,,,20.1123046875,,,,,,
2024-03-11,,GOOG,,,138.11900329589844,,,,,,,,,,,,,,,,,,,
2024-03-11,,HUT,,,,,,,,,,,,,,,,,7.079999923706055,,,,,
2024-03-11,,KO,,,,,,,,,,57.61684036254883,,,,,,,,,,,,
2024-03-11,,META,,,,,,,,,,,,481.46173095703125,,,,,,,,,,
2024-03-11,,MRVL,,,,,,,,,,,,,,,,,,,72.06085968017578,,,
2024-03-11,,MSTR,,,,,,148.42300415039062,,,,,,,,,,,,,,,,
2024-03-11,85.73987579345703,NVDA,,,,,,,,,,,,,,,,,,,,,,
2024-03-11,,PAM,,39.02000045776367,,,,,,,,,,,,,,,,,,,,
2024-03-11,,PEP,,,,,,,,,,,,,,,157.6967315673828,,,,,,,
2024-03-11,,PFE,,,,,,,,,,,,,,,,,,,,26.196929931640625,,
2024-03-11,,PLTR,,,,,,,,,,,,,,25.350000381469727,,,,,,,,
2024-03-11,,QQQ,,,,,,,,,433.6716613769531,,,,,,,,,,,,,
2024-03-11,,SPOT,,,,,,,,254.4499969482422,,,,,,,,,,,,,,
2024-03-11,,SPY,,,,,,,501.8072204589844,,,,,,,,,,,,,,,
2024-03-11,,TSLA,,,,,177.77000427246094,,,,,,,,,,,,,,,,,
2024-03-11,,YPF,,,,,,,,,,,,,,,,,,,,,,17.34000015258789
2024-03-12,,AAPL,172.1900634765625,,,,,,,,,,,,,,,,,,,,,
2024-03-12,,AMZN,,,,175.38999938964844,,,,,,,,,,,,,,,,,,
2024-03-12,,AVGO,,,,,,,,,,,,,,,,,,,,,126.78807830810547,
2024-03-12,,BRK-B,,,,,,,,,,,,,404.9800109863281,,,,,,,,,
2024-03-12,,COIN,,,,,,,,,,,,,,,,,,256.1400146484375,,,,
2024-03-12,,DIA,,,,,,,,,,,383.19293212890625,,,,,,,,,,,
2024-03-12,,GGAL,,,,,,,,,,,,,,,,21.044973373413086,,,,,,
2024-03-12,,GOOG,,,138.79498291015625,,,,,,,,,,,,,,,,,,,
2024-03-12,,HUT,,,,,,,,,,,,,,,,,7.130000114440918,,,,,
2024-03-12,,KO,,,,,,,,,,57.865516662597656,,,,,,,,,,,,
2024-03-12,,META,,,,,,,,,,,,497.5506286621094,,,,,,,,,,
2024-03-12,,MRVL,,,,,,,,,,,,,,,,,,,71.47329711914062,,,
2024-03-12,,MSTR,,,,,,159.3350067138672,,,,,,,,,,,,,,,,
2024-03-12,91.87643432617188,NVDA,,,,,,,,,,,,,,,,,,,,,,
2024-03-12,,PAM,,39.369998931884766,,,,,,,,,,,,,,,,,,,,
2024-03-12,,PEP,,,,,,,,,,,,,,,157.51483154296875,,,,,,,
2024-03-12,,PFE,,,,,,,,,,,,,,,,,,,,25.864503860473633,,
2024-03-12,,PLTR,,,,,,,,,,,,,,24.700000762939453,,,,,,,,
2024-03-12,,QQQ,,,,,,,,,439.8882751464844,,,,,,,,,,,,,
2024-03-12,,SPOT,,,,,,,,258.0899963378906,,,,,,,,,,,,,,
2024-03-12,,SPY,,,,,,,507.2053527832031,,,,,,,,,,,,,,,
2024-03-12,,TSLA,,,,,177.5399932861328,,,,,,,,,,,,,,,,,
2024-03-12,,YPF,,,,,,,,,,,,,,,,,,,,,,17.639999389648438
2024-03-13,,AAPL,170.10269165039062,,,,,,,,,,,,,,,,,,,,,
2024-03-13,,AMZN,,,,176.55999755859375,,,,,,,,,,,,,,,,,,
2024-03-13,,AVGO,,,,,,,,,,,,,,,,,,,,,123.45025634765625,
2024-03-13,,BRK-B,,,,,,,,,,,,,408.1300048828125,,,,,,,,,
2024-03-13,,COIN,,,,,,,,,,,,,,,,,,251.72999572753906,,,,
2024-03-13,,DIA,,,,,,,,,,,383.6145935058594,,,,,,,,,,,
2024-03-13,,GGAL,,,,,,,,,,,,,,,,22.439350128173828,,,,,,
2024-03-13,,GOOG,,,139.93820190429688,,,,,,,,,,,,,,,,,,,
2024-03-13,,HUT,,,,,,,,,,,,,,,,,7.730000019073486,,,,,
2024-03-13,,KO,,,,,,,,,,58.45851135253906,,,,,,,,,,,,
2024-03-13,,META,,,,,,,,,,,,493.3890380859375,,,,,,,,,,
2024-03-13,,MRVL,,,,,,,,,,,,,,,,,,,67.35041809082031,,,
2024-03-13,,MSTR,,,,,,176.61500549316406,,,,,,,,,,,,,,,,
2024-03-13,90.8518295288086,NVDA,,,,,,,,,,,,,,,,,,,,,,
2024-03-13,,PAM,,39.15999984741211,,,,,,,,,,,,,,,,,,,,
2024-03-13,,PEP,,,,,,,,,,,,,,,158.2423858642578,,,,,,,
2024-03-13,,PFE,,,,,,,,,,,,,,,,,,,,26.05841827392578,,
2024-03-13,,PLTR,,,,,,,,,,,,,,25.0,,,,,,,,
2024-03-13,,QQQ,,,,,,,,,436.5073547363281,,,,,,,,,,,,,
2024-03-13,,SPOT,,,,,,,,257.260009765625,,,,,,,,,,,,,,
2024-03-13,,SPY,,,,,,,506.4102783203125,,,,,,,,,,,,,,,
2024-03-13,,TSLA,,,,,169.47999572753906,,,,,,,,,,,,,,,,,
2024-03-13,,YPF,,,,,,,,,,,,,,,,,,,,,,18.110000610351562
2024-03-14,,AAPL,171.96145629882812,,,,,,,,,,,,,,,,,,,,,
2024-03-14,,AMZN,,,,178.75,,,,,,,,,,,,,,,,,,
2024-03-14,,AVGO,,,,,,,,,,,,,,,,,,,,,123.88207244873047,
2024-03-14,,BRK-B,,,,,,,,,,,,,406.7300109863281,,,,,,,,,
2024-03-14,,COIN,,,,,,,,,,,,,,,,,,233.6699981689453,,,,
2024-03-14,,DIA,,,,,,,,,,,382.4869079589844,,,,,,,,,,,
2024-03-14,,GGAL,,,,,,,,,,,,,,,,21.571327209472656,,,,,,
2024-03-14,,GOOG,,,143.48709106445312,,,,,,,,,,,,,,,,,,,
2024-03-14,,HUT,,,,,,,,,,,,,,,,,7.239999771118164,,,,,
2024-03-14,,KO,,,,,,,,,,58.328365325927734,,,,,,,,,,,,
2024-03-14,,META,,,,,,,,,,,,489.6654968261719,,,,,,,,,,
2024-03-14,,MRVL,,,,,,,,,,,,,,,,,,,65.80683135986328,,,
2024-03-14,,MSTR,,,,,,167.68499755859375,,,,,,,,,,,,,,,,
2024-03-14,87.90900421142578,NVDA,,,,,,,,,,,,,,,,,,,,,,
2024-03-14,,PAM,,39.15999984741211,,,,,,,,,,,,,,,,,,,,
2024-03-14,,PEP,,,,,,,,,,,,,,,157.74456787109375,,,,,,,
2024-03-14,,PFE,,,,,,,,,,,,,,,,,,,,25.975309371948242,,
2024-03-14,,PLTR,,,,,,,,,,,,,,24.43000030517578,,,,,,,,
2024-03-14,,QQQ,,,,,,,,,435.40673828125,,,,,,,,,,,,,
2024-03-14,,SPOT,,,,,,,,257.1300048828125,,,,,,,,,,,,,,
2024-03-14,,SPY,,,,,,,505.40924072265625,,,,,,,,,,,,,,,
2024-03-14,,TSLA,,,,,162.5,,,,,,,,,,,,,,,,,
2024-03-14,,YPF,,,,,,,,,,,,,,,,,,,,,,18.0
2024-03-15,,AAPL,171.58372497558594,,,,,,,,,,,,,,,,,,,,,
2024-03-15,,AMZN,,,,174.4199981689453,,,,,,,,,,,,,,,,,,
2024-03-15,,AVGO,,,,,,,,,,,,,,,,,,,,,121.25482177734375,
2024-03-15,,BRK-B,,,,,,,,,,,,,408.1300048828125,,,,,,,,,
2024-03-15,,COIN,,,,,,,,,,,,,,,,,,242.36000061035156,,,,
2024-03-15,,DIA,,,,,,,,,,,380.3864440917969,,,,,,,,,,,
2024-03-15,,GGAL,,,,,,,,,,,,,,,,22.014570236206055,,,,,,
2024-03-15,,GOOG,,,141.3299102783203,,,,,,,,,,,,,,,,,,,
2024-03-15,,HUT,,,,,,,,,,,,,,,,,7.539999961853027,,,,,
2024-03-15,,KO,,,,,,,,,,57.730613708496094,,,,,,,,,,,,
2024-03-15,,META,,,,,,,,,,,,481.9695129394531,,,,,,,,,,
2024-03-15,,MRVL,,,,,,,,,,,,,,,,,,,66.59355926513672,,,
2024-03-15,,MSTR,,,,,,178.23599243164062,,,,,,,,,,,,,,,,
2024-03-15,87.80204772949219,NVDA,,,,,,,,,,,,,,,,,,,,,,
2024-03-15,,PAM,,39.63999938964844,,,,,,,,,,,,,,,,,,,,
2024-03-15,,PEP,,,,,,,,,,,,,,,157.62973022460938,,,,,,,
2024-03-15,,PFE,,,,,,,,,,,,,,,,,,,,25.79986572265625,,
2024-03-15,,PLTR,,,,,,,,,,,,,,23.489999771118164,,,,,,,,
2024-03-15,,QQQ,,,,,,,,,430.2311096191406,,,,,,,,,,,,,
2024-03-15,,SPOT,,,,,,,,254.88999938964844,,,,,,,,,,,,,,
2024-03-15,,SPY,,,,,,,501.9388122558594,,,,,,,,,,,,,,,
2024-03-15,,TSLA,,,,,163.57000732421875,,,,,,,,,,,,,,,,,
2024-03-15,,YPF,,,,,,,,,,,,,,,,,,,,,,18.059999465942383
2024-03-18,,AAPL,172.67713928222656,,,,,,,,,,,,,,,,,,,,,
2024-03-18,,AMZN,,,,174.47999572753906,,,,,,,,,,,,,,,,,,
2024-03-18,,AVGO,,,,,,,,,,,,,,,,,,,,,121.42556762695312,
2024-03-18,,BRK-B,,,,,,,,,,,,,408.4100036621094,,,,,,,,,
2024-03-18,,COIN,,,,,,,,,,,,,,,,,,239.6199951171875,,,,
2024-03-18,,DIA,,,,,,,,,,,381.1039733886719,,,,,,,,,,,
2024-03-18,,GGAL,,,,,,,,,,,,,,,,22.882593154907227,,,,,,
2024-03-18,,GOOG,,,147.6026153564453,,,,,,,,,,,,,,,,,,,
2024-03-18,,HUT,,,,,,,,,,,,,,,,,7.789999961853027,,,,,
2024-03-18,,KO,,,,,,,,,,57.97164535522461,,,,,,,,,,,,
2024-03-18,,META,,,,,,,,,,,,494.7928466796875,,,,,,,,,,
2024-03-18,,MRVL,,,,,,,,,,,,,,,,,,,66.92218780517578,,,
2024-03-18,,MSTR,,,,,,150.2760009765625,,,,,,,,,,,,,,,,
2024-03-18,88.41980743408203,NVDA,,,,,,,,,,,,,,,,,,,,,,
2024-03-18,,PAM,,42.529998779296875,,,,,,,,,,,,,,,,,,,,
2024-03-18,,PEP,,,,,,,,,,,,,,,163.94789123535156,,,,,,,
2024-03-18,,PFE,,,,,,,,,,,,,,,,,,,,25.596717834472656,,
2024-03-18,,PLTR,,,,,,,,,,,,,,24.0,,,,,,,,
2024-03-18,,QQQ,,,,,,,,,434.3343811035156,,,,,,,,,,,,,
2024-03-18,,SPOT,,,,,,,,254.14999389648438,,,,,,,,,,,,,,
2024-03-18,,SPY,,,,,,,504.9218444824219,,,,,,,,,,,,,,,
2024-03-18,,TSLA,,,,,173.8000030517578,,,,,,,,,,,,,,,,,
2024-03-18,,YPF,,,,,,,,,,,,,,,,,,,,,,19.260000228881836
2024-03-19,,AAPL,175.02297973632812,,,,,,,,,,,,,,,,,,,,,
2024-03-19,,AMZN,,,,175.89999389648438,,,,,,,,,,,,,,,,,,
2024-03-19,,AVGO,,,,,,,,,,,,,,,,,,,,,121.50115966796875,
2024-03-19,,BRK-B,,,,,,,,,,,,,411.760009765625,,,,,,,,,
2024-03-19,,COIN,,,,,,,,,,,,,,,,,,230.1199951171875,,,,
2024-03-19,,DIA,,,,,,,,,,,384.2198181152344,,,,,,,,,,,
2024-03-19,,GGAL,,,,,,,,,,,,,,,,22.503990173339844,,,,,,
2024-03-19,,GOOG,,,147.04592895507812,,,,,,,,,,,,,,,,,,,
2024-03-19,,HUT,,,,,,,,,,,,,,,,,8.050000190734863,,,,,
2024-03-19,,KO,,,,,,,,,,58.068050384521484,,,,,,,,,,,,
2024-03-19,,META,,,,,,,,,,,,494.0560302734375,,,,,,,,,,
2024-03-19,,MRVL,,,,,,,,,,,,,,,,,,,64.7910385131836,,,
2024-03-19,,MSTR,,,,,,141.75,,,,,,,,,,,,,,,,
2024-03-19,89.36243438720703,NVDA,,,,,,,,,,,,,,,,,,,,,,
2024-03-19,,PAM,,41.90999984741211,,,,,,,,,,,,,,,,,,,,
2024-03-19,,PEP,,,,,,,,,,,,,,,164.46487426757812,,,,,,,
2024-03-19,,PFE,,,,,,,,,,,,,,,,,,,,25.51361083984375,,
2024-03-19,,PLTR,,,,,,,,,,,,,,23.799999237060547,,,,,,,,
2024-03-19,,QQQ,,,,,,,,,435.4165344238281,,,,,,,,,,,,,
2024-03-19,,SPOT,,,,,,,,252.75999450683594,,,,,,,,,,,,,,
2024-03-19,,SPY,,,,,,,507.72784423828125,,,,,,,,,,,,,,,
2024-03-19,,TSLA,,,,,171.32000732421875,,,,,,,,,,,,,,,,,
2024-03-19,,YPF,,,,,,,,,,,,,,,,,,,,,,18.969999313354492
2024-03-20,,AAPL,177.59742736816406,,,,,,,,,,,,,,,,,,,,,
2024-03-20,,AMZN,,,,178.14999389648438,,,,,,,,,,,,,,,,,,
2024-03-20,,AVGO,,,,,,,,,,,,,,,,,,,,,125.76289367675781,
2024-03-20,,BRK-B,,,,,,,,,,,,,416.1099853515625,,,,,,,,,
2024-03-20,,COIN,,,,,,,,,,,,,,,,,,256.8800048828125,,,,
2024-03-20,,DIA,,,,,,,,,,,388.2398376464844,,,,,,,,,,,
2024-03-20,,GGAL,,,,,,,,,,,,,,,,23.399717330932617,,,,,,
2024-03-20,,GOOG,,,148.7955322265625,,,,,,,,,,,,,,,,,,,
2024-03-20,,HUT,,,,,,,,,,,,,,,,,9.079999923706055,,,,,
2024-03-20,,KO,,,,,,,,,,58.56938934326172,,,,,,,,,,,,
2024-03-20,,META,,,,,,,,,,,,503.2952575683594,,,,,,,,,,
2024-03-20,,MRVL,,,,,,,,,,,,,,,,,,,65.26905059814453,,,
2024-03-20,,MSTR,,,,,,154.65199279785156,,,,,,,,,,,,,,,,
2024-03-20,90.33604431152344,NVDA,,,,,,,,,,,,,,,,,,,,,,
2024-03-20,,PAM,,43.65999984741211,,,,,,,,,,,,,,,,,,,,
2024-03-20,,PEP,,,,,,,,,,,,,,,164.5222930908203,,,,,,,
2024-03-20,,PFE,,,,,,,,,,,,,,,,,,,,25.578250885009766,,
2024-03-20,,PLTR,,,,,,,,,,,,,,24.56999969482422,,,,,,,,
2024-03-20,,QQQ,,,,,,,,,440.5791015625,,,,,,,,,,,,,
2024-03-20,,SPOT,,,,,,,,261.7200012207031,,,,,,,,,,,,,,
2024-03-20,,SPY,,,,,,,512.4238891601562,,,,,,,,,,,,,,,
2024-03-20,,TSLA,,,,,175.66000366210938,,,,,,,,,,,,,,,,,
2024-03-20,,YPF,,,,,,,,,,,,,,,,,,,,,,19.360000610351562
2024-03-21,,AAPL,170.3412322998047,,,,,,,,,,,,,,,,,,,,,
2024-03-21,,AMZN,,,,178.14999389648438,,,,,,,,,,,,,,,,,,
2024-03-21,,AVGO,,,,,,,,,,,,,,,,,,,,,132.85923767089844,
2024-03-21,,BRK-B,,,,,,,,,,,,,413.7799987792969,,,,,,,,,
2024-03-21,,COIN,,,,,,,,,,,,,,,,,,262.0,,,,
2024-03-21,,DIA,,,,,,,,,,,390.9527282714844,,,,,,,,,,,
2024-03-21,,GGAL,,,,,,,,,,,,,,,,23.972240447998047,,,,,,
2024-03-21,,GOOG,,,147.86111450195312,,,,,,,,,,,,,,,,,,,
2024-03-21,,HUT,,,,,,,,,,,,,,,,,8.880000114440918,,,,,
2024-03-21,,KO,,,,,,,,,,58.299442291259766,,,,,,,,,,,,
2024-03-21,,META,,,,,,,,,,,,505.5254211425781,,,,,,,,,,
2024-03-21,,MRVL,,,,,,,,,,,,,,,,,,,66.31471252441406,,,
2024-03-21,,MSTR,,,,,,159.9290008544922,,,,,,,,,,,,,,,,
2024-03-21,91.39861297607422,NVDA,,,,,,,,,,,,,,,,,,,,,,
2024-03-21,,PAM,,43.400001525878906,,,,,,,,,,,,,,,,,,,,
2024-03-21,,PEP,,,,,,,,,,,,,,,165.08709716796875,,,,,,,
2024-03-21,,PFE,,,,,,,,,,,,,,,,,,,,25.54131317138672,,
2024-03-21,,PLTR,,,,,,,,,,,,,,24.489999771118164,,,,,,,,
2024-03-21,,QQQ,,,,,,,,,442.6640625,,,,,,,,,,,,,
2024-03-21,,SPOT,,,,,,,,259.6400146484375,,,,,,,,,,,,,,
2024-03-21,,SPY,,,,,,,514.1173095703125,,,,,,,,,,,,,,,
2024-03-21,,TSLA,,,,,172.82000732421875,,,,,,,,,,,,,,,,,
2024-03-21,,YPF,,,,,,,,,,,,,,,,,,,,,,20.190000534057617
2024-03-22,,AAPL,171.2457733154297,,,,,,,,,,,,,,,,,,,,,
2024-03-22,,AMZN,,,,178.8699951171875,,,,,,,,,,,,,,,,,,
2024-03-22,,AVGO,,,,,,,,,,,,,,,,,,,,,133.3983612060547,
2024-03-22,,BRK-B,,,,,,,,,,,,,411.6000061035156,,,,,,,,,
2024-03-22,,COIN,,,,,,,,,,,,,,,,,,255.50999450683594,,,,
2024-03-22,,DIA,,,,,,,,,,,387.7877502441406,,,,,,,,,,,
2024-03-22,,GGAL,,,,,,,,,,,,,,,,24.08305549621582,,,,,,
2024-03-22,,GOOG,,,150.87319946289062,,,,,,,,,,,,,,,,,,,
2024-03-22,,HUT,,,,,,,,,,,,,,,,,8.720000267028809,,,,,
2024-03-22,,KO,,,,,,,,,,58.318721771240234,,,,,,,,,,,,
2024-03-22,,META,,,,,,,,,,,,507.33740234375,,,,,,,,,,
2024-03-22,,MRVL,,,,,,,,,,,,,,,,,,,66.26492309570312,,,
2024-03-22,,MSTR,,,,,,152.3000030517578,,,,,,,,,,,,,,,,
2024-03-22,94.25148010253906,NVDA,,,,,,,,,,,,,,,,,,,,,,
2024-03-22,,PAM,,43.68000030517578,,,,,,,,,,,,,,,,,,,,
2024-03-22,,PEP,,,,,,,,,,,,,,,164.6754608154297,,,,,,,
2024-03-22,,PFE,,,,,,,,,,,,,,,,,,,,25.264291763305664,,
2024-03-22,,PLTR,,,,,,,,,,,,,,24.18000030517578,,,,,,,,
2024-03-22,,QQQ,,,,,,,,,443.1704406738281,,,,,,,,,,,,,
2024-03-22,,SPOT,,,,,,,,264.95001220703125,,,,,,,,,,,,,,
2024-03-22,,SPY,,,,,,,513.1427001953125,,,,,,,,,,,,,,,
2024-03-22,,TSLA,,,,,170.8300018310547,,,,,,,,,,,,,,,,,
2024-03-22,,YPF,,,,,,,,,,,,,,,,,,,,,,20.260000228881836
2024-03-25,,AAPL,169.82437133789062,,,,,,,,,,,,,,,,,,,,,
2024-03-25,,AMZN,,,,179.7100067138672,,,,,,,,,,,,,,,,,,
2024-03-25,,AVGO,,,,,,,,,,,,,,,,,,,,,133.21209716796875,
2024-03-25,,BRK-B,,,,,,,,,,,,,409.9200134277344,,,,,,,,,
2024-03-25,,COIN,,,,,,,,,,,,,,,,,,279.7099914550781,,,,
2024-03-25,,DIA,,,,,,,,,,,386.2347717285156,,,,,,,,,,,
2024-03-25,,GGAL,,,,,,,,,,,,,,,,24.147693634033203,,,,,,
2024-03-25,,GOOG,,,150.25685119628906,,,,,,,,,,,,,,,,,,,
2024-03-25,,HUT,,,,,,,,,,,,,,,,,9.399999618530273,,,,,
2024-03-25,,KO,,,,,,,,,,58.23195266723633,,,,,,,,,,,,
2024-03-25,,META,,,,,,,,,,,,500.8062438964844,,,,,,,,,,
2024-03-25,,MRVL,,,,,,,,,,,,,,,,,,,65.84666442871094,,,
2024-03-25,,MSTR,,,,,,185.60000610351562,,,,,,,,,,,,,,,,
2024-03-25,94.96419525146484,NVDA,,,,,,,,,,,,,,,,,,,,,,
2024-03-25,,PAM,,42.83000183105469,,,,,,,,,,,,,,,,,,,,
2024-03-25,,PEP,,,,,,,,,,,,,,,165.230712890625,,,,,,,
2024-03-25,,PFE,,,,,,,,,,,,,,,,,,,,25.328927993774414,,
2024-03-25,,PLTR,,,,,,,,,,,,,,24.510000228881836,,,,,,,,
2024-03-25,,QQQ,,,,,,,,,441.5620422363281,,,,,,,,,,,,,
2024-03-25,,SPOT,,,,,,,,261.9200134277344,,,,,,,,,,,,,,
2024-03-25,,SPY,,,,,,,511.7249755859375,,,,,,,,,,,,,,,
2024-03-25,,TSLA,,,,,172.6300048828125,,,,,,,,,,,,,,,,,
2024-03-25,,YPF,,,,,,,,,,,,,,,,,,,,,,20.3700008392334
2024-03-26,,AAPL,168.69122314453125,,,,,,,,,,,,,,,,,,,,,
2024-03-26,,AMZN,,,,178.3000030517578,,,,,,,,,,,,,,,,,,
2024-03-26,,AVGO,,,,,,,,,,,,,,,,,,,,,131.2320098876953,
2024-03-26,,BRK-B,,,,,,,,,,,,,411.57000732421875,,,,,,,,,
2024-03-26,,COIN,,,,,,,,,,,,,,,,,,266.80999755859375,,,,
2024-03-26,,DIA,,,,,,,,,,,386.136474609375,,,,,,,,,,,
2024-03-26,,GGAL,,,,,,,,,,,,,,,,23.695213317871094,,,,,,
2024-03-26,,GOOG,,,150.80361938476562,,,,,,,,,,,,,,,,,,,
2024-03-26,,HUT,,,,,,,,,,,,,,,,,9.880000114440918,,,,,
2024-03-26,,KO,,,,,,,,,,58.36692810058594,,,,,,,,,,,,
2024-03-26,,META,,,,,,,,,,,,493.7076721191406,,,,,,,,,,
2024-03-26,,MRVL,,,,,,,,,,,,,,,,,,,67.97782135009766,,,
2024-03-26,,MSTR,,,,,,187.69900512695312,,,,,,,,,,,,,,,,
2024-03-26,92.524169921875,NVDA,,,,,,,,,,,,,,,,,,,,,,
2024-03-26,,PAM,,42.54999923706055,,,,,,,,,,,,,,,,,,,,
2024-03-26,,PEP,,,,,,,,,,,,,,,165.3551483154297,,,,,,,
2024-03-26,,PFE,,,,,,,,,,,,,,,,,,,,25.476673126220703,,
2024-03-26,,PLTR,,,,,,,,,,,,,,24.889999389648438,,,,,,,,
2024-03-26,,QQQ,,,,,,,,,440.1324157714844,,,,,,,,,,,,,
2024-03-26,,SPOT,,,,,,,,262.80999755859375,,,,,,,,,,,,,,
2024-03-26,,SPY,,,,,,,510.7798767089844,,,,,,,,,,,,,,,
2024-03-26,,TSLA,,,,,177.6699981689453,,,,,,,,,,,,,,,,,
2024-03-26,,YPF,,,,,,,,,,,,,,,,,,,,,,19.799999237060547
2024-03-27,,AAPL,172.2695770263672,,,,,,,,,,,,,,,,,,,,,
2024-03-27,,AMZN,,,,179.8300018310547,,,,,,,,,,,,,,,,,,
2024-03-27,,AVGO,,,,,,,,,,,,,,,,,,,,,129.974365234375,
2024-03-27,,BRK-B,,,,,,,,,,,,,416.92999267578125,,,,,,,,,
2024-03-27,,COIN,,,,,,,,,,,,,,,,,,256.70001220703125,,,,
2024-03-27,,DIA,,,,,,,,,,,390.7659912109375,,,,,,,,,,,
2024-03-27,,GGAL,,,,,,,,,,,,,,,,24.147693634033203,,,,,,
2024-03-27,,GOOG,,,151.0421905517578,,,,,,,,,,,,,,,,,,,
2024-03-27,,HUT,,,,,,,,,,,,,,,,,9.859999656677246,,,,,
2024-03-27,,KO,,,,,,,,,,58.83934020996094,,,,,,,,,,,,
2024-03-27,,META,,,,,,,,,,,,491.6865539550781,,,,,,,,,,
2024-03-27,,MRVL,,,,,,,,,,,,,,,,,,,72.01107788085938,,,
2024-03-27,,MSTR,,,,,,191.91600036621094,,,,,,,,,,,,,,,,
2024-03-27,90.21408081054688,NVDA,,,,,,,,,,,,,,,,,,,,,,
2024-03-27,,PAM,,43.5,,,,,,,,,,,,,,,,,,,,
2024-03-27,,PEP,,,,,,,,,,,,,,,166.1593017578125,,,,,,,
2024-03-27,,PFE,,,,,,,,,,,,,,,,,,,,25.65212059020996,,
2024-03-27,,PLTR,,,,,,,,,,,,,,24.510000228881836,,,,,,,,
2024-03-27,,QQQ,,,,,,,,,441.63153076171875,,,,,,,,,,,,,
2024-03-27,,SPOT,,,,,,,,260.20001220703125,,,,,,,,,,,,,,
2024-03-27,,SPY,,,,,,,515.0723266601562,,,,,,,,,,,,,,,
2024-03-27,,TSLA,,,,,179.8300018310547,,,,,,,,,,,,,,,,,
2024-03-27,,YPF,,,,,,,,,,,,,,,,,,,,,,20.1200008392334
2024-03-28,,AAPL,170.45057678222656,,,,,,,,,,,,,,,,,,,,,
2024-03-28,,AMZN,,,,180.3800048828125,,,,,,,,,,,,,,,,,,
2024-03-28,,AVGO,,,,,,,,,,,,,,,,,,,,,130.63275146484375,
2024-03-28,,BRK-B,,,,,,,,,,,,,420.5199890136719,,,,,,,,,
2024-03-28,,COIN,,,,,,,,,,,,,,,,,,265.1199951171875,,,,
2024-03-28,,DIA,,,,,,,,,,,390.96258544921875,,,,,,,,,,,
2024-03-28,,GGAL,,,,,,,,,,,,,,,,23.47359275817871,,,,,,
2024-03-28,,GOOG,,,151.36029052734375,,,,,,,,,,,,,,,,,,,
2024-03-28,,HUT,,,,,,,,,,,,,,,,,11.039999961853027,,,,,
2024-03-28,,KO,,,,,,,,,,58.98395538330078,,,,,,,,,,,,
2024-03-28,,META,,,,,,,,,,,,483.4429931640625,,,,,,,,,,
2024-03-28,,MRVL,,,,,,,,,,,,,,,,,,,70.58696746826172,,,
2024-03-28,,MSTR,,,,,,170.45599365234375,,,,,,,,,,,,,,,,
2024-03-28,90.3200454711914,NVDA,,,,,,,,,,,,,,,,,,,,,,
2024-03-28,,PAM,,43.13999938964844,,,,,,,,,,,,,,,,,,,,
2024-03-28,,PEP,,,,,,,,,,,,,,,167.53778076171875,,,,,,,
2024-03-28,,PFE,,,,,,,,,,,,,,,,,,,,25.624422073364258,,
2024-03-28,,PLTR,,,,,,,,,,,,,,23.010000228881836,,,,,,,,
2024-03-28,,QQQ,,,,,,,,,440.8174743652344,,,,,,,,,,,,,
2024-03-28,,SPOT,,,,,,,,263.8999938964844,,,,,,,,,,,,,,
2024-03-28,,SPY,,,,,,,514.9739379882812,,,,,,,,,,,,,,,
2024-03-28,,TSLA,,,,,175.7899932861328,,,,,,,,,,,,,,,,,
2024-03-28,,YPF,,,,,,,,,,,,,,,,,,,,,,19.799999237060547
2024-04-01,,AAPL,169.00930786132812,,,,,,,,,,,,,,,,,,,,,
2024-04-01,,AMZN,,,,180.97000122070312,,,,,,,,,,,,,,,,,,
2024-04-01,,AVGO,,,,,,,,,,,,,,,,,,,,,133.0819854736328,
2024-04-01,,BRK-B,,,,,,,,,,,,,420.20001220703125,,,,,,,,,
2024-04-01,,COIN,,,,,,,,,,,,,,,,,,252.11000061035156,,,,
2024-04-01,,DIA,,,,,,,,,,,388.5740966796875,,,,,,,,,,,
2024-04-01,,GGAL,,,,,,,,,,,,,,,,23.81525993347168,,,,,,
2024-04-01,,GOOG,,,155.5752410888672,,,,,,,,,,,,,,,,,,,
2024-04-01,,HUT,,,,,,,,,,,,,,,,,10.819999694824219,,,,,
2024-04-01,,KO,,,,,,,,,,58.501895904541016,,,,,,,,,,,,
2024-04-01,,META,,,,,,,,,,,,489.1876525878906,,,,,,,,,,
2024-04-01,,MRVL,,,,,,,,,,,,,,,,,,,72.89739227294922,,,
2024-04-01,,MSTR,,,,,,163.6739959716797,,,,,,,,,,,,,,,,
2024-04-01,90.32704162597656,NVDA,,,,,,,,,,,,,,,,,,,,,,
2024-04-01,,PAM,,42.709999084472656,,,,,,,,,,,,,,,,,,,,
2024-04-01,,PEP,,,,,,,,,,,,,,,165.59445190429688,,,,,,,
2024-04-01,,PFE,,,,,,,,,,,,,,,,,,,,25.596717834472656,,
2024-04-01,,PLTR,,,,,,,,,,,,,,22.860000610351562,,,,,,,,
2024-04-01,,QQQ,,,,,,,,,441.75067138671875,,,,,,,,,,,,,
2024-04-01,,SPOT,,,,,,,,266.42999267578125,,,,,,,,,,,,,,
2024-04-01,,SPY,,,,,,,514.077880859375,,,,,,,,,,,,,,,
2024-04-01,,TSLA,,,,,175.22000122070312,,,,,,,,,,,,,,,,,
2024-04-01,,YPF,,,,,,,,,,,,,,,,,,,,,,19.6299991607666
2024-04-02,,AAPL,167.82643127441406,,,,,,,,,,,,,,,,,,,,,
2024-04-02,,AMZN,,,,180.69000244140625,,,,,,,,,,,,,,,,,,
2024-04-02,,AVGO,,,,,,,,,,,,,,,,,,,,,131.94854736328125,
2024-04-02,,BRK-B,,,,,,,,,,,,,418.9200134277344,,,,,,,,,
2024-04-02,,COIN,,,,,,,,,,,,,,,,,,245.83999633789062,,,,
2024-04-02,,DIA,,,,,,,,,,,384.93731689453125,,,,,,,,,,,
2024-04-02,,GGAL,,,,,,,,,,,,,,,,23.011877059936523,,,,,,
2024-04-02,,GOOG,,,154.94895935058594,,,,,,,,,,,,,,,,,,,
2024-04-02,,HUT,,,,,,,,,,,,,,,,,9.380000114440918,,,,,
2024-04-02,,KO,,,,,,,,,,57.99092483520508,,,,,,,,,,,,
2024-04-02,,META,,,,,,,,,,,,495.18115234375,,,,,,,,,,
2024-04-02,,MRVL,,,,,,,,,,,,,,,,,,,73.28577423095703,,,
2024-04-02,,MSTR,,,,,,157.88299560546875,,,,,,,,,,,,,,,,
2024-04-02,89.4164047241211,NVDA,,,,,,,,,,,,,,,,,,,,,,
2024-04-02,,PAM,,41.7400016784668,,,,,,,,,,,,,,,,,,,,
2024-04-02,,PEP,,,,,,,,,,,,,,,164.1202392578125,,,,,,,
2024-04-02,,PFE,,,,,,,,,,,,,,,,,,,,25.439739227294922,,
2024-04-02,,PLTR,,,,,,,,,,,,,,22.719999313354492,,,,,,,,
2024-04-02,,QQQ,,,,,,,,,437.93829345703125,,,,,,,,,,,,,
2024-04-02,,SPOT,,,,,,,,269.5799865722656,,,,,,,,,,,,,,
2024-04-02,,SPY,,,,,,,510.80938720703125,,,,,,,,,,,,,,,
2024-04-02,,TSLA,,,,,166.6300048828125,,,,,,,,,,,,,,,,,
2024-04-02,,YPF,,,,,,,,,,,,,,,,,,,,,,19.90999984741211
2024-04-03,,AAPL,168.63156127929688,,,,,,,,,,,,,,,,,,,,,
2024-04-03,,AMZN,,,,182.41000366210938,,,,,,,,,,,,,,,,,,
2024-04-03,,AVGO,,,,,,,,,,,,,,,,,,,,,134.3583526611328,
2024-04-03,,BRK-B,,,,,,,,,,,,,420.239990234375,,,,,,,,,
2024-04-03,,COIN,,,,,,,,,,,,,,,,,,251.5800018310547,,,,
2024-04-03,,DIA,,,,,,,,,,,384.5735778808594,,,,,,,,,,,
2024-04-03,,GGAL,,,,,,,,,,,,,,,,24.10152244567871,,,,,,
2024-04-03,,GOOG,,,155.44601440429688,,,,,,,,,,,,,,,,,,,
2024-04-03,,HUT,,,,,,,,,,,,,,,,,9.6899995803833,,,,,
2024-04-03,,KO,,,,,,,,,,57.68241500854492,,,,,,,,,,,,
2024-04-03,,META,,,,,,,,,,,,504.5098571777344,,,,,,,,,,
2024-04-03,,MRVL,,,,,,,,,,,,,,,,,,,72.72809600830078,,,
2024-04-03,,MSTR,,,,,,160.61099243164062,,,,,,,,,,,,,,,,
2024-04-03,88.92860412597656,NVDA,,,,,,,,,,,,,,,,,,,,,,
2024-04-03,,PAM,,43.779998779296875,,,,,,,,,,,,,,,,,,,,
2024-04-03,,PEP,,,,,,,,,,,,,,,162.4353790283203,,,,,,,
2024-04-03,,PFE,,,,,,,,,,,,,,,,,,,,25.135011672973633,,
2024-04-03,,PLTR,,,,,,,,,,,,,,22.700000762939453,,,,,,,,
2024-04-03,,QQQ,,,,,,,,,438.92120361328125,,,,,,,,,,,,,
2024-04-03,,SPOT,,,,,,,,291.7699890136719,,,,,,,,,,,,,,
2024-04-03,,SPY,,,,,,,511.3705139160156,,,,,,,,,,,,,,,
2024-04-03,,TSLA,,,,,168.3800048828125,,,,,,,,,,,,,,,,,
2024-04-03,,YPF,,,,,,,,,,,,,,,,,,,,,,20.639999389648438
2024-04-04,,AAPL,167.8065643310547,,,,,,,,,,,,,,,,,,,,,
2024-04-04,,AMZN,,,,180.0,,,,,,,,,,,,,,,,,,
2024-04-04,,AVGO,,,,,,,,,,,,,,,,,,,,,129.8531494140625,
2024-04-04,,BRK-B,,,,,,,,,,,,,415.32000732421875,,,,,,,,,
2024-04-04,,COIN,,,,,,,,,,,,,,,,,,249.61000061035156,,,,
2024-04-04,,DIA,,,,,,,,,,,379.4231872558594,,,,,,,,,,,
2024-04-04,,GGAL,,,,,,,,,,,,,,,,23.824495315551758,,,,,,
2024-04-04,,GOOG,,,151.0421905517578,,,,,,,,,,,,,,,,,,,
2024-04-04,,HUT,,,,,,,,,,,,,,,,,9.6899995803833,,,,,
2024-04-04,,KO,,,,,,,,,,57.17143249511719,,,,,,,,,,,,
2024-04-04,,META,,,,,,,,,,,,508.6715087890625,,,,,,,,,,
2024-04-04,,MRVL,,,,,,,,,,,,,,,,,,,70.58696746826172,,,
2024-04-04,,MSTR,,,,,,161.54200744628906,,,,,,,,,,,,,,,,
2024-04-04,85.87080383300781,NVDA,,,,,,,,,,,,,,,,,,,,,,
2024-04-04,,PAM,,43.52000045776367,,,,,,,,,,,,,,,,,,,,
2024-04-04,,PEP,,,,,,,,,,,,,,,162.4066619873047,,,,,,,
2024-04-04,,PFE,,,,,,,,,,,,,,,,,,,,24.60867691040039,,
2024-04-04,,PLTR,,,,,,,,,,,,,,22.479999542236328,,,,,,,,
2024-04-04,,QQQ,,,,,,,,,432.2097473144531,,,,,,,,,,,,,
2024-04-04,,SPOT,,,,,,,,295.9599914550781,,,,,,,,,,,,,,
2024-04-04,,SPY,,,,,,,505.1286315917969,,,,,,,,,,,,,,,
2024-04-04,,TSLA,,,,,171.11000061035156,,,,,,,,,,,,,,,,,
2024-04-04,,YPF,,,,,,,,,,,,,,,,,,,,,,20.229999542236328
2024-04-05,,AAPL,168.56199645996094,,,,,,,,,,,,,,,,,,,,,
2024-04-05,,AMZN,,,,185.07000732421875,,,,,,,,,,,,,,,,,,
2024-04-05,,AVGO,,,,,,,,,,,,,,,,,,,,,132.0145721435547,
2024-04-05,,BRK-B,,,,,,,,,,,,,418.6199951171875,,,,,,,,,
2024-04-05,,COIN,,,,,,,,,,,,,,,,,,240.89999389648438,,,,
2024-04-05,,DIA,,,,,,,,,,,382.2146301269531,,,,,,,,,,,
2024-04-05,,GGAL,,,,,,,,,,,,,,,,25.274282455444336,,,,,,
2024-04-05,,GOOG,,,153.03036499023438,,,,,,,,,,,,,,,,,,,
2024-04-05,,HUT,,,,,,,,,,,,,,,,,8.979999542236328,,,,,
2024-04-05,,KO,,,,,,,,,,57.373897552490234,,,,,,,,,,,,
2024-04-05,,META,,,,,,,,,,,,525.0192260742188,,,,,,,,,,
2024-04-05,,MRVL,,,,,,,,,,,,,,,,,,,72.34967041015625,,,
2024-04-05,,MSTR,,,,,,143.89999389648438,,,,,,,,,,,,,,,,
2024-04-05,87.97298431396484,NVDA,,,,,,,,,,,,,,,,,,,,,,
2024-04-05,,PAM,,46.599998474121094,,,,,,,,,,,,,,,,,,,,
2024-04-05,,PEP,,,,,,,,,,,,,,,161.91844177246094,,,,,,,
2024-04-05,,PFE,,,,,,,,,,,,,,,,,,,,24.61791229248047,,
2024-04-05,,PLTR,,,,,,,,,,,,,,22.959999084472656,,,,,,,,
2024-04-05,,QQQ,,,,,,,,,437.3028564453125,,,,,,,,,,,,,
2024-04-05,,SPOT,,,,,,,,310.30999755859375,,,,,,,,,,,,,,
2024-04-05,,SPY,,,,,,,510.40570068359375,,,,,,,,,,,,,,,
2024-04-05,,TSLA,,,,,164.89999389648438,,,,,,,,,,,,,,,,,
2024-04-05,,YPF,,,,,,,,,,,,,,,,,,,,,,21.040000915527344
2024-04-08,,AAPL,167.43878173828125,,,,,,,,,,,,,,,,,,,,,
2024-04-08,,AMZN,,,,185.19000244140625,,,,,,,,,,,,,,,,,,
2024-04-08,,AVGO,,,,,,,,,,,,,,,,,,,,,131.6863555908203,
2024-04-08,,BRK-B,,,,,,,,,,,,,415.9700012207031,,,,,,,,,
2024-04-08,,COIN,,,,,,,,,,,,,,,,,,256.989990234375,,,,
2024-04-08,,DIA,,,,,,,,,,,382.4505615234375,,,,,,,,,,,
2024-04-08,,GGAL,,,,,,,,,,,,,,,,25.606714248657227,,,,,,
2024-04-08,,GOOG,,,155.21737670898438,,,,,,,,,,,,,,,,,,,
2024-04-08,,HUT,,,,,,,,,,,,,,,,,9.0,,,,,
2024-04-08,,KO,,,,,,,,,,57.142513275146484,,,,,,,,,,,,
2024-04-08,,META,,,,,,,,,,,,516.96484375,,,,,,,,,,
2024-04-08,,MRVL,,,,,,,,,,,,,,,,,,,71.62268829345703,,,
2024-04-08,,MSTR,,,,,,151.2989959716797,,,,,,,,,,,,,,,,
2024-04-08,87.09832763671875,NVDA,,,,,,,,,,,,,,,,,,,,,,
2024-04-08,,PAM,,46.040000915527344,,,,,,,,,,,,,,,,,,,,
2024-04-08,,PEP,,,,,,,,,,,,,,,162.3396453857422,,,,,,,
2024-04-08,,PFE,,,,,,,,,,,,,,,,,,,,24.544038772583008,,
2024-04-08,,PLTR,,,,,,,,,,,,,,23.0,,,,,,,,
2024-04-08,,QQQ,,,,,,,,,437.4320068359375,,,,,,,,,,,,,
2024-04-08,,SPOT,,,,,,,,309.07000732421875,,,,,,,,,,,,,,
2024-04-08,,SPY,,,,,,,510.691162109375,,,,,,,,,,,,,,,
2024-04-08,,TSLA,,,,,172.97999572753906,,,,,,,,,,,,,,,,,
2024-04-08,,YPF,,,,,,,,,,,,,,,,,,,,,,21.709999084472656
2024-04-09,,AAPL,168.6514434814453,,,,,,,,,,,,,,,,,,,,,
2024-04-09,,AMZN,,,,185.6699981689453,,,,,,,,,,,,,,,,,,
2024-04-09,,AVGO,,,,,,,,,,,,,,,,,,,,,131.48727416992188,
2024-04-09,,BRK-B,,,,,,,,,,,,,414.69000244140625,,,,,,,,,
2024-04-09,,COIN,,,,,,,,,,,,,,,,,,242.9499969482422,,,,
2024-04-09,,DIA,,,,,,,,,,,382.1949768066406,,,,,,,,,,,
2024-04-09,,GGAL,,,,,,,,,,,,,,,,26.46550178527832,,,,,,
2024-04-09,,GOOG,,,157.20555114746094,,,,,,,,,,,,,,,,,,,
2024-04-09,,HUT,,,,,,,,,,,,,,,,,8.619999885559082,,,,,
2024-04-09,,KO,,,,,,,,,,57.57636260986328,,,,,,,,,,,,
2024-04-09,,META,,,,,,,,,,,,514.6251831054688,,,,,,,,,,
2024-04-09,,MRVL,,,,,,,,,,,,,,,,,,,73.03680419921875,,,
2024-04-09,,MSTR,,,,,,144.1020050048828,,,,,,,,,,,,,,,,
2024-04-09,85.32002258300781,NVDA,,,,,,,,,,,,,,,,,,,,,,
2024-04-09,,PAM,,46.5,,,,,,,,,,,,,,,,,,,,
2024-04-09,,PEP,,,,,,,,,,,,,,,163.32566833496094,,,,,,,
2024-04-09,,PFE,,,,,,,,,,,,,,,,,,,,24.72871971130371,,
2024-04-09,,PLTR,,,,,,,,,,,,,,22.809999465942383,,,,,,,,
2024-04-09,,QQQ,,,,,,,,,439.0502624511719,,,,,,,,,,,,,
2024-04-09,,SPOT,,,,,,,,300.7300109863281,,,,,,,,,,,,,,
2024-04-09,,SPY,,,,,,,511.2818908691406,,,,,,,,,,,,,,,
2024-04-09,,TSLA,,,,,176.8800048828125,,,,,,,,,,,,,,,,,
2024-04-09,,YPF,,,,,,,,,,,,,,,,,,,,,,21.75
2024-04-10,,AAPL,166.7727813720703,,,,,,,,,,,,,,,,,,,,,
2024-04-10,,AMZN,,,,185.9499969482422,,,,,,,,,,,,,,,,,,
2024-04-10,,AVGO,,,,,,,,,,,,,,,,,,,,,130.33314514160156,
2024-04-10,,BRK-B,,,,,,,,,,,,,409.1099853515625,,,,,,,,,
2024-04-10,,COIN,,,,,,,,,,,,,,,,,,250.99000549316406,,,,
2024-04-10,,DIA,,,,,,,,,,,377.93902587890625,,,,,,,,,,,
2024-04-10,,GGAL,,,,,,,,,,,,,,,,26.640954971313477,,,,,,
2024-04-10,,GOOG,,,156.7283935546875,,,,,,,,,,,,,,,,,,,
2024-04-10,,HUT,,,,,,,,,,,,,,,,,8.529999732971191,,,,,
2024-04-10,,KO,,,,,,,,,,56.80507278442383,,,,,,,,,,,,
2024-04-10,,META,,,,,,,,,,,,517.542236328125,,,,,,,,,,
2024-04-10,,MRVL,,,,,,,,,,,,,,,,,,,71.13470458984375,,,
2024-04-10,,MSTR,,,,,,156.60000610351562,,,,,,,,,,,,,,,,
2024-04-10,87.00436401367188,NVDA,,,,,,,,,,,,,,,,,,,,,,
2024-04-10,,PAM,,45.650001525878906,,,,,,,,,,,,,,,,,,,,
2024-04-10,,PEP,,,,,,,,,,,,,,,161.73654174804688,,,,,,,
2024-04-10,,PFE,,,,,,,,,,,,,,,,,,,,24.303951263427734,,
2024-04-10,,PLTR,,,,,,,,,,,,,,22.420000076293945,,,,,,,,
2024-04-10,,QQQ,,,,,,,,,435.218017578125,,,,,,,,,,,,,
2024-04-10,,SPOT,,,,,,,,299.989990234375,,,,,,,,,,,,,,
2024-04-10,,SPY,,,,,,,506.1623840332031,,,,,,,,,,,,,,,
2024-04-10,,TSLA,,,,,171.75999450683594,,,,,,,,,,,,,,,,,
2024-04-10,,YPF,,,,,,,,,,,,,,,,,,,,,,21.459999084472656
2024-04-11,,AAPL,173.98919677734375,,,,,,,,,,,,,,,,,,,,,
2024-04-11,,AMZN,,,,189.0500030517578,,,,,,,,,,,,,,,,,,
2024-04-11,,AVGO,,,,,,,,,,,,,,,,,,,,,136.255615234375,
2024-04-11,,BRK-B,,,,,,,,,,,,,407.6099853515625,,,,,,,,,
2024-04-11,,COIN,,,,,,,,,,,,,,,,,,263.010009765625,,,,
2024-04-11,,DIA,,,,,,,,,,,377.96844482421875,,,,,,,,,,,
2024-04-11,,GGAL,,,,,,,,,,,,,,,,27.490510940551758,,,,,,
2024-04-11,,GOOG,,,159.83987426757812,,,,,,,,,,,,,,,,,,,
2024-04-11,,HUT,,,,,,,,,,,,,,,,,8.109999656677246,,,,,
2024-04-11,,KO,,,,,,,,,,56.93040466308594,,,,,,,,,,,,
2024-04-11,,META,,,,,,,,,,,,520.8574829101562,,,,,,,,,,
2024-04-11,,MRVL,,,,,,,,,,,,,,,,,,,71.294189453125,,,
2024-04-11,,MSTR,,,,,,155.18099975585938,,,,,,,,,,,,,,,,
2024-04-11,90.57994842529297,NVDA,,,,,,,,,,,,,,,,,,,,,,
2024-04-11,,PAM,,46.119998931884766,,,,,,,,,,,,,,,,,,,,
2024-04-11,,PEP,,,,,,,,,,,,,,,161.17172241210938,,,,,,,
2024-04-11,,PFE,,,,,,,,,,,,,,,,,,,,24.322420120239258,,
2024-04-11,,PLTR,,,,,,,,,,,,,,22.84000015258789,,,,,,,,
2024-04-11,,QQQ,,,,,,,,,442.16766357421875,,,,,,,,,,,,,
2024-04-11,,SPOT,,,,,,,,303.57000732421875,,,,,,,,,,,,,,
2024-04-11,,SPY,,,,,,,509.9823913574219,,,,,,,,,,,,,,,
2024-04-11,,TSLA,,,,,174.60000610351562,,,,,,,,,,,,,,,,,
2024-04-11,,YPF,,,,,,,,,,,,,,,,,,,,,,21.610000610351562
2024-04-12,,AAPL,175.4901580810547,,,,,,,,,,,,,,,,,,,,,
2024-04-12,,AMZN,,,,186.1300048828125,,,,,,,,,,,,,,,,,,
2024-04-12,,AVGO,,,,,,,,,,,,,,,,,,,,,132.47189331054688,
2024-04-12,,BRK-B,,,,,,,,,,,,,403.260009765625,,,,,,,,,
2024-04-12,,COIN,,,,,,,,,,,,,,,,,,245.75,,,,
2024-04-12,,DIA,,,,,,,,,,,373.3782958984375,,,,,,,,,,,
2024-04-12,,GGAL,,,,,,,,,,,,,,,,27.342763900756836,,,,,,
2024-04-12,,GOOG,,,158.2493438720703,,,,,,,,,,,,,,,,,,,
2024-04-12,,HUT,,,,,,,,,,,,,,,,,7.71999979019165,,,,,
2024-04-12,,KO,,,,,,,,,,56.188045501708984,,,,,,,,,,,,
2024-04-12,,META,,,,,,,,,,,,509.6471252441406,,,,,,,,,,
2024-04-12,,MRVL,,,,,,,,,,,,,,,,,,,69.92870330810547,,,
2024-04-12,,MSTR,,,,,,147.95799255371094,,,,,,,,,,,,,,,,
2024-04-12,88.15091705322266,NVDA,,,,,,,,,,,,,,,,,,,,,,
2024-04-12,,PAM,,45.18000030517578,,,,,,,,,,,,,,,,,,,,
2024-04-12,,PEP,,,,,,,,,,,,,,,160.92283630371094,,,,,,,
2024-04-12,,PFE,,,,,,,,,,,,,,,,,,,,23.879186630249023,,
2024-04-12,,PLTR,,,,,,,,,,,,,,22.670000076293945,,,,,,,,
2024-04-12,,QQQ,,,,,,,,,435.11871337890625,,,,,,,,,,,,,
2024-04-12,,SPOT,,,,,,,,300.45001220703125,,,,,,,,,,,,,,
2024-04-12,,SPY,,,,,,,502.9430236816406,,,,,,,,,,,,,,,
2024-04-12,,TSLA,,,,,171.0500030517578,,,,,,,,,,,,,,,,,
2024-04-12,,YPF,,,,,,,,,,,,,,,,,,,,,,21.170000076293945
2024-04-15,,AAPL,171.65330505371094,,,,,,,,,,,,,,,,,,,,,
2024-04-15,,AMZN,,,,183.6199951171875,,,,,,,,,,,,,,,,,,
2024-04-15,,AVGO,,,,,,,,,,,,,,,,,,,,,129.18194580078125,
2024-04-15,,BRK-B,,,,,,,,,,,,,400.260009765625,,,,,,,,,
2024-04-15,,COIN,,,,,,,,,,,,,,,,,,223.41000366210938,,,,
2024-04-15,,DIA,,,,,,,,,,,370.8619689941406,,,,,,,,,,,
2024-04-15,,GGAL,,,,,,,,,,,,,,,,25.48666763305664,,,,,,
2024-04-15,,GOOG,,,155.40626525878906,,,,,,,,,,,,,,,,,,,
2024-04-15,,HUT,,,,,,,,,,,,,,,,,7.239999771118164,,,,,
2024-04-15,,KO,,,,,,,,,,56.053077697753906,,,,,,,,,,,,
2024-04-15,,META,,,,,,,,,,,,498.0285339355469,,,,,,,,,,
2024-04-15,,MRVL,,,,,,,,,,,,,,,,,,,67.65621948242188,,,
2024-04-15,,MSTR,,,,,,133.58799743652344,,,,,,,,,,,,,,,,
2024-04-15,85.9667739868164,NVDA,,,,,,,,,,,,,,,,,,,,,,
2024-04-15,,PAM,,42.45000076293945,,,,,,,,,,,,,,,,,,,,
2024-04-15,,PEP,,,,,,,,,,,,,,,159.82192993164062,,,,,,,
2024-04-15,,PFE,,,,,,,,,,,,,,,,,,,,23.925357818603516,,
2024-04-15,,PLTR,,,,,,,,,,,,,,21.899999618530273,,,,,,,,
2024-04-15,,QQQ,,,,,,,,,427.9605712890625,,,,,,,,,,,,,
2024-04-15,,SPOT,,,,,,,,290.5199890136719,,,,,,,,,,,,,,
2024-04-15,,SPY,,,,,,,496.6421203613281,,,,,,,,,,,,,,,
2024-04-15,,TSLA,,,,,161.47999572753906,,,,,,,,,,,,,,,,,
2024-04-15,,YPF,,,,,,,,,,,,,,,,,,,,,,20.209999084472656
2024-04-16,,AAPL,168.36317443847656,,,,,,,,,,,,,,,,,,,,,
2024-04-16,,AMZN,,,,183.32000732421875,,,,,,,,,,,,,,,,,,
2024-04-16,,AVGO,,,,,,,,,,,,,,,,,,,,,130.9925079345703,
2024-04-16,,BRK-B,,,,,,,,,,,,,396.9200134277344,,,,,,,,,
2024-04-16,,COIN,,,,,,,,,,,,,,,,,,218.8300018310547,,,,
2024-04-16,,DIA,,,,,,,,,,,371.5206298828125,,,,,,,,,,,
2024-04-16,,GGAL,,,,,,,,,,,,,,,,25.643653869628906,,,,,,
2024-04-16,,GOOG,,,155.07818603515625,,,,,,,,,,,,,,,,,,,
2024-04-16,,HUT,,,,,,,,,,,,,,,,,7.239999771118164,,,,,
2024-04-16,,KO,,,,,,,,,,55.97594451904297,,,,,,,,,,,,
2024-04-16,,META,,,,,,,,,,,,497.5606384277344,,,,,,,,,,
2024-04-16,,MRVL,,,,,,,,,,,,,,,,,,,68.05490112304688,,,
2024-04-16,,MSTR,,,,,,125.40299987792969,,,,,,,,,,,,,,,,
2024-04-16,87.38021850585938,NVDA,,,,,,,,,,,,,,,,,,,,,,
2024-04-16,,PAM,,42.06999969482422,,,,,,,,,,,,,,,,,,,,
2024-04-16,,PEP,,,,,,,,,,,,,,,160.34844970703125,,,,,,,
2024-04-16,,PFE,,,,,,,,,,,,,,,,,,,,23.722213745117188,,
2024-04-16,,PLTR,,,,,,,,,,,,,,21.8799991607666,,,,,,,,
2024-04-16,,QQQ,,,,,,,,,428.00030517578125,,,,,,,,,,,,,
2024-04-16,,SPOT,,,,,,,,298.0799865722656,,,,,,,,,,,,,,
2024-04-16,,SPY,,,,,,,495.736328125,,,,,,,,,,,,,,,
2024-04-16,,TSLA,,,,,157.11000061035156,,,,,,,,,,,,,,,,,
2024-04-16,,YPF,,,,,,,,,,,,,,,,,,,,,,20.25
2024-04-17,,AAPL,166.99147033691406,,,,,,,,,,,,,,,,,,,,,
2024-04-17,,AMZN,,,,181.27999877929688,,,,,,,,,,,,,,,,,,
2024-04-17,,AVGO,,,,,,,,,,,,,,,,,,,,,126.41634368896484,
2024-04-17,,BRK-B,,,,,,,,,,,,,397.739990234375,,,,,,,,,
2024-04-17,,COIN,,,,,,,,,,,,,,,,,,213.77999877929688,,,,
2024-04-17,,DIA,,,,,,,,,,,370.9996032714844,,,,,,,,,,,
2024-04-17,,GGAL,,,,,,,,,,,,,,,,25.560544967651367,,,,,,
2024-04-17,,GOOG,,,155.9530029296875,,,,,,,,,,,,,,,,,,,
2024-04-17,,HUT,,,,,,,,,,,,,,,,,7.440000057220459,,,,,
2024-04-17,,KO,,,,,,,,,,56.4097900390625,,,,,,,,,,,,
2024-04-17,,META,,,,,,,,,,,,491.9952697753906,,,,,,,,,,
2024-04-17,,MRVL,,,,,,,,,,,,,,,,,,,66.26083374023438,,,
2024-04-17,,MSTR,,,,,,118.80500030517578,,,,,,,,,,,,,,,,
2024-04-17,84.00155639648438,NVDA,,,,,,,,,,,,,,,,,,,,,,
2024-04-17,,PAM,,42.02000045776367,,,,,,,,,,,,,,,,,,,,
2024-04-17,,PEP,,,,,,,,,,,,,,,162.24392700195312,,,,,,,
2024-04-17,,PFE,,,,,,,,,,,,,,,,,,,,23.472890853881836,,
2024-04-17,,PLTR,,,,,,,,,,,,,,21.309999465942383,,,,,,,,
2024-04-17,,QQQ,,,,,,,,,422.778076171875,,,,,,,,,,,,,
2024-04-17,,SPOT,,,,,,,,293.5799865722656,,,,,,,,,,,,,,
2024-04-17,,SPY,,,,,,,492.8024597167969,,,,,,,,,,,,,,,
2024-04-17,,TSLA,,,,,155.4499969482422,,,,,,,,,,,,,,,,,
2024-04-17,,YPF,,,,,,,,,,,,,,,,,,,,,,19.469999313354492
2024-04-18,,AAPL,166.03721618652344,,,,,,,,,,,,,,,,,,,,,
2024-04-18,,AMZN,,,,179.22000122070312,,,,,,,,,,,,,,,,,,
2024-04-18,,AVGO,,,,,,,,,,,,,,,,,,,,,124.08638763427734,
2024-04-18,,BRK-B,,,,,,,,,,,,,399.8900146484375,,,,,,,,,
2024-04-18,,COIN,,,,,,,,,,,,,,,,,,218.0800018310547,,,,
2024-04-18,,DIA,,,,,,,,,,,371.3829345703125,,,,,,,,,,,
2024-04-18,,GGAL,,,,,,,,,,,,,,,,25.883743286132812,,,,,,
2024-04-18,,GOOG,,,156.52955627441406,,,,,,,,,,,,,,,,,,,
2024-04-18,,HUT,,,,,,,,,,,,,,,,,7.880000114440918,,,,,
2024-04-18,,KO,,,,,,,,,,56.79543685913086,,,,,,,,,,,,
2024-04-18,,META,,,,,,,,,,,,499.5916442871094,,,,,,,,,,
2024-04-18,,MRVL,,,,,,,,,,,,,,,,,,,65.0249252319336,,,
2024-04-18,,MSTR,,,,,,120.81600189208984,,,,,,,,,,,,,,,,
2024-04-18,84.6373062133789,NVDA,,,,,,,,,,,,,,,,,,,,,,
2024-04-18,,PAM,,41.88999938964844,,,,,,,,,,,,,,,,,,,,
2024-04-18,,PEP,,,,,,,,,,,,,,,164.914794921875,,,,,,,
2024-04-18,,PFE,,,,,,,,,,,,,,,,,,,,23.4451904296875,,
2024-04-18,,PLTR,,,,,,,,,,,,,,21.1299991607666,,,,,,,,
2024-04-18,,QQQ,,,,,,,,,420.3655700683594,,,,,,,,,,,,,
2024-04-18,,SPOT,,,,,,,,289.20001220703125,,,,,,,,,,,,,,
2024-04-18,,SPY,,,,,,,491.7883605957031,,,,,,,,,,,,,,,
2024-04-18,,TSLA,,,,,149.92999267578125,,,,,,,,,,,,,,,,,
2024-04-18,,YPF,,,,,,,,,,,,,,,,,,,,,,19.06999969482422
2024-04-19,,AAPL,164.0094757080078,,,,,,,,,,,,,,,,,,,,,
2024-04-19,,AMZN,,,,174.6300048828125,,,,,,,,,,,,,,,,,,
2024-04-19,,AVGO,,,,,,,,,,,,,,,,,,,,,118.73653411865234,
2024-04-19,,BRK-B,,,,,,,,,,,,,405.0799865722656,,,,,,,,,
2024-04-19,,COIN,,,,,,,,,,,,,,,,,,211.00999450683594,,,,
2024-04-19,,DIA,,,,,,,,,,,373.5051574707031,,,,,,,,,,,
2024-04-19,,GGAL,,,,,,,,,,,,,,,,26.28081512451172,,,,,,
2024-04-19,,GOOG,,,154.7998504638672,,,,,,,,,,,,,,,,,,,
2024-04-19,,HUT,,,,,,,,,,,,,,,,,8.050000190734863,,,,,
2024-04-19,,KO,,,,,,,,,,58.01020431518555,,,,,,,,,,,,
2024-04-19,,META,,,,,,,,,,,,478.952880859375,,,,,,,,,,
2024-04-19,,MRVL,,,,,,,,,,,,,,,,,,,61.925174713134766,,,
2024-04-19,,MSTR,,,,,,117.41100311279297,,,,,,,,,,,,,,,,
2024-04-19,76.169677734375,NVDA,,,,,,,,,,,,,,,,,,,,,,
2024-04-19,,PAM,,43.08000183105469,,,,,,,,,,,,,,,,,,,,
2024-04-19,,PEP,,,,,,,,,,,,,,,166.6953887939453,,,,,,,
2024-04-19,,PFE,,,,,,,,,,,,,,,,,,,,24.008464813232422,,
2024-04-19,,PLTR,,,,,,,,,,,,,,20.469999313354492,,,,,,,,
2024-04-19,,QQQ,,,,,,,,,411.6685485839844,,,,,,,,,,,,,
2024-04-19,,SPOT,,,,,,,,275.8299865722656,,,,,,,,,,,,,,
2024-04-19,,SPY,,,,,,,487.4958801269531,,,,,,,,,,,,,,,
2024-04-19,,TSLA,,,,,147.0500030517578,,,,,,,,,,,,,,,,,
2024-04-19,,YPF,,,,,,,,,,,,,,,,,,,,,,19.34000015258789
2024-04-22,,AAPL,164.8444366455078,,,,,,,,,,,,,,,,,,,,,
2024-04-22,,AMZN,,,,177.22999572753906,,,,,,,,,,,,,,,,,,
2024-04-22,,AVGO,,,,,,,,,,,,,,,,,,,,,120.68309783935547,
2024-04-22,,BRK-B,,,,,,,,,,,,,408.7799987792969,,,,,,,,,
2024-04-22,,COIN,,,,,,,,,,,,,,,,,,225.86000061035156,,,,
2024-04-22,,DIA,,,,,,,,,,,376.0326232910156,,,,,,,,,,,
2024-04-22,,GGAL,,,,,,,,,,,,,,,,28.644800186157227,,,,,,
2024-04-22,,GOOG,,,157.01666259765625,,,,,,,,,,,,,,,,,,,
2024-04-22,,HUT,,,,,,,,,,,,,,,,,9.220000267028809,,,,,
2024-04-22,,KO,,,,,,,,,,58.37656784057617,,,,,,,,,,,,
2024-04-22,,META,,,,,,,,,,,,479.6099548339844,,,,,,,,,,
2024-04-22,,MRVL,,,,,,,,,,,,,,,,,,,62.672698974609375,,,
2024-04-22,,MSTR,,,,,,132.4010009765625,,,,,,,,,,,,,,,,
2024-04-22,79.4863510131836,NVDA,,,,,,,,,,,,,,,,,,,,,,
2024-04-22,,PAM,,46.25,,,,,,,,,,,,,,,,,,,,
2024-04-22,,PEP,,,,,,,,,,,,,,,168.9259033203125,,,,,,,
2024-04-22,,PFE,,,,,,,,,,,,,,,,,,,,24.248546600341797,,
2024-04-22,,PLTR,,,,,,,,,,,,,,20.969999313354492,,,,,,,,
2024-04-22,,QQQ,,,,,,,,,415.80859375,,,,,,,,,,,,,
2024-04-22,,SPOT,,,,,,,,272.239990234375,,,,,,,,,,,,,,
2024-04-22,,SPY,,,,,,,491.98529052734375,,,,,,,,,,,,,,,
2024-04-22,,TSLA,,,,,142.0500030517578,,,,,,,,,,,,,,,,,
2024-04-22,,YPF,,,,,,,,,,,,,,,,,,,,,,20.790000915527344
2024-04-23,,AAPL,165.8980712890625,,,,,,,,,,,,,,,,,,,,,
2024-04-23,,AMZN,,,,179.5399932861328,,,,,,,,,,,,,,,,,,
2024-04-23,,AVGO,,,,,,,,,,,,,,,,,,,,,123.12049865722656,
2024-04-23,,BRK-B,,,,,,,,,,,,,408.739990234375,,,,,,,,,
2024-04-23,,COIN,,,,,,,,,,,,,,,,,,236.42999267578125,,,,
2024-04-23,,DIA,,,,,,,,,,,378.638671875,,,,,,,,,,,
2024-04-23,,GGAL,,,,,,,,,,,,,,,,28.192319869995117,,,,,,
2024-04-23,,GOOG,,,158.9750213623047,,,,,,,,,,,,,,,,,,,
2024-04-23,,HUT,,,,,,,,,,,,,,,,,9.630000114440918,,,,,
2024-04-23,,KO,,,,,,,,,,58.46333312988281,,,,,,,,,,,,
2024-04-23,,META,,,,,,,,,,,,493.916748046875,,,,,,,,,,
2024-04-23,,MRVL,,,,,,,,,,,,,,,,,,,63.649471282958984,,,
2024-04-23,,MSTR,,,,,,133.86399841308594,,,,,,,,,,,,,,,,
2024-04-23,82.39019775390625,NVDA,,,,,,,,,,,,,,,,,,,,,,
2024-04-23,,PAM,,45.099998474121094,,,,,,,,,,,,,,,,,,,,
2024-04-23,,PEP,,,,,,,,,,,,,,,163.9096221923828,,,,,,,
2024-04-23,,PFE,,,,,,,,,,,,,,,,,,,,24.303951263427734,,
2024-04-23,,PLTR,,,,,,,,,,,,,,21.639999389648438,,,,,,,,
2024-04-23,,QQQ,,,,,,,,,422.0136413574219,,,,,,,,,,,,,
2024-04-23,,SPOT,,,,,,,,303.30999755859375,,,,,,,,,,,,,,
2024-04-23,,SPY,,,,,,,497.823486328125,,,,,,,,,,,,,,,
2024-04-23,,TSLA,,,,,144.67999267578125,,,,,,,,,,,,,,,,,
2024-04-23,,YPF,,,,,,,,,,,,,,,,,,,,,,20.8700008392334
2024-04-24,,AAPL,168.00534057617188,,,,,,,,,,,,,,,,,,,,,
2024-04-24,,AMZN,,,,176.58999633789062,,,,,,,,,,,,,,,,,,
2024-04-24,,AVGO,,,,,,,,,,,,,,,,,,,,,123.87251281738281,
2024-04-24,,BRK-B,,,,,,,,,,,,,405.95001220703125,,,,,,,,,
2024-04-24,,COIN,,,,,,,,,,,,,,,,,,224.3699951171875,,,,
2024-04-24,,DIA,,,,,,,,,,,378.0682678222656,,,,,,,,,,,
2024-04-24,,GGAL,,,,,,,,,,,,,,,,26.84410858154297,,,,,,
2024-04-24,,GOOG,,,160.14805603027344,,,,,,,,,,,,,,,,,,,
2024-04-24,,HUT,,,,,,,,,,,,,,,,,8.979999542236328,,,,,
2024-04-24,,KO,,,,,,,,,,59.34067153930664,,,,,,,,,,,,
2024-04-24,,META,,,,,,,,,,,,491.328125,,,,,,,,,,
2024-04-24,,MRVL,,,,,,,,,,,,,,,,,,,64.63619995117188,,,
2024-04-24,,MSTR,,,,,,126.56700134277344,,,,,,,,,,,,,,,,
2024-04-24,79.64530181884766,NVDA,,,,,,,,,,,,,,,,,,,,,,
2024-04-24,,PAM,,43.56999969482422,,,,,,,,,,,,,,,,,,,,
2024-04-24,,PEP,,,,,,,,,,,,,,,169.83534240722656,,,,,,,
2024-04-24,,PFE,,,,,,,,,,,,,,,,,,,,24.257781982421875,,
2024-04-24,,PLTR,,,,,,,,,,,,,,21.59000015258789,,,,,,,,
2024-04-24,,QQQ,,,,,,,,,423.44329833984375,,,,,,,,,,,,,
2024-04-24,,SPOT,,,,,,,,281.2300109863281,,,,,,,,,,,,,,
2024-04-24,,SPY,,,,,,,497.5871887207031,,,,,,,,,,,,,,,
2024-04-24,,TSLA,,,,,162.1300048828125,,,,,,,,,,,,,,,,,
2024-04-24,,YPF,,,,,,,,,,,,,,,,,,,,,,20.15999984741211
2024-04-25,,AAPL,168.87014770507812,,,,,,,,,,,,,,,,,,,,,
2024-04-25,,AMZN,,,,173.6699981689453,,,,,,,,,,,,,,,,,,
2024-04-25,,AVGO,,,,,,,,,,,,,,,,,,,,,127.57837677001953,
2024-04-25,,BRK-B,,,,,,,,,,,,,404.9100036621094,,,,,,,,,
2024-04-25,,COIN,,,,,,,,,,,,,,,,,,223.61000061035156,,,,
2024-04-25,,DIA,,,,,,,,,,,374.6066589355469,,,,,,,,,,,
2024-04-25,,GGAL,,,,,,,,,,,,,,,,27.231952667236328,,,,,,
2024-04-25,,GOOG,,,157.01666259765625,,,,,,,,,,,,,,,,,,,
2024-04-25,,HUT,,,,,,,,,,,,,,,,,8.859999656677246,,,,,
2024-04-25,,KO,,,,,,,,,,59.52385711669922,,,,,,,,,,,,
2024-04-25,,META,,,,,,,,,,,,439.4375305175781,,,,,,,,,,
2024-04-25,,MRVL,,,,,,,,,,,,,,,,,,,67.25753784179688,,,
2024-04-25,,MSTR,,,,,,124.04100036621094,,,,,,,,,,,,,,,,
2024-04-25,82.59912109375,NVDA,,,,,,,,,,,,,,,,,,,,,,
2024-04-25,,PAM,,43.86000061035156,,,,,,,,,,,,,,,,,,,,
2024-04-25,,PEP,,,,,,,,,,,,,,,169.13648986816406,,,,,,,
2024-04-25,,PFE,,,,,,,,,,,,,,,,,,,,23.325145721435547,,
2024-04-25,,PLTR,,,,,,,,,,,,,,21.709999084472656,,,,,,,,
2024-04-25,,QQQ,,,,,,,,,421.3980712890625,,,,,,,,,,,,,
2024-04-25,,SPOT,,,,,,,,289.0199890136719,,,,,,,,,,,,,,
2024-04-25,,SPY,,,,,,,495.6969299316406,,,,,,,,,,,,,,,
2024-04-25,,TSLA,,,,,170.17999267578125,,,,,,,,,,,,,,,,,
2024-04-25,,YPF,,,,,,,,,,,,,,,,,,,,,,20.239999771118164
2024-04-26,,AAPL,168.28366088867188,,,,,,,,,,,,,,,,,,,,,
2024-04-26,,AMZN,,,,179.6199951171875,,,,,,,,,,,,,,,,,,
2024-04-26,,AVGO,,,,,,,,,,,,,,,,,,,,,132.47189331054688,
2024-04-26,,BRK-B,,,,,,,,,,,,,402.1000061035156,,,,,,,,,
2024-04-26,,COIN,,,,,,,,,,,,,,,,,,236.32000732421875,,,,
2024-04-26,,DIA,,,,,,,,,,,375.97357177734375,,,,,,,,,,,
2024-04-26,,GGAL,,,,,,,,,,,,,,,,28.349302291870117,,,,,,
2024-04-26,,GOOG,,,172.66366577148438,,,,,,,,,,,,,,,,,,,
2024-04-26,,HUT,,,,,,,,,,,,,,,,,8.8100004196167,,,,,
2024-04-26,,KO,,,,,,,,,,59.52385711669922,,,,,,,,,,,,
2024-04-26,,META,,,,,,,,,,,,441.339111328125,,,,,,,,,,
2024-04-26,,MRVL,,,,,,,,,,,,,,,,,,,69.3904800415039,,,
2024-04-26,,MSTR,,,,,,128.23800659179688,,,,,,,,,,,,,,,,
2024-04-26,87.7000961303711,NVDA,,,,,,,,,,,,,,,,,,,,,,
2024-04-26,,PAM,,44.040000915527344,,,,,,,,,,,,,,,,,,,,
2024-04-26,,PEP,,,,,,,,,,,,,,,168.08348083496094,,,,,,,
2024-04-26,,PFE,,,,,,,,,,,,,,,,,,,,23.454421997070312,,
2024-04-26,,PLTR,,,,,,,,,,,,,,22.520000457763672,,,,,,,,
2024-04-26,,QQQ,,,,,,,,,427.9010009765625,,,,,,,,,,,,,
2024-04-26,,SPOT,,,,,,,,289.5899963378906,,,,,,,,,,,,,,
2024-04-26,,SPY,,,,,,,500.39312744140625,,,,,,,,,,,,,,,
2024-04-26,,TSLA,,,,,168.2899932861328,,,,,,,,,,,,,,,,,
2024-04-26,,YPF,,,,,,,,,,,,,,,,,,,,,,21.170000076293945
2024-04-29,,AAPL,172.4584503173828,,,,,,,,,,,,,,,,,,,,,
2024-04-29,,AMZN,,,,180.9600067138672,,,,,,,,,,,,,,,,,,
2024-04-29,,AVGO,,,,,,,,,,,,,,,,,,,,,131.9347381591797,
2024-04-29,,BRK-B,,,,,,,,,,,,,400.9599914550781,,,,,,,,,
2024-04-29,,COIN,,,,,,,,,,,,,,,,,,218.16000366210938,,,,
2024-04-29,,DIA,,,,,,,,,,,377.4389343261719,,,,,,,,,,,
2024-04-29,,GGAL,,,,,,,,,,,,,,,,28.866424560546875,,,,,,
2024-04-29,,GOOG,,,166.90786743164062,,,,,,,,,,,,,,,,,,,
2024-04-29,,HUT,,,,,,,,,,,,,,,,,8.34000015258789,,,,,
2024-04-29,,KO,,,,,,,,,,59.813087463378906,,,,,,,,,,,,
2024-04-29,,META,,,,,,,,,,,,430.7160949707031,,,,,,,,,,
2024-04-29,,MRVL,,,,,,,,,,,,,,,,,,,68.52334594726562,,,
2024-04-29,,MSTR,,,,,,129.2969970703125,,,,,,,,,,,,,,,,
2024-04-29,87.72208404541016,NVDA,,,,,,,,,,,,,,,,,,,,,,
2024-04-29,,PAM,,44.84000015258789,,,,,,,,,,,,,,,,,,,,
2024-04-29,,PEP,,,,,,,,,,,,,,,168.6195526123047,,,,,,,
2024-04-29,,PFE,,,,,,,,,,,,,,,,,,,,23.676040649414062,,
2024-04-29,,PLTR,,,,,,,,,,,,,,22.829999923706055,,,,,,,,
2024-04-29,,QQQ,,,,,,,,,429.6383972167969,,,,,,,,,,,,,
2024-04-29,,SPOT,,,,,,,,286.239990234375,,,,,,,,,,,,,,
2024-04-29,,SPY,,,,,,,502.1652526855469,,,,,,,,,,,,,,,
2024-04-29,,TSLA,,,,,194.0500030517578,,,,,,,,,,,,,,,,,
2024-04-29,,YPF,,,,,,,,,,,,,,,,,,,,,,21.479999542236328
2024-04-30,,AAPL,169.30747985839844,,,,,,,,,,,,,,,,,,,,,
2024-04-30,,AMZN,,,,175.0,,,,,,,,,,,,,,,,,,
2024-04-30,,AVGO,,,,,,,,,,,,,,,,,,,,,128.1549530029297,
2024-04-30,,BRK-B,,,,,,,,,,,,,396.7300109863281,,,,,,,,,
2024-04-30,,COIN,,,,,,,,,,,,,,,,,,203.92999267578125,,,,
2024-04-30,,DIA,,,,,,,,,,,371.86285400390625,,,,,,,,,,,
2024-04-30,,GGAL,,,,,,,,,,,,,,,,29.946836471557617,,,,,,
2024-04-30,,GOOG,,,163.66712951660156,,,,,,,,,,,,,,,,,,,
2024-04-30,,HUT,,,,,,,,,,,,,,,,,7.860000133514404,,,,,
2024-04-30,,KO,,,,,,,,,,59.552772521972656,,,,,,,,,,,,
2024-04-30,,META,,,,,,,,,,,,428.2768859863281,,,,,,,,,,
2024-04-30,,MRVL,,,,,,,,,,,,,,,,,,,65.69271087646484,,,
2024-04-30,,MSTR,,,,,,106.50299835205078,,,,,,,,,,,,,,,,
2024-04-30,86.36762237548828,NVDA,,,,,,,,,,,,,,,,,,,,,,
2024-04-30,,PAM,,44.369998931884766,,,,,,,,,,,,,,,,,,,,
2024-04-30,,PEP,,,,,,,,,,,,,,,168.39938354492188,,,,,,,
2024-04-30,,PFE,,,,,,,,,,,,,,,,,,,,23.657573699951172,,
2024-04-30,,PLTR,,,,,,,,,,,,,,21.969999313354492,,,,,,,,
2024-04-30,,QQQ,,,,,,,,,421.5370788574219,,,,,,,,,,,,,
2024-04-30,,SPOT,,,,,,,,280.44000244140625,,,,,,,,,,,,,,
2024-04-30,,SPY,,,,,,,494.2102966308594,,,,,,,,,,,,,,,
2024-04-30,,TSLA,,,,,183.27999877929688,,,,,,,,,,,,,,,,,
2024-04-30,,YPF,,,,,,,,,,,,,,,,,,,,,,21.959999084472656
2024-05-01,,AAPL,168.28366088867188,,,,,,,,,,,,,,,,,,,,,
2024-05-01,,AMZN,,,,179.0,,,,,,,,,,,,,,,,,,
2024-05-01,,AVGO,,,,,,,,,,,,,,,,,,,,,122.49661254882812,
2024-05-01,,BRK-B,,,,,,,,,,,,,398.5799865722656,,,,,,,,,
2024-05-01,,COIN,,,,,,,,,,,,,,,,,,210.08999633789062,,,,
2024-05-01,,DIA,,,,,,,,,,,372.61029052734375,,,,,,,,,,,
2024-05-01,,GGAL,,,,,,,,,,,,,,,,29.891427993774414,,,,,,
2024-05-01,,GOOG,,,164.59164428710938,,,,,,,,,,,,,,,,,,,
2024-05-01,,HUT,,,,,,,,,,,,,,,,,7.989999771118164,,,,,
2024-05-01,,KO,,,,,,,,,,59.70703125,,,,,,,,,,,,
2024-05-01,,META,,,,,,,,,,,,437.25714111328125,,,,,,,,,,
2024-05-01,,MRVL,,,,,,,,,,,,,,,,,,,63.60960388183594,,,
2024-05-01,,MSTR,,,,,,102.8270034790039,,,,,,,,,,,,,,,,
2024-05-01,83.00794982910156,NVDA,,,,,,,,,,,,,,,,,,,,,,
2024-05-01,,PAM,,45.38999938964844,,,,,,,,,,,,,,,,,,,,
2024-05-01,,PEP,,,,,,,,,,,,,,,167.6718292236328,,,,,,,
2024-05-01,,PFE,,,,,,,,,,,,,,,,,,,,25.098079681396484,,
2024-05-01,,PLTR,,,,,,,,,,,,,,22.1200008392334,,,,,,,,
2024-05-01,,QQQ,,,,,,,,,418.4891357421875,,,,,,,,,,,,,
2024-05-01,,SPOT,,,,,,,,284.5400085449219,,,,,,,,,,,,,,
2024-05-01,,SPY,,,,,,,492.6055603027344,,,,,,,,,,,,,,,
2024-05-01,,TSLA,,,,,179.99000549316406,,,,,,,,,,,,,,,,,
2024-05-01,,YPF,,,,,,,,,,,,,,,,,,,,,,22.079999923706055
2024-05-02,,AAPL,171.99127197265625,,,,,,,,,,,,,,,,,,,,,
2024-05-02,,AMZN,,,,184.72000122070312,,,,,,,,,,,,,,,,,,
2024-05-02,,AVGO,,,,,,,,,,,,,,,,,,,,,122.07379150390625,
2024-05-02,,BRK-B,,,,,,,,,,,,,400.6000061035156,,,,,,,,,
2024-05-02,,COIN,,,,,,,,,,,,,,,,,,228.85000610351562,,,,
2024-05-02,,DIA,,,,,,,,,,,375.8949279785156,,,,,,,,,,,
2024-05-02,,GGAL,,,,,,,,,,,,,,,,29.448183059692383,,,,,,
2024-05-02,,GOOG,,,167.46456909179688,,,,,,,,,,,,,,,,,,,
2024-05-02,,HUT,,,,,,,,,,,,,,,,,8.15999984741211,,,,,
2024-05-02,,KO,,,,,,,,,,59.76487731933594,,,,,,,,,,,,
2024-05-02,,META,,,,,,,,,,,,439.7362365722656,,,,,,,,,,
2024-05-02,,MRVL,,,,,,,,,,,,,,,,,,,66.45020294189453,,,
2024-05-02,,MSTR,,,,,,112.94200134277344,,,,,,,,,,,,,,,,
2024-05-02,85.78285217285156,NVDA,,,,,,,,,,,,,,,,,,,,,,
2024-05-02,,PAM,,46.560001373291016,,,,,,,,,,,,,,,,,,,,
2024-05-02,,PEP,,,,,,,,,,,,,,,167.95901489257812,,,,,,,
2024-05-02,,PFE,,,,,,,,,,,,,,,,,,,,25.578250885009766,,
2024-05-02,,PLTR,,,,,,,,,,,,,,22.549999237060547,,,,,,,,
2024-05-02,,QQQ,,,,,,,,,423.8304748535156,,,,,,,,,,,,,
2024-05-02,,SPOT,,,,,,,,294.1700134277344,,,,,,,,,,,,,,
2024-05-02,,SPY,,,,,,,497.21307373046875,,,,,,,,,,,,,,,
2024-05-02,,TSLA,,,,,180.00999450683594,,,,,,,,,,,,,,,,,
2024-05-02,,YPF,,,,,,,,,,,,,,,,,,,,,,22.360000610351562
2024-05-03,,AAPL,182.27915954589844,,,,,,,,,,,,,,,,,,,,,
2024-05-03,,AMZN,,,,186.2100067138672,,,,,,,,,,,,,,,,,,
2024-05-03,,AVGO,,,,,,,,,,,,,,,,,,,,,125.97085571289062,
2024-05-03,,BRK-B,,,,,,,,,,,,,400.8699951171875,,,,,,,,,
2024-05-03,,COIN,,,,,,,,,,,,,,,,,,223.25,,,,
2024-05-03,,DIA,,,,,,,,,,,380.35968017578125,,,,,,,,,,,
2024-05-03,,GGAL,,,,,,,,,,,,,,,,31.69211769104004,,,,,,
2024-05-03,,GOOG,,,167.99143981933594,,,,,,,,,,,,,,,,,,,
2024-05-03,,HUT,,,,,,,,,,,,,,,,,8.270000457763672,,,,,
2024-05-03,,KO,,,,,,,,,,59.93841552734375,,,,,,,,,,,,
2024-05-03,,META,,,,,,,,,,,,449.970947265625,,,,,,,,,,
2024-05-03,,MRVL,,,,,,,,,,,,,,,,,,,68.28414916992188,,,
2024-05-03,,MSTR,,,,,,122.3010025024414,,,,,,,,,,,,,,,,
2024-05-03,88.75366973876953,NVDA,,,,,,,,,,,,,,,,,,,,,,
2024-05-03,,PAM,,48.7400016784668,,,,,,,,,,,,,,,,,,,,
2024-05-03,,PEP,,,,,,,,,,,,,,,168.62911987304688,,,,,,,
2024-05-03,,PFE,,,,,,,,,,,,,,,,,,,,25.679824829101562,,
2024-05-03,,PLTR,,,,,,,,,,,,,,23.329999923706055,,,,,,,,
2024-05-03,,QQQ,,,,,,,,,432.34881591796875,,,,,,,,,,,,,
2024-05-03,,SPOT,,,,,,,,296.07000732421875,,,,,,,,,,,,,,
2024-05-03,,SPY,,,,,,,503.3762512207031,,,,,,,,,,,,,,,
2024-05-03,,TSLA,,,,,181.19000244140625,,,,,,,,,,,,,,,,,
2024-05-03,,YPF,,,,,,,,,,,,,,,,,,,,,,23.3799991607666
2024-05-06,,AAPL,180.61917114257812,,,,,,,,,,,,,,,,,,,,,
2024-05-06,,AMZN,,,,188.6999969482422,,,,,,,,,,,,,,,,,,
2024-05-06,,AVGO,,,,,,,,,,,,,,,,,,,,,129.14450073242188,
2024-05-06,,BRK-B,,,,,,,,,,,,,404.9200134277344,,,,,,,,,
2024-05-06,,COIN,,,,,,,,,,,,,,,,,,226.92999267578125,,,,
2024-05-06,,DIA,,,,,,,,,,,382.0118408203125,,,,,,,,,,,
2024-05-06,,GGAL,,,,,,,,,,,,,,,,33.98222351074219,,,,,,
2024-05-06,,GOOG,,,168.8264923095703,,,,,,,,,,,,,,,,,,,
2024-05-06,,HUT,,,,,,,,,,,,,,,,,8.850000381469727,,,,,
2024-05-06,,KO,,,,,,,,,,60.11195755004883,,,,,,,,,,,,
2024-05-06,,META,,,,,,,,,,,,463.6305847167969,,,,,,,,,,
2024-05-06,,MRVL,,,,,,,,,,,,,,,,,,,69.5898208618164,,,
2024-05-06,,MSTR,,,,,,126.88099670410156,,,,,,,,,,,,,,,,
2024-05-06,92.10333251953125,NVDA,,,,,,,,,,,,,,,,,,,,,,
2024-05-06,,PAM,,49.599998474121094,,,,,,,,,,,,,,,,,,,,
2024-05-06,,PEP,,,,,,,,,,,,,,,168.313232421875,,,,,,,
2024-05-06,,PFE,,,,,,,,,,,,,,,,,,,,26.003015518188477,,
2024-05-06,,PLTR,,,,,,,,,,,,,,25.209999084472656,,,,,,,,
2024-05-06,,QQQ,,,,,,,,,437.0845031738281,,,,,,,,,,,,,
2024-05-06,,SPOT,,,,,,,,299.4800109863281,,,,,,,,,,,,,,
2024-05-06,,SPY,,,,,,,508.5744323730469,,,,,,,,,,,,,,,
2024-05-06,,TSLA,,,,,184.75999450683594,,,,,,,,,,,,,,,,,
2024-05-06,,YPF,,,,,,,,,,,,,,,,,,,,,,23.8799991607666
2024-05-07,,AAPL,181.30502319335938,,,,,,,,,,,,,,,,,,,,,
2024-05-07,,AMZN,,,,188.75999450683594,,,,,,,,,,,,,,,,,,
2024-05-07,,AVGO,,,,,,,,,,,,,,,,,,,,,128.4348602294922,
2024-05-07,,BRK-B,,,,,,,,,,,,,406.1400146484375,,,,,,,,,
2024-05-07,,COIN,,,,,,,,,,,,,,,,,,214.33999633789062,,,,
2024-05-07,,DIA,,,,,,,,,,,382.2969665527344,,,,,,,,,,,
2024-05-07,,GGAL,,,,,,,,,,,,,,,,32.920284271240234,,,,,,
2024-05-07,,GOOG,,,171.95785522460938,,,,,,,,,,,,,,,,,,,
2024-05-07,,HUT,,,,,,,,,,,,,,,,,8.1899995803833,,,,,
2024-05-07,,KO,,,,,,,,,,60.37226486206055,,,,,,,,,,,,
2024-05-07,,META,,,,,,,,,,,,466.1792907714844,,,,,,,,,,
2024-05-07,,MRVL,,,,,,,,,,,,,,,,,,,68.45357513427734,,,
2024-05-07,,MSTR,,,,,,125.74500274658203,,,,,,,,,,,,,,,,
2024-05-07,90.51795959472656,NVDA,,,,,,,,,,,,,,,,,,,,,,
2024-05-07,,PAM,,49.849998474121094,,,,,,,,,,,,,,,,,,,,
2024-05-07,,PEP,,,,,,,,,,,,,,,170.41929626464844,,,,,,,
2024-05-07,,PFE,,,,,,,,,,,,,,,,,,,,25.64288902282715,,
2024-05-07,,PLTR,,,,,,,,,,,,,,21.399999618530273,,,,,,,,
2024-05-07,,QQQ,,,,,,,,,437.1539611816406,,,,,,,,,,,,,
2024-05-07,,SPOT,,,,,,,,298.04998779296875,,,,,,,,,,,,,,
2024-05-07,,SPY,,,,,,,509.13568115234375,,,,,,,,,,,,,,,
2024-05-07,,TSLA,,,,,177.80999755859375,,,,,,,,,,,,,,,,,
2024-05-07,,YPF,,,,,,,,,,,,,,,,,,,,,,24.030000686645508
2024-05-08,,AAPL,181.64300537109375,,,,,,,,,,,,,,,,,,,,,
2024-05-08,,AMZN,,,,188.0,,,,,,,,,,,,,,,,,,
2024-05-08,,AVGO,,,,,,,,,,,,,,,,,,,,,130.62881469726562,
2024-05-08,,BRK-B,,,,,,,,,,,,,406.3699951171875,,,,,,,,,
2024-05-08,,COIN,,,,,,,,,,,,,,,,,,211.1999969482422,,,,
2024-05-08,,DIA,,,,,,,,,,,384.0081787109375,,,,,,,,,,,
2024-05-08,,GGAL,,,,,,,,,,,,,,,,33.289649963378906,,,,,,
2024-05-08,,GOOG,,,170.1486053466797,,,,,,,,,,,,,,,,,,,
2024-05-08,,HUT,,,,,,,,,,,,,,,,,8.1899995803833,,,,,
2024-05-08,,KO,,,,,,,,,,60.5940055847168,,,,,,,,,,,,
2024-05-08,,META,,,,,,,,,,,,470.5201416015625,,,,,,,,,,
2024-05-08,,MRVL,,,,,,,,,,,,,,,,,,,67.88545227050781,,,
2024-05-08,,MSTR,,,,,,123.31199645996094,,,,,,,,,,,,,,,,
2024-05-08,90.37602996826172,NVDA,,,,,,,,,,,,,,,,,,,,,,
2024-05-08,,PAM,,49.4900016784668,,,,,,,,,,,,,,,,,,,,
2024-05-08,,PEP,,,,,,,,,,,,,,,169.83534240722656,,,,,,,
2024-05-08,,PFE,,,,,,,,,,,,,,,,,,,,26.104589462280273,,
2024-05-08,,PLTR,,,,,,,,,,,,,,21.559999465942383,,,,,,,,
2024-05-08,,QQQ,,,,,,,,,436.8958435058594,,,,,,,,,,,,,
2024-05-08,,SPOT,,,,,,,,298.6499938964844,,,,,,,,,,,,,,
2024-05-08,,SPY,,,,,,,509.18487548828125,,,,,,,,,,,,,,,
2024-05-08,,TSLA,,,,,174.72000122070312,,,,,,,,,,,,,,,,,
2024-05-08,,YPF,,,,,,,,,,,,,,,,,,,,,,24.459999084472656
2024-05-09,,AAPL,183.46200561523438,,,,,,,,,,,,,,,,,,,,,
2024-05-09,,AMZN,,,,189.5,,,,,,,,,,,,,,,,,,
2024-05-09,,AVGO,,,,,,,,,,,,,,,,,,,,,128.68716430664062,
2024-05-09,,BRK-B,,,,,,,,,,,,,408.82000732421875,,,,,,,,,
2024-05-09,,COIN,,,,,,,,,,,,,,,,,,210.4499969482422,,,,
2024-05-09,,DIA,,,,,,,,,,,387.4698486328125,,,,,,,,,,,
2024-05-09,,GGAL,,,,,,,,,,,,,,,,32.79099655151367,,,,,,
2024-05-09,,GOOG,,,170.56613159179688,,,,,,,,,,,,,,,,,,,
2024-05-09,,HUT,,,,,,,,,,,,,,,,,8.149999618530273,,,,,
2024-05-09,,KO,,,,,,,,,,60.62293243408203,,,,,,,,,,,,
2024-05-09,,META,,,,,,,,,,,,473.3277282714844,,,,,,,,,,
2024-05-09,,MRVL,,,,,,,,,,,,,,,,,,,67.45687866210938,,,
2024-05-09,,MSTR,,,,,,126.36399841308594,,,,,,,,,,,,,,,,
2024-05-09,88.7116928100586,NVDA,,,,,,,,,,,,,,,,,,,,,,
2024-05-09,,PAM,,49.0099983215332,,,,,,,,,,,,,,,,,,,,
2024-05-09,,PEP,,,,,,,,,,,,,,,170.45758056640625,,,,,,,
2024-05-09,,PFE,,,,,,,,,,,,,,,,,,,,26.413908004760742,,
2024-05-09,,PLTR,,,,,,,,,,,,,,21.139999389648438,,,,,,,,
2024-05-09,,QQQ,,,,,,,,,437.8489074707031,,,,,,,,,,,,,
2024-05-09,,SPOT,,,,,,,,298.6600036621094,,,,,,,,,,,,,,
2024-05-09,,SPY,,,,,,,512.1187744140625,,,,,,,,,,,,,,,
2024-05-09,,TSLA,,,,,171.97000122070312,,,,,,,,,,,,,,,,,
2024-05-09,,YPF,,,,,,,,,,,,,,,,,,,,,,24.3799991607666
2024-05-10,,AAPL,182.1979217529297,,,,,,,,,,,,,,,,,,,,,
2024-05-10,,AMZN,,,,187.47999572753906,,,,,,,,,,,,,,,,,,
2024-05-10,,AVGO,,,,,,,,,,,,,,,,,,,,,131.36111450195312,
2024-05-10,,BRK-B,,,,,,,,,,,,,412.04998779296875,,,,,,,,,
2024-05-10,,COIN,,,,,,,,,,,,,,,,,,200.9199981689453,,,,
2024-05-10,,DIA,,,,,,,,,,,388.6302490234375,,,,,,,,,,,
2024-05-10,,GGAL,,,,,,,,,,,,,,,,32.2923469543457,,,,,,
2024-05-10,,GOOG,,,169.2837371826172,,,,,,,,,,,,,,,,,,,
2024-05-10,,HUT,,,,,,,,,,,,,,,,,7.989999771118164,,,,,
2024-05-10,,KO,,,,,,,,,,60.989288330078125,,,,,,,,,,,,
2024-05-10,,META,,,,,,,,,,,,474.10430908203125,,,,,,,,,,
2024-05-10,,MRVL,,,,,,,,,,,,,,,,,,,68.24427032470703,,,
2024-05-10,,MSTR,,,,,,118.0479965209961,,,,,,,,,,,,,,,,
2024-05-10,89.84223175048828,NVDA,,,,,,,,,,,,,,,,,,,,,,
2024-05-10,,PAM,,47.09000015258789,,,,,,,,,,,,,,,,,,,,
2024-05-10,,PEP,,,,,,,,,,,,,,,172.11370849609375,,,,,,,
2024-05-10,,PFE,,,,,,,,,,,,,,,,,,,,26.254560470581055,,
2024-05-10,,PLTR,,,,,,,,,,,,,,20.600000381469727,,,,,,,,
2024-05-10,,QQQ,,,,,,,,,438.8814697265625,,,,,,,,,,,,,
2024-05-10,,SPOT,,,,,,,,294.6000061035156,,,,,,,,,,,,,,
2024-05-10,,SPY,,,,,,,512.7783813476562,,,,,,,,,,,,,,,
2024-05-10,,TSLA,,,,,168.47000122070312,,,,,,,,,,,,,,,,,
2024-05-10,,YPF,,,,,,,,,,,,,,,,,,,,,,22.780000686645508
2024-05-13,,AAPL,185.4128875732422,,,,,,,,,,,,,,,,,,,,,
2024-05-13,,AMZN,,,,186.57000732421875,,,,,,,,,,,,,,,,,,
2024-05-13,,AVGO,,,,,,,,,,,,,,,,,,,,,131.82534790039062,
2024-05-13,,BRK-B,,,,,,,,,,,,,411.2200012207031,,,,,,,,,
2024-05-13,,COIN,,,,,,,,,,,,,,,,,,199.50999450683594,,,,
2024-05-13,,DIA,,,,,,,,,,,387.92218017578125,,,,,,,,,,,
2024-05-13,,GGAL,,,,,,,,,,,,,,,,31.996849060058594,,,,,,
2024-05-13,,GOOG,,,169.89015197753906,,,,,,,,,,,,,,,,,,,
2024-05-13,,HUT,,,,,,,,,,,,,,,,,7.869999885559082,,,,,
2024-05-13,,KO,,,,,,,,,,61.29780960083008,,,,,,,,,,,,
2024-05-13,,META,,,,,,,,,,,,465.9503479003906,,,,,,,,,,
2024-05-13,,MRVL,,,,,,,,,,,,,,,,,,,68.79244995117188,,,
2024-05-13,,MSTR,,,,,,124.59600067138672,,,,,,,,,,,,,,,,
2024-05-13,90.36302947998047,NVDA,,,,,,,,,,,,,,,,,,,,,,
2024-05-13,,PAM,,45.939998626708984,,,,,,,,,,,,,,,,,,,,
2024-05-13,,PEP,,,,,,,,,,,,,,,173.1763153076172,,,,,,,
2024-05-13,,PFE,,,,,,,,,,,,,,,,,,,,26.657611846923828,,
2024-05-13,,PLTR,,,,,,,,,,,,,,20.940000534057617,,,,,,,,
2024-05-13,,QQQ,,,,,,,,,439.8941345214844,,,,,,,,,,,,,
2024-05-13,,SPOT,,,,,,,,289.7099914550781,,,,,,,,,,,,,,
2024-05-13,,SPY,,,,,,,512.8473510742188,,,,,,,,,,,,,,,
2024-05-13,,TSLA,,,,,171.88999938964844,,,,,,,,,,,,,,,,,
2024-05-13,,YPF,,,,,,,,,,,,,,,,,,,,,,22.780000686645508
2024-05-14,,AAPL,186.55752563476562,,,,,,,,,,,,,,,,,,,,,
2024-05-14,,AMZN,,,,187.07000732421875,,,,,,,,,,,,,,,,,,
2024-05-14,,AVGO,,,,,,,,,,,,,,,,,,,,,136.01611328125,
2024-05-14,,BRK-B,,,,,,,,,,,,,410.239990234375,,,,,,,,,
2024-05-14,,COIN,,,,,,,,,,,,,,,,,,203.0500030517578,,,,
2024-05-14,,DIA,,,,,,,,,,,389.0237121582031,,,,,,,,,,,
2024-05-14,,GGAL,,,,,,,,,,,,,,,,32.754066467285156,,,,,,
2024-05-14,,GOOG,,,170.91407775878906,,,,,,,,,,,,,,,,,,,
2024-05-14,,HUT,,,,,,,,,,,,,,,,,7.789999961853027,,,,,
2024-05-14,,KO,,,,,,,,,,60.83503341674805,,,,,,,,,,,,
2024-05-14,,META,,,,,,,,,,,,469.7734375,,,,,,,,,,
2024-05-14,,MRVL,,,,,,,,,,,,,,,,,,,67.7957534790039,,,
2024-05-14,,MSTR,,,,,,129.76300048828125,,,,,,,,,,,,,,,,
2024-05-14,91.31965637207031,NVDA,,,,,,,,,,,,,,,,,,,,,,
2024-05-14,,PAM,,47.5099983215332,,,,,,,,,,,,,,,,,,,,
2024-05-14,,PEP,,,,,,,,,,,,,,,172.19029235839844,,,,,,,
2024-05-14,,PFE,,,,,,,,,,,,,,,,,,,,26.601369857788086,,
2024-05-14,,PLTR,,,,,,,,,,,,,,21.440000534057617,,,,,,,,
2024-05-14,,QQQ,,,,,,,,,442.7236022949219,,,,,,,,,,,,,
2024-05-14,,SPOT,,,,,,,,290.1199951171875,,,,,,,,,,,,,,
2024-05-14,,SPY,,,,,,,515.2003173828125,,,,,,,,,,,,,,,
2024-05-14,,TSLA,,,,,177.5500030517578,,,,,,,,,,,,,,,,,
2024-05-14,,YPF,,,,,,,,,,,,,,,,,,,,,,23.020000457763672
2024-05-15,,AAPL,188.8368682861328,,,,,,,,,,,,,,,,,,,,,
2024-05-15,,AMZN,,,,185.99000549316406,,,,,,,,,,,,,,,,,,
2024-05-15,,AVGO,,,,,,,,,,,,,,,,,,,,,141.54928588867188,
2024-05-15,,BRK-B,,,,,,,,,,,,,412.760009765625,,,,,,,,,
2024-05-15,,COIN,,,,,,,,,,,,,,,,,,219.91000366210938,,,,
2024-05-15,,DIA,,,,,,,,,,,392.662353515625,,,,,,,,,,,
2024-05-15,,GGAL,,,,,,,,,,,,,,,,34.0191650390625,,,,,,
2024-05-15,,GOOG,,,172.8525390625,,,,,,,,,,,,,,,,,,,
2024-05-15,,HUT,,,,,,,,,,,,,,,,,8.829999923706055,,,,,
2024-05-15,,KO,,,,,,,,,,60.863956451416016,,,,,,,,,,,,
2024-05-15,,META,,,,,,,,,,,,479.4207763671875,,,,,,,,,,
2024-05-15,,MRVL,,,,,,,,,,,,,,,,,,,69.91873168945312,,,
2024-05-15,,MSTR,,,,,,150.3470001220703,,,,,,,,,,,,,,,,
2024-05-15,94.59233856201172,NVDA,,,,,,,,,,,,,,,,,,,,,,
2024-05-15,,PAM,,48.790000915527344,,,,,,,,,,,,,,,,,,,,
2024-05-15,,PEP,,,,,,,,,,,,,,,171.79783630371094,,,,,,,
2024-05-15,,PFE,,,,,,,,,,,,,,,,,,,,27.013797760009766,,
2024-05-15,,PLTR,,,,,,,,,,,,,,21.670000076293945,,,,,,,,
2024-05-15,,QQQ,,,,,,,,,449.64349365234375,,,,,,,,,,,,,
2024-05-15,,SPOT,,,,,,,,303.0400085449219,,,,,,,,,,,,,,
2024-05-15,,SPY,,,,,,,521.5800170898438,,,,,,,,,,,,,,,
2024-05-15,,TSLA,,,,,173.99000549316406,,,,,,,,,,,,,,,,,
2024-05-15,,YPF,,,,,,,,,,,,,,,,,,,,,,23.90999984741211
2024-05-16,,AAPL,188.95631408691406,,,,,,,,,,,,,,,,,,,,,
2024-05-16,,AMZN,,,,183.6300048828125,,,,,,,,,,,,,,,,,,
2024-05-16,,AVGO,,,,,,,,,,,,,,,,,,,,,139.17991638183594,
2024-05-16,,BRK-B,,,,,,,,,,,,,413.1199951171875,,,,,,,,,
2024-05-16,,COIN,,,,,,,,,,,,,,,,,,199.1699981689453,,,,
2024-05-16,,DIA,,,,,,,,,,,392.5934753417969,,,,,,,,,,,
2024-05-16,,GGAL,,,,,,,,,,,,,,,,33.80677795410156,,,,,,
2024-05-16,,GOOG,,,174.39337158203125,,,,,,,,,,,,,,,,,,,
2024-05-16,,HUT,,,,,,,,,,,,,,,,,8.920000076293945,,,,,
2024-05-16,,KO,,,,,,,,,,61.047142028808594,,,,,,,,,,,,
2024-05-16,,META,,,,,,,,,,,,471.14739990234375,,,,,,,,,,
2024-05-16,,MRVL,,,,,,,,,,,,,,,,,,,72.83908081054688,,,
2024-05-16,,MSTR,,,,,,143.9980010986328,,,,,,,,,,,,,,,,
2024-05-16,94.32144927978516,NVDA,,,,,,,,,,,,,,,,,,,,,,
2024-05-16,,PAM,,48.310001373291016,,,,,,,,,,,,,,,,,,,,
2024-05-16,,PEP,,,,,,,,,,,,,,,175.29197692871094,,,,,,,
2024-05-16,,PFE,,,,,,,,,,,,,,,,,,,,27.107528686523438,,
2024-05-16,,PLTR,,,,,,,,,,,,,,21.649999618530273,,,,,,,,
2024-05-16,,QQQ,,,,,,,,,448.7301330566406,,,,,,,,,,,,,
2024-05-16,,SPOT,,,,,,,,298.1199951171875,,,,,,,,,,,,,,
2024-05-16,,SPY,,,,,,,520.5068359375,,,,,,,,,,,,,,,
2024-05-16,,TSLA,,,,,174.83999633789062,,,,,,,,,,,,,,,,,
2024-05-16,,YPF,,,,,,,,,,,,,,,,,,,,,,23.639999389648438
2024-05-17,,AAPL,188.98617553710938,,,,,,,,,,,,,,,,,,,,,
2024-05-17,,AMZN,,,,184.6999969482422,,,,,,,,,,,,,,,,,,
2024-05-17,,AVGO,,,,,,,,,,,,,,,,,,,,,137.52015686035156,
2024-05-17,,BRK-B,,,,,,,,,,,,,416.94000244140625,,,,,,,,,
2024-05-17,,COIN,,,,,,,,,,,,,,,,,,207.60000610351562,,,,
2024-05-17,,DIA,,,,,,,,,,,393.9073791503906,,,,,,,,,,,
2024-05-17,,GGAL,,,,,,,,,,,,,,,,33.86217498779297,,,,,,
2024-05-17,,GOOG,,,176.24237060546875,,,,,,,,,,,,,,,,,,,
2024-05-17,,HUT,,,,,,,,,,,,,,,,,9.15999984741211,,,,,
2024-05-17,,KO,,,,,,,,,,60.767547607421875,,,,,,,,,,,,
2024-05-17,,META,,,,,,,,,,,,469.83319091796875,,,,,,,,,,
2024-05-17,,MRVL,,,,,,,,,,,,,,,,,,,71.68289947509766,,,
2024-05-17,,MSTR,,,,,,158.4499969482422,,,,,,,,,,,,,,,,
2024-05-17,92.44219207763672,NVDA,,,,,,,,,,,,,,,,,,,,,,
2024-05-17,,PAM,,47.88999938964844,,,,,,,,,,,,,,,,,,,,
2024-05-17,,PEP,,,,,,,,,,,,,,,174.41123962402344,,,,,,,
2024-05-17,,PFE,,,,,,,,,,,,,,,,,,,,26.845075607299805,,
2024-05-17,,PLTR,,,,,,,,,,,,,,21.760000228881836,,,,,,,,
2024-05-17,,QQQ,,,,,,,,,448.51171875,,,,,,,,,,,,,
2024-05-17,,SPOT,,,,,,,,302.82000732421875,,,,,,,,,,,,,,
2024-05-17,,SPY,,,,,,,521.255126953125,,,,,,,,,,,,,,,
2024-05-17,,TSLA,,,,,177.4600067138672,,,,,,,,,,,,,,,,,
2024-05-17,,YPF,,,,,,,,,,,,,,,,,,,,,,23.440000534057617
2024-05-20,,AAPL,190.15072631835938,,,,,,,,,,,,,,,,,,,,,
2024-05-20,,AMZN,,,,183.5399932861328,,,,,,,,,,,,,,,,,,
2024-05-20,,AVGO,,,,,,,,,,,,,,,,,,,,,139.36717224121094,
2024-05-20,,BRK-B,,,,,,,,,,,,,413.0,,,,,,,,,
2024-05-20,,COIN,,,,,,,,,,,,,,,,,,225.19000244140625,,,,
2024-05-20,,DIA,,,,,,,,,,,392.0852355957031,,,,,,,,,,,
2024-05-20,,GGAL,,,,,,,,,,,,,,,,34.42546844482422,,,,,,
2024-05-20,,GOOG,,,177.4054718017578,,,,,,,,,,,,,,,,,,,
2024-05-20,,HUT,,,,,,,,,,,,,,,,,9.949999809265137,,,,,
2024-05-20,,KO,,,,,,,,,,60.324058532714844,,,,,,,,,,,,
2024-05-20,,META,,,,,,,,,,,,466.77667236328125,,,,,,,,,,
2024-05-20,,MRVL,,,,,,,,,,,,,,,,,,,74.2244873046875,,,
2024-05-20,,MSTR,,,,,,172.7239990234375,,,,,,,,,,,,,,,,
2024-05-20,94.7422866821289,NVDA,,,,,,,,,,,,,,,,,,,,,,
2024-05-20,,PAM,,48.869998931884766,,,,,,,,,,,,,,,,,,,,
2024-05-20,,PEP,,,,,,,,,,,,,,,172.61151123046875,,,,,,,
2024-05-20,,PFE,,,,,,,,,,,,,,,,,,,,26.741971969604492,,
2024-05-20,,PLTR,,,,,,,,,,,,,,21.6200008392334,,,,,,,,
2024-05-20,,QQQ,,,,,,,,,451.6390686035156,,,,,,,,,,,,,
2024-05-20,,SPOT,,,,,,,,308.2099914550781,,,,,,,,,,,,,,
2024-05-20,,SPY,,,,,,,521.855712890625,,,,,,,,,,,,,,,
2024-05-20,,TSLA,,,,,174.9499969482422,,,,,,,,,,,,,,,,,
2024-05-20,,YPF,,,,,,,,,,,,,,,,,,,,,,23.770000457763672
2024-05-21,,AAPL,191.4546356201172,,,,,,,,,,,,,,,,,,,,,
2024-05-21,,AMZN,,,,183.14999389648438,,,,,,,,,,,,,,,,,,
2024-05-21,,AVGO,,,,,,,,,,,,,,,,,,,,,137.90550231933594,
2024-05-21,,BRK-B,,,,,,,,,,,,,414.3699951171875,,,,,,,,,
2024-05-21,,COIN,,,,,,,,,,,,,,,,,,225.77999877929688,,,,
2024-05-21,,DIA,,,,,,,,,,,392.7550354003906,,,,,,,,,,,
2024-05-21,,GGAL,,,,,,,,,,,,,,,,33.409698486328125,,,,,,
2024-05-21,,GOOG,,,178.4790802001953,,,,,,,,,,,,,,,,,,,
2024-05-21,,HUT,,,,,,,,,,,,,,,,,9.699999809265137,,,,,
2024-05-21,,KO,,,,,,,,,,60.65185546875,,,,,,,,,,,,
2024-05-21,,META,,,,,,,,,,,,462.5852355957031,,,,,,,,,,
2024-05-21,,MRVL,,,,,,,,,,,,,,,,,,,73.05835723876953,,,
2024-05-21,,MSTR,,,,,,165.54200744628906,,,,,,,,,,,,,,,,
2024-05-21,95.3480453491211,NVDA,,,,,,,,,,,,,,,,,,,,,,
2024-05-21,,PAM,,47.27000045776367,,,,,,,,,,,,,,,,,,,,
2024-05-21,,PEP,,,,,,,,,,,,,,,173.3486328125,,,,,,,
2024-05-21,,PFE,,,,,,,,,,,,,,,,,,,,26.770092010498047,,
2024-05-21,,PLTR,,,,,,,,,,,,,,21.239999771118164,,,,,,,,
2024-05-21,,QQQ,,,,,,,,,452.5226745605469,,,,,,,,,,,,,
2024-05-21,,SPOT,,,,,,,,304.92999267578125,,,,,,,,,,,,,,
2024-05-21,,SPY,,,,,,,523.1355590820312,,,,,,,,,,,,,,,
2024-05-21,,TSLA,,,,,186.60000610351562,,,,,,,,,,,,,,,,,
2024-05-21,,YPF,,,,,,,,,,,,,,,,,,,,,,23.530000686645508
2024-05-22,,AAPL,190.01138305664062,,,,,,,,,,,,,,,,,,,,,
2024-05-22,,AMZN,,,,183.1300048828125,,,,,,,,,,,,,,,,,,
2024-05-22,,AVGO,,,,,,,,,,,,,,,,,,,,,137.2195281982422,
2024-05-22,,BRK-B,,,,,,,,,,,,,413.989990234375,,,,,,,,,
2024-05-22,,COIN,,,,,,,,,,,,,,,,,,231.50999450683594,,,,
2024-05-22,,DIA,,,,,,,,,,,390.6670227050781,,,,,,,,,,,
2024-05-22,,GGAL,,,,,,,,,,,,,,,,31.0087833404541,,,,,,
2024-05-22,,GOOG,,,176.9481964111328,,,,,,,,,,,,,,,,,,,
2024-05-22,,HUT,,,,,,,,,,,,,,,,,9.850000381469727,,,,,
2024-05-22,,KO,,,,,,,,,,60.738624572753906,,,,,,,,,,,,
2024-05-22,,META,,,,,,,,,,,,465.7213439941406,,,,,,,,,,
2024-05-22,,MRVL,,,,,,,,,,,,,,,,,,,73.43709564208984,,,
2024-05-22,,MSTR,,,,,,164.6999969482422,,,,,,,,,,,,,,,,
2024-05-22,94.91221618652344,NVDA,,,,,,,,,,,,,,,,,,,,,,
2024-05-22,,PAM,,45.029998779296875,,,,,,,,,,,,,,,,,,,,
2024-05-22,,PEP,,,,,,,,,,,,,,,174.3155059814453,,,,,,,
2024-05-22,,PFE,,,,,,,,,,,,,,,,,,,,27.744915008544922,,
2024-05-22,,PLTR,,,,,,,,,,,,,,21.170000076293945,,,,,,,,
2024-05-22,,QQQ,,,,,,,,,452.4333190917969,,,,,,,,,,,,,
2024-05-22,,SPOT,,,,,,,,298.760009765625,,,,,,,,,,,,,,
2024-05-22,,SPY,,,,,,,521.6292724609375,,,,,,,,,,,,,,,
2024-05-22,,TSLA,,,,,180.11000061035156,,,,,,,,,,,,,,,,,
2024-05-22,,YPF,,,,,,,,,,,,,,,,,,,,,,21.770000457763672
2024-05-23,,AAPL,186.0100860595703,,,,,,,,,,,,,,,,,,,,,
2024-05-23,,AMZN,,,,181.0500030517578,,,,,,,,,,,,,,,,,,
2024-05-23,,AVGO,,,,,,,,,,,,,,,,,,,,,137.32302856445312,
2024-05-23,,BRK-B,,,,,,,,,,,,,405.8800048828125,,,,,,,,,
2024-05-23,,COIN,,,,,,,,,,,,,,,,,,218.86000061035156,,,,
2024-05-23,,DIA,,,,,,,,,,,384.7577209472656,,,,,,,,,,,
2024-05-23,,GGAL,,,,,,,,,,,,,,,,28.617094039916992,,,,,,
2024-05-23,,GOOG,,,174.0255584716797,,,,,,,,,,,,,,,,,,,
2024-05-23,,HUT,,,,,,,,,,,,,,,,,8.859999656677246,,,,,
2024-05-23,,KO,,,,,,,,,,59.86128616333008,,,,,,,,,,,,
2024-05-23,,META,,,,,,,,,,,,463.7301330566406,,,,,,,,,,
2024-05-23,,MRVL,,,,,,,,,,,,,,,,,,,74.77267456054688,,,
2024-05-23,,MSTR,,,,,,154.40699768066406,,,,,,,,,,,,,,,,
2024-05-23,103.7577133178711,NVDA,,,,,,,,,,,,,,,,,,,,,,
2024-05-23,,PAM,,44.36000061035156,,,,,,,,,,,,,,,,,,,,
2024-05-23,,PEP,,,,,,,,,,,,,,,171.61590576171875,,,,,,,
2024-05-23,,PFE,,,,,,,,,,,,,,,,,,,,26.89194679260254,,
2024-05-23,,PLTR,,,,,,,,,,,,,,20.719999313354492,,,,,,,,
2024-05-23,,QQQ,,,,,,,,,450.3980712890625,,,,,,,,,,,,,
2024-05-23,,SPOT,,,,,,,,300.510009765625,,,,,,,,,,,,,,
2024-05-23,,SPY,,,,,,,517.8191528320312,,,,,,,,,,,,,,,
2024-05-23,,TSLA,,,,,173.74000549316406,,,,,,,,,,,,,,,,,
2024-05-23,,YPF,,,,,,,,,,,,,,,,,,,,,,21.350000381469727
2024-05-24,,AAPL,189.0956573486328,,,,,,,,,,,,,,,,,,,,,
2024-05-24,,AMZN,,,,180.75,,,,,,,,,,,,,,,,,,
2024-05-24,,AVGO,,,,,,,,,,,,,,,,,,,,,138.757080078125,
2024-05-24,,BRK-B,,,,,,,,,,,,,407.4100036621094,,,,,,,,,
2024-05-24,,COIN,,,,,,,,,,,,,,,,,,237.64999389648438,,,,
2024-05-24,,DIA,,,,,,,,,,,384.73797607421875,,,,,,,,,,,
2024-05-24,,GGAL,,,,,,,,,,,,,,,,29.983774185180664,,,,,,
2024-05-24,,GOOG,,,175.28805541992188,,,,,,,,,,,,,,,,,,,
2024-05-24,,HUT,,,,,,,,,,,,,,,,,9.279999732971191,,,,,
2024-05-24,,KO,,,,,,,,,,59.77452087402344,,,,,,,,,,,,
2024-05-24,,META,,,,,,,,,,,,476.11541748046875,,,,,,,,,,
2024-05-24,,MRVL,,,,,,,,,,,,,,,,,,,76.42720794677734,,,
2024-05-24,,MSTR,,,,,,168.48399353027344,,,,,,,,,,,,,,,,
2024-05-24,106.42664337158203,NVDA,,,,,,,,,,,,,,,,,,,,,,
2024-05-24,,PAM,,45.720001220703125,,,,,,,,,,,,,,,,,,,,
2024-05-24,,PEP,,,,,,,,,,,,,,,170.39059448242188,,,,,,,
2024-05-24,,PFE,,,,,,,,,,,,,,,,,,,,27.070037841796875,,
2024-05-24,,PLTR,,,,,,,,,,,,,,21.010000228881836,,,,,,,,
2024-05-24,,QQQ,,,,,,,,,454.6571960449219,,,,,,,,,,,,,
2024-05-24,,SPOT,,,,,,,,308.1600036621094,,,,,,,,,,,,,,
2024-05-24,,SPY,,,,,,,521.2453002929688,,,,,,,,,,,,,,,
2024-05-24,,TSLA,,,,,179.24000549316406,,,,,,,,,,,,,,,,,
2024-05-24,,YPF,,,,,,,,,,,,,,,,,,,,,,21.010000228881836
2024-05-28,,AAPL,189.10562133789062,,,,,,,,,,,,,,,,,,,,,
2024-05-28,,AMZN,,,,182.14999389648438,,,,,,,,,,,,,,,,,,
2024-05-28,,AVGO,,,,,,,,,,,,,,,,,,,,,139.21142578125,
2024-05-28,,BRK-B,,,,,,,,,,,,,403.8999938964844,,,,,,,,,
2024-05-28,,COIN,,,,,,,,,,,,,,,,,,245.0,,,,
2024-05-28,,DIA,,,,,,,,,,,382.7287902832031,,,,,,,,,,,
2024-05-28,,GGAL,,,,,,,,,,,,,,,,30.537832260131836,,,,,,
2024-05-28,,GOOG,,,176.96807861328125,,,,,,,,,,,,,,,,,,,
2024-05-28,,HUT,,,,,,,,,,,,,,,,,9.199999809265137,,,,,
2024-05-28,,KO,,,,,,,,,,59.600982666015625,,,,,,,,,,,,
2024-05-28,,META,,,,,,,,,,,,477.8079528808594,,,,,,,,,,
2024-05-28,,MRVL,,,,,,,,,,,,,,,,,,,78.07176971435547,,,
2024-05-28,,MSTR,,,,,,167.53500366210938,,,,,,,,,,,,,,,,
2024-05-28,113.85568237304688,NVDA,,,,,,,,,,,,,,,,,,,,,,
2024-05-28,,PAM,,47.65999984741211,,,,,,,,,,,,,,,,,,,,
2024-05-28,,PEP,,,,,,,,,,,,,,,165.97738647460938,,,,,,,
2024-05-28,,PFE,,,,,,,,,,,,,,,,,,,,26.526386260986328,,
2024-05-28,,PLTR,,,,,,,,,,,,,,21.049999237060547,,,,,,,,
2024-05-28,,QQQ,,,,,,,,,456.374755859375,,,,,,,,,,,,,
2024-05-28,,SPOT,,,,,,,,310.2900085449219,,,,,,,,,,,,,,
2024-05-28,,SPY,,,,,,,521.6095581054688,,,,,,,,,,,,,,,
2024-05-28,,TSLA,,,,,176.75,,,,,,,,,,,,,,,,,
2024-05-28,,YPF,,,,,,,,,,,,,,,,,,,,,,22.25
2024-05-29,,AAPL,189.40420532226562,,,,,,,,,,,,,,,,,,,,,
2024-05-29,,AMZN,,,,182.02000427246094,,,,,,,,,,,,,,,,,,
2024-05-29,,AVGO,,,,,,,,,,,,,,,,,,,,,137.06480407714844,
2024-05-29,,BRK-B,,,,,,,,,,,,,404.0899963378906,,,,,,,,,
2024-05-29,,COIN,,,,,,,,,,,,,,,,,,236.64999389648438,,,,
2024-05-29,,DIA,,,,,,,,,,,378.7695617675781,,,,,,,,,,,
2024-05-29,,GGAL,,,,,,,,,,,,,,,,31.553600311279297,,,,,,
2024-05-29,,GOOG,,,176.35171508789062,,,,,,,,,,,,,,,,,,,
2024-05-29,,HUT,,,,,,,,,,,,,,,,,8.920000076293945,,,,,
2024-05-29,,KO,,,,,,,,,,59.48529052734375,,,,,,,,,,,,
2024-05-29,,META,,,,,,,,,,,,472.2723693847656,,,,,,,,,,
2024-05-29,,MRVL,,,,,,,,,,,,,,,,,,,75.5301742553711,,,
2024-05-29,,MSTR,,,,,,161.8699951171875,,,,,,,,,,,,,,,,
2024-05-29,114.77930450439453,NVDA,,,,,,,,,,,,,,,,,,,,,,
2024-05-29,,PAM,,48.529998779296875,,,,,,,,,,,,,,,,,,,,
2024-05-29,,PEP,,,,,,,,,,,,,,,163.8426055908203,,,,,,,
2024-05-29,,PFE,,,,,,,,,,,,,,,,,,,,26.07646942138672,,
2024-05-29,,PLTR,,,,,,,,,,,,,,20.940000534057617,,,,,,,,
2024-05-29,,QQQ,,,,,,,,,453.1580505371094,,,,,,,,,,,,,
2024-05-29,,SPOT,,,,,,,,307.5199890136719,,,,,,,,,,,,,,
2024-05-29,,SPY,,,,,,,517.9569702148438,,,,,,,,,,,,,,,
2024-05-29,,TSLA,,,,,176.19000244140625,,,,,,,,,,,,,,,,,
2024-05-29,,YPF,,,,,,,,,,,,,,,,,,,,,,22.459999084472656
2024-05-30,,AAPL,190.39956665039062,,,,,,,,,,,,,,,,,,,,,
2024-05-30,,AMZN,,,,179.32000732421875,,,,,,,,,,,,,,,,,,
2024-05-30,,AVGO,,,,,,,,,,,,,,,,,,,,,134.44410705566406,
2024-05-30,,BRK-B,,,,,,,,,,,,,408.6099853515625,,,,,,,,,
2024-05-30,,COIN,,,,,,,,,,,,,,,,,,234.75999450683594,,,,
2024-05-30,,DIA,,,,,,,,,,,375.71636962890625,,,,,,,,,,,
2024-05-30,,GGAL,,,,,,,,,,,,,,,,34.05609893798828,,,,,,
2024-05-30,,GOOG,,,172.534423828125,,,,,,,,,,,,,,,,,,,
2024-05-30,,HUT,,,,,,,,,,,,,,,,,8.989999771118164,,,,,
2024-05-30,,KO,,,,,,,,,,59.7455940246582,,,,,,,,,,,,
2024-05-30,,META,,,,,,,,,,,,464.9945373535156,,,,,,,,,,
2024-05-30,,MRVL,,,,,,,,,,,,,,,,,,,76.59664916992188,,,
2024-05-30,,MSTR,,,,,,154.10000610351562,,,,,,,,,,,,,,,,
2024-05-30,110.4560317993164,NVDA,,,,,,,,,,,,,,,,,,,,,,
2024-05-30,,PAM,,50.209999084472656,,,,,,,,,,,,,,,,,,,,
2024-05-30,,PEP,,,,,,,,,,,,,,,163.2012176513672,,,,,,,
2024-05-30,,PFE,,,,,,,,,,,,,,,,,,,,26.432653427124023,,
2024-05-30,,PLTR,,,,,,,,,,,,,,21.729999542236328,,,,,,,,
2024-05-30,,QQQ,,,,,,,,,448.30322265625,,,,,,,,,,,,,
2024-05-30,,SPOT,,,,,,,,304.69000244140625,,,,,,,,,,,,,,
2024-05-30,,SPY,,,,,,,514.52099609375,,,,,,,,,,,,,,,
2024-05-30,,TSLA,,,,,178.7899932861328,,,,,,,,,,,,,,,,,
2024-05-30,,YPF,,,,,,,,,,,,,,,,,,,,,,23.90999984741211
2024-05-31,,AAPL,191.3551025390625,,,,,,,,,,,,,,,,,,,,,
2024-05-31,,AMZN,,,,176.44000244140625,,,,,,,,,,,,,,,,,,
2024-05-31,,AVGO,,,,,,,,,,,,,,,,,,,,,130.94223022460938,
2024-05-31,,BRK-B,,,,,,,,,,,,,414.3999938964844,,,,,,,,,
2024-05-31,,COIN,,,,,,,,,,,,,,,,,,225.9199981689453,,,,
2024-05-31,,DIA,,,,,,,,,,,381.6749572753906,,,,,,,,,,,
2024-05-31,,GGAL,,,,,,,,,,,,,,,,33.10496520996094,,,,,,
2024-05-31,,GOOG,,,172.93206787109375,,,,,,,,,,,,,,,,,,,
2024-05-31,,HUT,,,,,,,,,,,,,,,,,8.6899995803833,,,,,
2024-05-31,,KO,,,,,,,,,,60.6711311340332,,,,,,,,,,,,
2024-05-31,,META,,,,,,,,,,,,464.7755126953125,,,,,,,,,,
2024-05-31,,MRVL,,,,,,,,,,,,,,,,,,,68.58314514160156,,,
2024-05-31,,MSTR,,,,,,152.44900512695312,,,,,,,,,,,,,,,,
2024-05-31,109.58937072753906,NVDA,,,,,,,,,,,,,,,,,,,,,,
2024-05-31,,PAM,,49.349998474121094,,,,,,,,,,,,,,,,,,,,
2024-05-31,,PEP,,,,,,,,,,,,,,,165.51788330078125,,,,,,,
2024-05-31,,PFE,,,,,,,,,,,,,,,,,,,,26.86382484436035,,
2024-05-31,,PLTR,,,,,,,,,,,,,,21.68000030517578,,,,,,,,
2024-05-31,,QQQ,,,,,,,,,447.46929931640625,,,,,,,,,,,,,
2024-05-31,,SPOT,,,,,,,,296.7799987792969,,,,,,,,,,,,,,
2024-05-31,,SPY,,,,,,,519.2073364257812,,,,,,,,,,,,,,,
2024-05-31,,TSLA,,,,,178.0800018310547,,,,,,,,,,,,,,,,,
2024-05-31,,YPF,,,,,,,,,,,,,,,,,,,,,,23.209999084472656
2024-06-03,,AAPL,193.12680053710938,,,,,,,,,,,,,,,,,,,,,
2024-06-03,,AMZN,,,,178.33999633789062,,,,,,,,,,,,,,,,,,
2024-06-03,,AVGO,,,,,,,,,,,,,,,,,,,,,130.28683471679688,
2024-06-03,,BRK-B,,,,,,,,,,,,,414.7900085449219,,,,,,,,,
2024-06-03,,COIN,,,,,,,,,,,,,,,,,,231.38999938964844,,,,
2024-06-03,,DIA,,,,,,,,,,,380.4044494628906,,,,,,,,,,,
2024-06-03,,GGAL,,,,,,,,,,,,,,,,32.874107360839844,,,,,,
2024-06-03,,GOOG,,,173.3893585205078,,,,,,,,,,,,,,,,,,,
2024-06-03,,HUT,,,,,,,,,,,,,,,,,8.960000038146973,,,,,
2024-06-03,,KO,,,,,,,,,,60.6711311340332,,,,,,,,,,,,
2024-06-03,,META,,,,,,,,,,,,475.38861083984375,,,,,,,,,,
2024-06-03,,MRVL,,,,,,,,,,,,,,,,,,,67.9851303100586,,,
2024-06-03,,MSTR,,,,,,162.74099731445312,,,,,,,,,,,,,,,,
2024-06-03,114.9542465209961,NVDA,,,,,,,,,,,,,,,,,,,,,,
2024-06-03,,PAM,,47.45000076293945,,,,,,,,,,,,,,,,,,,,
2024-06-03,,PEP,,,,,,,,,,,,,,,163.91921997070312,,,,,,,
2024-06-03,,PFE,,,,,,,,,,,,,,,,,,,,27.473087310791016,,
2024-06-03,,PLTR,,,,,,,,,,,,,,21.31999969482422,,,,,,,,
2024-06-03,,QQQ,,,,,,,,,449.87188720703125,,,,,,,,,,,,,
2024-06-03,,SPOT,,,,,,,,313.6199951171875,,,,,,,,,,,,,,
2024-06-03,,SPY,,,,,,,519.6306762695312,,,,,,,,,,,,,,,
2024-06-03,,TSLA,,,,,176.2899932861328,,,,,,,,,,,,,,,,,
2024-06-03,,YPF,,,,,,,,,,,,,,,,,,,,,,22.100000381469727
2024-06-04,,AAPL,193.44532775878906,,,,,,,,,,,,,,,,,,,,,
2024-06-04,,AMZN,,,,179.33999633789062,,,,,,,,,,,,,,,,,,
2024-06-04,,AVGO,,,,,,,,,,,,,,,,,,,,,131.16595458984375,
2024-06-04,,BRK-B,,,,,,,,,,,,,409.5299987792969,,,,,,,,,
2024-06-04,,COIN,,,,,,,,,,,,,,,,,,244.1999969482422,,,,
2024-06-04,,DIA,,,,,,,,,,,381.6552734375,,,,,,,,,,,
2024-06-04,,GGAL,,,,,,,,,,,,,,,,30.694814682006836,,,,,,
2024-06-04,,GOOG,,,174.0951690673828,,,,,,,,,,,,,,,,,,,
2024-06-04,,HUT,,,,,,,,,,,,,,,,,9.5600004196167,,,,,
2024-06-04,,KO,,,,,,,,,,61.64487838745117,,,,,,,,,,,,
2024-06-04,,META,,,,,,,,,,,,474.89080810546875,,,,,,,,,,
2024-06-04,,MRVL,,,,,,,,,,,,,,,,,,,66.1611557006836,,,
2024-06-04,,MSTR,,,,,,163.8769989013672,,,,,,,,,,,,,,,,
2024-06-04,116.39067077636719,NVDA,,,,,,,,,,,,,,,,,,,,,,
2024-06-04,,PAM,,44.189998626708984,,,,,,,,,,,,,,,,,,,,
2024-06-04,,PEP,,,,,,,,,,,,,,,166.46563720703125,,,,,,,
2024-06-04,,PFE,,,,,,,,,,,,,,,,,,,,27.64180564880371,,
2024-06-04,,PLTR,,,,,,,,,,,,,,22.100000381469727,,,,,,,,
2024-06-04,,QQQ,,,,,,,,,451.1029052734375,,,,,,,,,,,,,
2024-06-04,,SPOT,,,,,,,,326.67999267578125,,,,,,,,,,,,,,
2024-06-04,,SPY,,,,,,,520.2115478515625,,,,,,,,,,,,,,,
2024-06-04,,TSLA,,,,,174.77000427246094,,,,,,,,,,,,,,,,,
2024-06-04,,YPF,,,,,,,,,,,,,,,,,,,,,,20.280000686645508
2024-06-05,,AAPL,194.95823669433594,,,,,,,,,,,,,,,,,,,,,
2024-06-05,,AMZN,,,,181.27999877929688,,,,,,,,,,,,,,,,,,
2024-06-05,,AVGO,,,,,,,,,,,,,,,,,,,,,139.27452087402344,
2024-06-05,,BRK-B,,,,,,,,,,,,,409.8500061035156,,,,,,,,,
2024-06-05,,COIN,,,,,,,,,,,,,,,,,,251.39999389648438,,,,
2024-06-05,,DIA,,,,,,,,,,,382.6598815917969,,,,,,,,,,,
2024-06-05,,GGAL,,,,,,,,,,,,,,,,30.70404815673828,,,,,,
2024-06-05,,GOOG,,,176.02371215820312,,,,,,,,,,,,,,,,,,,
2024-06-05,,HUT,,,,,,,,,,,,,,,,,10.039999961853027,,,,,
2024-06-05,,KO,,,,,,,,,,61.6255989074707,,,,,,,,,,,,
2024-06-05,,META,,,,,,,,,,,,492.88128662109375,,,,,,,,,,
2024-06-05,,MRVL,,,,,,,,,,,,,,,,,,,69.56988525390625,,,
2024-06-05,,MSTR,,,,,,169.468994140625,,,,,,,,,,,,,,,,
2024-06-05,122.39128112792969,NVDA,,,,,,,,,,,,,,,,,,,,,,
2024-06-05,,PAM,,44.369998931884766,,,,,,,,,,,,,,,,,,,,
2024-06-05,,PEP,,,,,,,,,,,,,,,166.0827178955078,,,,,,,
2024-06-05,,PFE,,,,,,,,,,,,,,,,,,,,27.69804573059082,,
2024-06-05,,PLTR,,,,,,,,,,,,,,22.959999084472656,,,,,,,,
2024-06-05,,QQQ,,,,,,,,,460.1971130371094,,,,,,,,,,,,,
2024-06-05,,SPOT,,,,,,,,324.75,,,,,,,,,,,,,,
2024-06-05,,SPY,,,,,,,526.3943481445312,,,,,,,,,,,,,,,
2024-06-05,,TSLA,,,,,175.0,,,,,,,,,,,,,,,,,
2024-06-05,,YPF,,,,,,,,,,,,,,,,,,,,,,20.809999465942383
2024-06-06,,AAPL,193.57469177246094,,,,,,,,,,,,,,,,,,,,,
2024-06-06,,AMZN,,,,185.0,,,,,,,,,,,,,,,,,,
2024-06-06,,AVGO,,,,,,,,,,,,,,,,,,,,,138.10951232910156,
2024-06-06,,BRK-B,,,,,,,,,,,,,411.0799865722656,,,,,,,,,
2024-06-06,,COIN,,,,,,,,,,,,,,,,,,257.0799865722656,,,,
2024-06-06,,DIA,,,,,,,,,,,383.44781494140625,,,,,,,,,,,
2024-06-06,,GGAL,,,,,,,,,,,,,,,,29.097280502319336,,,,,,
2024-06-06,,GOOG,,,177.29612731933594,,,,,,,,,,,,,,,,,,,
2024-06-06,,HUT,,,,,,,,,,,,,,,,,10.470000267028809,,,,,
2024-06-06,,KO,,,,,,,,,,61.847347259521484,,,,,,,,,,,,
2024-06-06,,META,,,,,,,,,,,,491.5870361328125,,,,,,,,,,
2024-06-06,,MRVL,,,,,,,,,,,,,,,,,,,67.87548828125,,,
2024-06-06,,MSTR,,,,,,165.66299438476562,,,,,,,,,,,,,,,,
2024-06-06,120.9498519897461,NVDA,,,,,,,,,,,,,,,,,,,,,,
2024-06-06,,PAM,,43.720001220703125,,,,,,,,,,,,,,,,,,,,
2024-06-06,,PEP,,,,,,,,,,,,,,,165.80508422851562,,,,,,,
2024-06-06,,PFE,,,,,,,,,,,,,,,,,,,,26.99504852294922,,
2024-06-06,,PLTR,,,,,,,,,,,,,,23.790000915527344,,,,,,,,
2024-06-06,,QQQ,,,,,,,,,460.0382385253906,,,,,,,,,,,,,
2024-06-06,,SPOT,,,,,,,,319.510009765625,,,,,,,,,,,,,,
2024-06-06,,SPY,,,,,,,526.3843994140625,,,,,,,,,,,,,,,
2024-06-06,,TSLA,,,,,177.94000244140625,,,,,,,,,,,,,,,,,
2024-06-06,,YPF,,,,,,,,,,,,,,,,,,,,,,20.100000381469727
2024-06-07,,AAPL,195.97349548339844,,,,,,,,,,,,,,,,,,,,,
2024-06-07,,AMZN,,,,184.3000030517578,,,,,,,,,,,,,,,,,,
2024-06-07,,AVGO,,,,,,,,,,,,,,,,,,,,,138.63880920410156,
2024-06-07,,BRK-B,,,,,,,,,,,,,413.7200012207031,,,,,,,,,
2024-06-07,,COIN,,,,,,,,,,,,,,,,,,244.16000366210938,,,,
2024-06-07,,DIA,,,,,,,,,,,382.6204833984375,,,,,,,,,,,
2024-06-07,,GGAL,,,,,,,,,,,,,,,,29.245027542114258,,,,,,
2024-06-07,,GOOG,,,174.91029357910156,,,,,,,,,,,,,,,,,,,
2024-06-07,,HUT,,,,,,,,,,,,,,,,,9.680000305175781,,,,,
2024-06-07,,KO,,,,,,,,,,61.61595916748047,,,,,,,,,,,,
2024-06-07,,META,,,,,,,,,,,,490.79052734375,,,,,,,,,,
2024-06-07,,MRVL,,,,,,,,,,,,,,,,,,,67.7658462524414,,,
2024-06-07,,MSTR,,,,,,159.6199951171875,,,,,,,,,,,,,,,,
2024-06-07,120.83989715576172,NVDA,,,,,,,,,,,,,,,,,,,,,,
2024-06-07,,PAM,,43.45000076293945,,,,,,,,,,,,,,,,,,,,
2024-06-07,,PEP,,,,,,,,,,,,,,,165.0283660888672,,,,,,,
2024-06-07,,PFE,,,,,,,,,,,,,,,,,,,,26.788837432861328,,
2024-06-07,,PLTR,,,,,,,,,,,,,,23.309999465942383,,,,,,,,
2024-06-07,,QQQ,,,,,,,,,459.63116455078125,,,,,,,,,,,,,
2024-06-07,,SPOT,,,,,,,,308.2099914550781,,,,,,,,,,,,,,
2024-06-07,,SPY,,,,,,,525.74462890625,,,,,,,,,,,,,,,
2024-06-07,,TSLA,,,,,177.47999572753906,,,,,,,,,,,,,,,,,
2024-06-07,,YPF,,,,,,,,,,,,,,,,,,,,,,20.020000457763672
2024-06-10,,AAPL,192.2210235595703,,,,,,,,,,,,,,,,,,,,,
2024-06-10,,AMZN,,,,187.05999755859375,,,,,,,,,,,,,,,,,,
2024-06-10,,AVGO,,,,,,,,,,,,,,,,,,,,,141.9730987548828,
2024-06-10,,BRK-B,,,,,,,,,,,,,410.80999755859375,,,,,,,,,
2024-06-10,,COIN,,,,,,,,,,,,,,,,,,249.80999755859375,,,,
2024-06-10,,DIA,,,,,,,,,,,383.4084777832031,,,,,,,,,,,
2024-06-10,,GGAL,,,,,,,,,,,,,,,,30.81072998046875,,,,,,
2024-06-10,,GOOG,,,175.7860870361328,,,,,,,,,,,,,,,,,,,
2024-06-10,,HUT,,,,,,,,,,,,,,,,,9.850000381469727,,,,,
2024-06-10,,KO,,,,,,,,,,61.30744552612305,,,,,,,,,,,,
2024-06-10,,META,,,,,,,,,,,,500.38812255859375,,,,,,,,,,
2024-06-10,,MRVL,,,,,,,,,,,,,,,,,,,69.24097442626953,,,
2024-06-10,,MSTR,,,,,,159.99200439453125,,,,,,,,,,,,,,,,
2024-06-10,121.74153900146484,NVDA,,,,,,,,,,,,,,,,,,,,,,
2024-06-10,,PAM,,46.16999816894531,,,,,,,,,,,,,,,,,,,,
2024-06-10,,PEP,,,,,,,,,,,,,,,160.0690460205078,,,,,,,
2024-06-10,,PFE,,,,,,,,,,,,,,,,,,,,26.310800552368164,,
2024-06-10,,PLTR,,,,,,,,,,,,,,23.1299991607666,,,,,,,,
2024-06-10,,QQQ,,,,,,,,,461.4876708984375,,,,,,,,,,,,,
2024-06-10,,SPOT,,,,,,,,309.0,,,,,,,,,,,,,,
2024-06-10,,SPY,,,,,,,527.3690185546875,,,,,,,,,,,,,,,
2024-06-10,,TSLA,,,,,173.7899932861328,,,,,,,,,,,,,,,,,
2024-06-10,,YPF,,,,,,,,,,,,,,,,,,,,,,20.829999923706055
2024-06-11,,AAPL,206.1857147216797,,,,,,,,,,,,,,,,,,,,,
2024-06-11,,AMZN,,,,187.22999572753906,,,,,,,,,,,,,,,,,,
2024-06-11,,AVGO,,,,,,,,,,,,,,,,,,,,,143.99951171875,
2024-06-11,,BRK-B,,,,,,,,,,,,,408.5,,,,,,,,,
2024-06-11,,COIN,,,,,,,,,,,,,,,,,,244.1999969482422,,,,
2024-06-11,,DIA,,,,,,,,,,,382.10833740234375,,,,,,,,,,,
2024-06-11,,GGAL,,,,,,,,,,,,,,,,29.95332145690918,,,,,,
2024-06-11,,GOOG,,,177.33863830566406,,,,,,,,,,,,,,,,,,,
2024-06-11,,HUT,,,,,,,,,,,,,,,,,9.930000305175781,,,,,
2024-06-11,,KO,,,,,,,,,,61.26887893676758,,,,,,,,,,,,
2024-06-11,,META,,,,,,,,,,,,505.2366638183594,,,,,,,,,,
2024-06-11,,MRVL,,,,,,,,,,,,,,,,,,,70.16790771484375,,,
2024-06-11,,MSTR,,,,,,155.5489959716797,,,,,,,,,,,,,,,,
2024-06-11,120.87181854248047,NVDA,,,,,,,,,,,,,,,,,,,,,,
2024-06-11,,PAM,,44.63999938964844,,,,,,,,,,,,,,,,,,,,
2024-06-11,,PEP,,,,,,,,,,,,,,,159.26821899414062,,,,,,,
2024-06-11,,PFE,,,,,,,,,,,,,,,,,,,,26.27330780029297,,
2024-06-11,,PLTR,,,,,,,,,,,,,,23.850000381469727,,,,,,,,
2024-06-11,,QQQ,,,,,,,,,464.65478515625,,,,,,,,,,,,,
2024-06-11,,SPOT,,,,,,,,310.0,,,,,,,,,,,,,,
2024-06-11,,SPY,,,,,,,528.6390380859375,,,,,,,,,,,,,,,
2024-06-11,,TSLA,,,,,170.66000366210938,,,,,,,,,,,,,,,,,
2024-06-11,,YPF,,,,,,,,,,,,,,,,,,,,,,20.270000457763672
2024-06-12,,AAPL,212.0782012939453,,,,,,,,,,,,,,,,,,,,,
2024-06-12,,AMZN,,,,186.88999938964844,,,,,,,,,,,,,,,,,,
2024-06-12,,AVGO,,,,,,,,,,,,,,,,,,,,,147.39784240722656,
2024-06-12,,BRK-B,,,,,,,,,,,,,408.7699890136719,,,,,,,,,
2024-06-12,,COIN,,,,,,,,,,,,,,,,,,254.9600067138672,,,,
2024-06-12,,DIA,,,,,,,,,,,381.8326110839844,,,,,,,,,,,
2024-06-12,,GGAL,,,,,,,,,,,,,,,,31.630855560302734,,,,,,
2024-06-12,,GOOG,,,178.7021026611328,,,,,,,,,,,,,,,,,,,
2024-06-12,,HUT,,,,,,,,,,,,,,,,,10.930000305175781,,,,,
2024-06-12,,KO,,,,,,,,,,60.62293243408203,,,,,,,,,,,,
2024-06-12,,META,,,,,,,,,,,,506.60064697265625,,,,,,,,,,
2024-06-12,,MRVL,,,,,,,,,,,,,,,,,,,73.11814880371094,,,
2024-06-12,,MSTR,,,,,,160.36700439453125,,,,,,,,,,,,,,,,
2024-06-12,125.16046142578125,NVDA,,,,,,,,,,,,,,,,,,,,,,
2024-06-12,,PAM,,45.209999084472656,,,,,,,,,,,,,,,,,,,,
2024-06-12,,PEP,,,,,,,,,,,,,,,158.07179260253906,,,,,,,
2024-06-12,,PFE,,,,,,,,,,,,,,,,,,,,25.926496505737305,,
2024-06-12,,PLTR,,,,,,,,,,,,,,23.770000457763672,,,,,,,,
2024-06-12,,QQQ,,,,,,,,,470.74072265625,,,,,,,,,,,,,
2024-06-12,,SPOT,,,,,,,,315.489990234375,,,,,,,,,,,,,,
2024-06-12,,SPY,,,,,,,532.9807739257812,,,,,,,,,,,,,,,
2024-06-12,,TSLA,,,,,177.2899932861328,,,,,,,,,,,,,,,,,
2024-06-12,,YPF,,,,,,,,,,,,,,,,,,,,,,20.670000076293945
2024-06-13,,AAPL,213.24273681640625,,,,,,,,,,,,,,,,,,,,,
2024-06-13,,AMZN,,,,183.8300018310547,,,,,,,,,,,,,,,,,,
2024-06-13,,AVGO,,,,,,,,,,,,,,,,,,,,,165.48170471191406,
2024-06-13,,BRK-B,,,,,,,,,,,,,405.9200134277344,,,,,,,,,
2024-06-13,,COIN,,,,,,,,,,,,,,,,,,247.63999938964844,,,,
2024-06-13,,DIA,,,,,,,,,,,381.0347900390625,,,,,,,,,,,
2024-06-13,,GGAL,,,,,,,,,,,,,,,,32.80513381958008,,,,,,
2024-06-13,,GOOG,,,175.89556884765625,,,,,,,,,,,,,,,,,,,
2024-06-13,,HUT,,,,,,,,,,,,,,,,,11.510000228881836,,,,,
2024-06-13,,KO,,,,,,,,,,60.72898483276367,,,,,,,,,,,,
2024-06-13,,META,,,,,,,,,,,,501.88153076171875,,,,,,,,,,
2024-06-13,,MRVL,,,,,,,,,,,,,,,,,,,72.62977600097656,,,
2024-06-13,,MSTR,,,,,,148.38800048828125,,,,,,,,,,,,,,,,
2024-06-13,129.56907653808594,NVDA,,,,,,,,,,,,,,,,,,,,,,
2024-06-13,,PAM,,47.11000061035156,,,,,,,,,,,,,,,,,,,,
2024-06-13,,PEP,,,,,,,,,,,,,,,157.58937072753906,,,,,,,
2024-06-13,,PFE,,,,,,,,,,,,,,,,,,,,25.91712188720703,,
2024-06-13,,PLTR,,,,,,,,,,,,,,23.270000457763672,,,,,,,,
2024-06-13,,QQQ,,,,,,,,,473.2922668457031,,,,,,,,,,,,,
2024-06-13,,SPOT,,,,,,,,306.010009765625,,,,,,,,,,,,,,
2024-06-13,,SPY,,,,,,,534.0538940429688,,,,,,,,,,,,,,,
2024-06-13,,TSLA,,,,,182.47000122070312,,,,,,,,,,,,,,,,,
2024-06-13,,YPF,,,,,,,,,,,,,,,,,,,,,,21.170000076293945
2024-06-14,,AAPL,211.50086975097656,,,,,,,,,,,,,,,,,,,,,
2024-06-14,,AMZN,,,,183.66000366210938,,,,,,,,,,,,,,,,,,
2024-06-14,,AVGO,,,,,,,,,,,,,,,,,,,,,171.00599670410156,
2024-06-14,,BRK-B,,,,,,,,,,,,,405.5400085449219,,,,,,,,,
2024-06-14,,COIN,,,,,,,,,,,,,,,,,,244.5,,,,
2024-06-14,,DIA,,,,,,,,,,,380.62109375,,,,,,,,,,,
2024-06-14,,GGAL,,,,,,,,,,,,,,,,32.42302703857422,,,,,,
2024-06-14,,GOOG,,,177.5177764892578,,,,,,,,,,,,,,,,,,,
2024-06-14,,HUT,,,,,,,,,,,,,,,,,11.279999732971191,,,,,
2024-06-14,,KO,,,,,,,,,,60.772701263427734,,,,,,,,,,,,
2024-06-14,,META,,,,,,,,,,,,502.43963623046875,,,,,,,,,,
2024-06-14,,MRVL,,,,,,,,,,,,,,,,,,,73.0284423828125,,,
2024-06-14,,MSTR,,,,,,149.5540008544922,,,,,,,,,,,,,,,,
2024-06-14,131.83836364746094,NVDA,,,,,,,,,,,,,,,,,,,,,,
2024-06-14,,PAM,,47.279998779296875,,,,,,,,,,,,,,,,,,,,
2024-06-14,,PEP,,,,,,,,,,,,,,,158.05250549316406,,,,,,,
2024-06-14,,PFE,,,,,,,,,,,,,,,,,,,,25.804643630981445,,
2024-06-14,,PLTR,,,,,,,,,,,,,,23.56999969482422,,,,,,,,
2024-06-14,,QQQ,,,,,,,,,475.7445068359375,,,,,,,,,,,,,
2024-06-14,,SPOT,,,,,,,,313.0199890136719,,,,,,,,,,,,,,
2024-06-14,,SPY,,,,,,,534.3788452148438,,,,,,,,,,,,,,,
2024-06-14,,TSLA,,,,,178.00999450683594,,,,,,,,,,,,,,,,,
2024-06-14,,YPF,,,,,,,,,,,,,,,,,,,,,,20.8799991607666
2024-06-17,,AAPL,215.66140747070312,,,,,,,,,,,,,,,,,,,,,
2024-06-17,,AMZN,,,,184.05999755859375,,,,,,,,,,,,,,,,,,
2024-06-17,,AVGO,,,,,,,,,,,,,,,,,,,,,180.25389099121094,
2024-06-17,,BRK-B,,,,,,,,,,,,,407.32000732421875,,,,,,,,,
2024-06-17,,COIN,,,,,,,,,,,,,,,,,,245.10000610351562,,,,
2024-06-17,,DIA,,,,,,,,,,,382.7090759277344,,,,,,,,,,,
2024-06-17,,GGAL,,,,,,,,,,,,,,,,31.752012252807617,,,,,,
2024-06-17,,GOOG,,,177.92581176757812,,,,,,,,,,,,,,,,,,,
2024-06-17,,HUT,,,,,,,,,,,,,,,,,12.239999771118164,,,,,
2024-06-17,,KO,,,,,,,,,,60.84071350097656,,,,,,,,,,,,
2024-06-17,,META,,,,,,,,,,,,504.90118408203125,,,,,,,,,,
2024-06-17,,MRVL,,,,,,,,,,,,,,,,,,,71.58322143554688,,,
2024-06-17,,MSTR,,,,,,150.7259979248047,,,,,,,,,,,,,,,,
2024-06-17,130.9386444091797,NVDA,,,,,,,,,,,,,,,,,,,,,,
2024-06-17,,PAM,,45.150001525878906,,,,,,,,,,,,,,,,,,,,
2024-06-17,,PEP,,,,,,,,,,,,,,,160.3006134033203,,,,,,,
2024-06-17,,PFE,,,,,,,,,,,,,,,,,,,,25.289113998413086,,
2024-06-17,,PLTR,,,,,,,,,,,,,,25.020000457763672,,,,,,,,
2024-06-17,,QQQ,,,,,,,,,481.572265625,,,,,,,,,,,,,
2024-06-17,,SPOT,,,,,,,,311.2200012207031,,,,,,,,,,,,,,
2024-06-17,,SPY,,,,,,,538.6318969726562,,,,,,,,,,,,,,,
2024-06-17,,TSLA,,,,,187.44000244140625,,,,,,,,,,,,,,,,,
2024-06-17,,YPF,,,,,,,,,,,,,,,,,,,,,,20.440000534057617
2024-06-18,,AAPL,213.29248046875,,,,,,,,,,,,,,,,,,,,,
2024-06-18,,AMZN,,,,182.80999755859375,,,,,,,,,,,,,,,,,,
2024-06-18,,AVGO,,,,,,,,,,,,,,,,,,,,,177.65684509277344,
2024-06-18,,BRK-B,,,,,,,,,,,,,407.95001220703125,,,,,,,,,
2024-06-18,,COIN,,,,,,,,,,,,,,,,,,235.9499969482422,,,,
2024-06-18,,DIA,,,,,,,,,,,383.2607116699219,,,,,,,,,,,
2024-06-18,,GGAL,,,,,,,,,,,,,,,,32.460304260253906,,,,,,
2024-06-18,,GOOG,,,175.60696411132812,,,,,,,,,,,,,,,,,,,
2024-06-18,,HUT,,,,,,,,,,,,,,,,,11.960000038146973,,,,,
2024-06-18,,KO,,,,,,,,,,60.85042953491211,,,,,,,,,,,,
2024-06-18,,META,,,,,,,,,,,,497.7855529785156,,,,,,,,,,
2024-06-18,,MRVL,,,,,,,,,,,,,,,,,,,72.89887237548828,,,
2024-06-18,,MSTR,,,,,,146.9429931640625,,,,,,,,,,,,,,,,
2024-06-18,135.5371856689453,NVDA,,,,,,,,,,,,,,,,,,,,,,
2024-06-18,,PAM,,45.59000015258789,,,,,,,,,,,,,,,,,,,,
2024-06-18,,PEP,,,,,,,,,,,,,,,160.62864685058594,,,,,,,
2024-06-18,,PFE,,,,,,,,,,,,,,,,,,,,25.692163467407227,,
2024-06-18,,PLTR,,,,,,,,,,,,,,25.81999969482422,,,,,,,,
2024-06-18,,QQQ,,,,,,,,,481.7212219238281,,,,,,,,,,,,,
2024-06-18,,SPOT,,,,,,,,309.8999938964844,,,,,,,,,,,,,,
2024-06-18,,SPY,,,,,,,540.0004272460938,,,,,,,,,,,,,,,
2024-06-18,,TSLA,,,,,184.86000061035156,,,,,,,,,,,,,,,,,
2024-06-18,,YPF,,,,,,,,,,,,,,,,,,,,,,21.010000228881836
2024-06-20,,AAPL,208.70394897460938,,,,,,,,,,,,,,,,,,,,,
2024-06-20,,AMZN,,,,186.10000610351562,,,,,,,,,,,,,,,,,,
2024-06-20,,AVGO,,,,,,,,,,,,,,,,,,,,,170.95867919921875,
2024-06-20,,BRK-B,,,,,,,,,,,,,409.1499938964844,,,,,,,,,
2024-06-20,,COIN,,,,,,,,,,,,,,,,,,235.02999877929688,,,,
2024-06-20,,DIA,,,,,,,,,,,386.14642333984375,,,,,,,,,,,
2024-06-20,,GGAL,,,,,,,,,,,,,,,,30.754810333251953,,,,,,
2024-06-20,,GOOG,,,176.86093139648438,,,,,,,,,,,,,,,,,,,
2024-06-20,,HUT,,,,,,,,,,,,,,,,,13.010000228881836,,,,,
2024-06-20,,KO,,,,,,,,,,60.41321563720703,,,,,,,,,,,,
2024-06-20,,META,,,,,,,,,,,,499.9880065917969,,,,,,,,,,
2024-06-20,,MRVL,,,,,,,,,,,,,,,,,,,72.99854278564453,,,
2024-06-20,,MSTR,,,,,,146.5399932861328,,,,,,,,,,,,,,,,
2024-06-20,130.73870849609375,NVDA,,,,,,,,,,,,,,,,,,,,,,
2024-06-20,,PAM,,43.630001068115234,,,,,,,,,,,,,,,,,,,,
2024-06-20,,PEP,,,,,,,,,,,,,,,160.82162475585938,,,,,,,
2024-06-20,,PFE,,,,,,,,,,,,,,,,,,,,26.001482009887695,,
2024-06-20,,PLTR,,,,,,,,,,,,,,25.559999465942383,,,,,,,,
2024-06-20,,QQQ,,,,,,,,,478.00811767578125,,,,,,,,,,,,,
2024-06-20,,SPOT,,,,,,,,313.8900146484375,,,,,,,,,,,,,,
2024-06-20,,SPY,,,,,,,538.5335083007812,,,,,,,,,,,,,,,
2024-06-20,,TSLA,,,,,181.57000732421875,,,,,,,,,,,,,,,,,
2024-06-20,,YPF,,,,,,,,,,,,,,,,,,,,,,20.760000228881836
2024-06-21,,AAPL,206.524169921875,,,,,,,,,,,,,,,,,,,,,
2024-06-21,,AMZN,,,,189.0800018310547,,,,,,,,,,,,,,,,,,
2024-06-21,,AVGO,,,,,,,,,,,,,,,,,,,,,163.4750213623047,
2024-06-21,,BRK-B,,,,,,,,,,,,,409.6199951171875,,,,,,,,,
2024-06-21,,COIN,,,,,,,,,,,,,,,,,,225.86000061035156,,,,
2024-06-21,,DIA,,,,,,,,,,,386.28857421875,,,,,,,,,,,
2024-06-21,,GGAL,,,,,,,,,,,,,,,,30.52629280090332,,,,,,
2024-06-21,,GOOG,,,179.39874267578125,,,,,,,,,,,,,,,,,,,
2024-06-21,,HUT,,,,,,,,,,,,,,,,,12.350000381469727,,,,,
2024-06-21,,KO,,,,,,,,,,60.986454010009766,,,,,,,,,,,,
2024-06-21,,META,,,,,,,,,,,,493.09161376953125,,,,,,,,,,
2024-06-21,,MRVL,,,,,,,,,,,,,,,,,,,71.65299987792969,,,
2024-06-21,,MSTR,,,,,,148.37600708007812,,,,,,,,,,,,,,,,
2024-06-21,126.53002166748047,NVDA,,,,,,,,,,,,,,,,,,,,,,
2024-06-21,,PAM,,43.970001220703125,,,,,,,,,,,,,,,,,,,,
2024-06-21,,PEP,,,,,,,,,,,,,,,161.40052795410156,,,,,,,
2024-06-21,,PFE,,,,,,,,,,,,,,,,,,,,26.001482009887695,,
2024-06-21,,PLTR,,,,,,,,,,,,,,23.84000015258789,,,,,,,,
2024-06-21,,QQQ,,,,,,,,,476.7273864746094,,,,,,,,,,,,,
2024-06-21,,SPOT,,,,,,,,317.739990234375,,,,,,,,,,,,,,
2024-06-21,,SPY,,,,,,,537.8114624023438,,,,,,,,,,,,,,,
2024-06-21,,TSLA,,,,,183.00999450683594,,,,,,,,,,,,,,,,,
2024-06-21,,YPF,,,,,,,,,,,,,,,,,,,,,,20.299999237060547
2024-06-24,,AAPL,207.17111206054688,,,,,,,,,,,,,,,,,,,,,
2024-06-24,,AMZN,,,,185.57000732421875,,,,,,,,,,,,,,,,,,
2024-06-24,,AVGO,,,,,,,,,,,,,,,,,,,,,157.42694091796875,
2024-06-24,,BRK-B,,,,,,,,,,,,,413.9800109863281,,,,,,,,,
2024-06-24,,COIN,,,,,,,,,,,,,,,,,,212.30999755859375,,,,
2024-06-24,,DIA,,,,,,,,,,,388.89453125,,,,,,,,,,,
2024-06-24,,GGAL,,,,,,,,,,,,,,,,30.659595489501953,,,,,,
2024-06-24,,GOOG,,,179.9262237548828,,,,,,,,,,,,,,,,,,,
2024-06-24,,HUT,,,,,,,,,,,,,,,,,12.529999732971191,,,,,
2024-06-24,,KO,,,,,,,,,,62.1523551940918,,,,,,,,,,,,
2024-06-24,,META,,,,,,,,,,,,497.20751953125,,,,,,,,,,
2024-06-24,,MRVL,,,,,,,,,,,,,,,,,,,67.54657745361328,,,
2024-06-24,,MSTR,,,,,,137.21499633789062,,,,,,,,,,,,,,,,
2024-06-24,118.07269287109375,NVDA,,,,,,,,,,,,,,,,,,,,,,
2024-06-24,,PAM,,44.40999984741211,,,,,,,,,,,,,,,,,,,,
2024-06-24,,PEP,,,,,,,,,,,,,,,162.1724090576172,,,,,,,
2024-06-24,,PFE,,,,,,,,,,,,,,,,,,,,26.58262825012207,,
2024-06-24,,PLTR,,,,,,,,,,,,,,24.15999984741211,,,,,,,,
2024-06-24,,QQQ,,,,,,,,,471.29998779296875,,,,,,,,,,,,,
2024-06-24,,SPOT,,,,,,,,314.989990234375,,,,,,,,,,,,,,
2024-06-24,,SPY,,,,,,,536.063232421875,,,,,,,,,,,,,,,
2024-06-24,,TSLA,,,,,182.5800018310547,,,,,,,,,,,,,,,,,
2024-06-24,,YPF,,,,,,,,,,,,,,,,,,,,,,20.770000457763672
2024-06-25,,AAPL,208.0968017578125,,,,,,,,,,,,,,,,,,,,,
2024-06-25,,AMZN,,,,186.33999633789062,,,,,,,,,,,,,,,,,,
2024-06-25,,AVGO,,,,,,,,,,,,,,,,,,,,,156.29779052734375,
2024-06-25,,BRK-B,,,,,,,,,,,,,410.9700012207031,,,,,,,,,
2024-06-25,,COIN,,,,,,,,,,,,,,,,,,221.7100067138672,,,,
2024-06-25,,DIA,,,,,,,,,,,385.9726867675781,,,,,,,,,,,
2024-06-25,,GGAL,,,,,,,,,,,,,,,,31.078542709350586,,,,,,
2024-06-25,,GOOG,,,184.69334411621094,,,,,,,,,,,,,,,,,,,
2024-06-25,,HUT,,,,,,,,,,,,,,,,,14.619999885559082,,,,,
2024-06-25,,KO,,,,,,,,,,62.02605056762695,,,,,,,,,,,,
2024-06-25,,META,,,,,,,,,,,,508.85760498046875,,,,,,,,,,
2024-06-25,,MRVL,,,,,,,,,,,,,,,,,,,68.03496551513672,,,
2024-06-25,,MSTR,,,,,,149.57400512695312,,,,,,,,,,,,,,,,
2024-06-25,126.05017852783203,NVDA,,,,,,,,,,,,,,,,,,,,,,
2024-06-25,,PAM,,44.38999938964844,,,,,,,,,,,,,,,,,,,,
2024-06-25,,PEP,,,,,,,,,,,,,,,161.4680938720703,,,,,,,
2024-06-25,,PFE,,,,,,,,,,,,,,,,,,,,26.235815048217773,,
2024-06-25,,PLTR,,,,,,,,,,,,,,24.559999465942383,,,,,,,,
2024-06-25,,QQQ,,,,,,,,,476.6895751953125,,,,,,,,,,,,,
2024-06-25,,SPOT,,,,,,,,321.2799987792969,,,,,,,,,,,,,,
2024-06-25,,SPY,,,,,,,538.1275634765625,,,,,,,,,,,,,,,
2024-06-25,,TSLA,,,,,187.35000610351562,,,,,,,,,,,,,,,,,
2024-06-25,,YPF,,,,,,,,,,,,,,,,,,,,,,20.81999969482422
2024-06-26,,AAPL,212.25733947753906,,,,,,,,,,,,,,,,,,,,,
2024-06-26,,AMZN,,,,193.61000061035156,,,,,,,,,,,,,,,,,,
2024-06-26,,AVGO,,,,,,,,,,,,,,,,,,,,,157.40615844726562,
2024-06-26,,BRK-B,,,,,,,,,,,,,410.260009765625,,,,,,,,,
2024-06-26,,COIN,,,,,,,,,,,,,,,,,,214.5800018310547,,,,
2024-06-26,,DIA,,,,,,,,,,,386.1898498535156,,,,,,,,,,,
2024-06-26,,GGAL,,,,,,,,,,,,,,,,29.393220901489258,,,,,,
2024-06-26,,GOOG,,,184.4843292236328,,,,,,,,,,,,,,,,,,,
2024-06-26,,HUT,,,,,,,,,,,,,,,,,15.319999694824219,,,,,
2024-06-26,,KO,,,,,,,,,,62.23008346557617,,,,,,,,,,,,
2024-06-26,,META,,,,,,,,,,,,511.3690185546875,,,,,,,,,,
2024-06-26,,MRVL,,,,,,,,,,,,,,,,,,,68.04493713378906,,,
2024-06-26,,MSTR,,,,,,145.7729949951172,,,,,,,,,,,,,,,,
2024-06-26,126.3600845336914,NVDA,,,,,,,,,,,,,,,,,,,,,,
2024-06-26,,PAM,,43.72999954223633,,,,,,,,,,,,,,,,,,,,
2024-06-26,,PEP,,,,,,,,,,,,,,,160.8795166015625,,,,,,,
2024-06-26,,PFE,,,,,,,,,,,,,,,,,,,,25.7015380859375,,
2024-06-26,,PLTR,,,,,,,,,,,,,,24.100000381469727,,,,,,,,
2024-06-26,,QQQ,,,,,,,,,477.6740417480469,,,,,,,,,,,,,
2024-06-26,,SPOT,,,,,,,,318.9599914550781,,,,,,,,,,,,,,
2024-06-26,,SPY,,,,,,,538.7991333007812,,,,,,,,,,,,,,,
2024-06-26,,TSLA,,,,,196.3699951171875,,,,,,,,,,,,,,,,,
2024-06-26,,YPF,,,,,,,,,,,,,,,,,,,,,,20.280000686645508
2024-06-27,,AAPL,213.1033935546875,,,,,,,,,,,,,,,,,,,,,
2024-06-27,,AMZN,,,,197.85000610351562,,,,,,,,,,,,,,,,,,
2024-06-27,,AVGO,,,,,,,,,,,,,,,,,,,,,156.87818908691406,
2024-06-27,,BRK-B,,,,,,,,,,,,,407.95001220703125,,,,,,,,,
2024-06-27,,COIN,,,,,,,,,,,,,,,,,,224.0,,,,
2024-06-27,,DIA,,,,,,,,,,,386.50567626953125,,,,,,,,,,,
2024-06-27,,GGAL,,,,,,,,,,,,,,,,30.12638282775879,,,,,,
2024-06-27,,GOOG,,,185.9672088623047,,,,,,,,,,,,,,,,,,,
2024-06-27,,HUT,,,,,,,,,,,,,,,,,15.199999809265137,,,,,
2024-06-27,,KO,,,,,,,,,,62.094058990478516,,,,,,,,,,,,
2024-06-27,,META,,,,,,,,,,,,517.7869873046875,,,,,,,,,,
2024-06-27,,MRVL,,,,,,,,,,,,,,,,,,,68.50341796875,,,
2024-06-27,,MSTR,,,,,,152.5399932861328,,,,,,,,,,,,,,,,
2024-06-27,123.95083618164062,NVDA,,,,,,,,,,,,,,,,,,,,,,
2024-06-27,,PAM,,45.619998931884766,,,,,,,,,,,,,,,,,,,,
2024-06-27,,PEP,,,,,,,,,,,,,,,160.41639709472656,,,,,,,
2024-06-27,,PFE,,,,,,,,,,,,,,,,,,,,26.057720184326172,,
2024-06-27,,PLTR,,,,,,,,,,,,,,25.219999313354492,,,,,,,,
2024-06-27,,QQQ,,,,,,,,,478.9070739746094,,,,,,,,,,,,,
2024-06-27,,SPOT,,,,,,,,315.3800048828125,,,,,,,,,,,,,,
2024-06-27,,SPY,,,,,,,539.6486206054688,,,,,,,,,,,,,,,
2024-06-27,,TSLA,,,,,197.4199981689453,,,,,,,,,,,,,,,,,
2024-06-27,,YPF,,,,,,,,,,,,,,,,,,,,,,20.719999313354492
2024-06-28,,AAPL,209.6395721435547,,,,,,,,,,,,,,,,,,,,,
2024-06-28,,AMZN,,,,193.25,,,,,,,,,,,,,,,,,,
2024-06-28,,AVGO,,,,,,,,,,,,,,,,,,,,,158.74392700195312,
2024-06-28,,BRK-B,,,,,,,,,,,,,406.79998779296875,,,,,,,,,
2024-06-28,,COIN,,,,,,,,,,,,,,,,,,222.22999572753906,,,,
2024-06-28,,DIA,,,,,,,,,,,386.0812683105469,,,,,,,,,,,
2024-06-28,,GGAL,,,,,,,,,,,,,,,,29.09804916381836,,,,,,
2024-06-28,,GOOG,,,182.5436553955078,,,,,,,,,,,,,,,,,,,
2024-06-28,,HUT,,,,,,,,,,,,,,,,,14.989999771118164,,,,,
2024-06-28,,KO,,,,,,,,,,61.84144973754883,,,,,,,,,,,,
2024-06-28,,META,,,,,,,,,,,,502.4993896484375,,,,,,,,,,
2024-06-28,,MRVL,,,,,,,,,,,,,,,,,,,69.66956329345703,,,
2024-06-28,,MSTR,,,,,,137.7480010986328,,,,,,,,,,,,,,,,
2024-06-28,123.50098419189453,NVDA,,,,,,,,,,,,,,,,,,,,,,
2024-06-28,,PAM,,44.2599983215332,,,,,,,,,,,,,,,,,,,,
2024-06-28,,PEP,,,,,,,,,,,,,,,159.13314819335938,,,,,,,
2024-06-28,,PFE,,,,,,,,,,,,,,,,,,,,26.2264404296875,,
2024-06-28,,PLTR,,,,,,,,,,,,,,25.329999923706055,,,,,,,,
2024-06-28,,QQQ,,,,,,,,,476.42108154296875,,,,,,,,,,,,,
2024-06-28,,SPOT,,,,,,,,313.7900085449219,,,,,,,,,,,,,,
2024-06-28,,SPY,,,,,,,537.5250244140625,,,,,,,,,,,,,,,
2024-06-28,,TSLA,,,,,197.8800048828125,,,,,,,,,,,,,,,,,
2024-06-28,,YPF,,,,,,,,,,,,,,,,,,,,,,20.1200008392334
2024-07-01,,AAPL,215.7410430908203,,,,,,,,,,,,,,,,,,,,,
2024-07-01,,AMZN,,,,197.1999969482422,,,,,,,,,,,,,,,,,,
2024-07-01,,AVGO,,,,,,,,,,,,,,,,,,,,,162.23118591308594,
2024-07-01,,BRK-B,,,,,,,,,,,,,405.19000244140625,,,,,,,,,
2024-07-01,,COIN,,,,,,,,,,,,,,,,,,233.3699951171875,,,,
2024-07-01,,DIA,,,,,,,,,,,386.406982421875,,,,,,,,,,,
2024-07-01,,GGAL,,,,,,,,,,,,,,,,26.346303939819336,,,,,,
2024-07-01,,GOOG,,,183.60855102539062,,,,,,,,,,,,,,,,,,,
2024-07-01,,HUT,,,,,,,,,,,,,,,,,15.25,,,,,
2024-07-01,,KO,,,,,,,,,,61.48196029663086,,,,,,,,,,,,
2024-07-01,,META,,,,,,,,,,,,502.95782470703125,,,,,,,,,,
2024-07-01,,MRVL,,,,,,,,,,,,,,,,,,,70.76593017578125,,,
2024-07-01,,MSTR,,,,,,136.5970001220703,,,,,,,,,,,,,,,,
2024-07-01,124.26075744628906,NVDA,,,,,,,,,,,,,,,,,,,,,,
2024-07-01,,PAM,,42.689998626708984,,,,,,,,,,,,,,,,,,,,
2024-07-01,,PEP,,,,,,,,,,,,,,,157.16482543945312,,,,,,,
2024-07-01,,PFE,,,,,,,,,,,,,,,,,,,,26.451398849487305,,
2024-07-01,,PLTR,,,,,,,,,,,,,,25.8799991607666,,,,,,,,
2024-07-01,,QQQ,,,,,,,,,479.2153625488281,,,,,,,,,,,,,
2024-07-01,,SPOT,,,,,,,,313.8399963378906,,,,,,,,,,,,,,
2024-07-01,,SPY,,,,,,,538.63134765625,,,,,,,,,,,,,,,
2024-07-01,,TSLA,,,,,209.86000061035156,,,,,,,,,,,,,,,,,
2024-07-01,,YPF,,,,,,,,,,,,,,,,,,,,,,19.34000015258789
2024-07-02,,AAPL,219.24464416503906,,,,,,,,,,,,,,,,,,,,,
2024-07-02,,AMZN,,,,200.0,,,,,,,,,,,,,,,,,,
2024-07-02,,AVGO,,,,,,,,,,,,,,,,,,,,,163.88040161132812,
2024-07-02,,BRK-B,,,,,,,,,,,,,407.1000061035156,,,,,,,,,
2024-07-02,,COIN,,,,,,,,,,,,,,,,,,227.50999450683594,,,,
2024-07-02,,DIA,,,,,,,,,,,388.21337890625,,,,,,,,,,,
2024-07-02,,GGAL,,,,,,,,,,,,,,,,26.765254974365234,,,,,,
2024-07-02,,GOOG,,,185.71841430664062,,,,,,,,,,,,,,,,,,,
2024-07-02,,HUT,,,,,,,,,,,,,,,,,15.670000076293945,,,,,
2024-07-02,,KO,,,,,,,,,,61.35565948486328,,,,,,,,,,,,
2024-07-02,,META,,,,,,,,,,,,507.7613525390625,,,,,,,,,,
2024-07-02,,MRVL,,,,,,,,,,,,,,,,,,,71.36395263671875,,,
2024-07-02,,MSTR,,,,,,132.0189971923828,,,,,,,,,,,,,,,,
2024-07-02,122.63125610351562,NVDA,,,,,,,,,,,,,,,,,,,,,,
2024-07-02,,PAM,,43.279998779296875,,,,,,,,,,,,,,,,,,,,
2024-07-02,,PEP,,,,,,,,,,,,,,,157.83056640625,,,,,,,
2024-07-02,,PFE,,,,,,,,,,,,,,,,,,,,26.085840225219727,,
2024-07-02,,PLTR,,,,,,,,,,,,,,25.829999923706055,,,,,,,,
2024-07-02,,QQQ,,,,,,,,,484.2469787597656,,,,,,,,,,,,,
2024-07-02,,SPOT,,,,,,,,315.54998779296875,,,,,,,,,,,,,,
2024-07-02,,SPY,,,,,,,542.2561645507812,,,,,,,,,,,,,,,
2024-07-02,,TSLA,,,,,231.25999450683594,,,,,,,,,,,,,,,,,
2024-07-02,,YPF,,,,,,,,,,,,,,,,,,,,,,20.010000228881836
2024-07-03,,AAPL,220.51870727539062,,,,,,,,,,,,,,,,,,,,,
2024-07-03,,AMZN,,,,197.58999633789062,,,,,,,,,,,,,,,,,,
2024-07-03,,AVGO,,,,,,,,,,,,,,,,,,,,,170.97354125976562,
2024-07-03,,BRK-B,,,,,,,,,,,,,405.7699890136719,,,,,,,,,
2024-07-03,,COIN,,,,,,,,,,,,,,,,,,224.94000244140625,,,,
2024-07-03,,DIA,,,,,,,,,,,387.75933837890625,,,,,,,,,,,
2024-07-03,,GGAL,,,,,,,,,,,,,,,,27.1365966796875,,,,,,
2024-07-03,,GOOG,,,186.49468994140625,,,,,,,,,,,,,,,,,,,
2024-07-03,,HUT,,,,,,,,,,,,,,,,,16.15999984741211,,,,,
2024-07-03,,KO,,,,,,,,,,61.53054428100586,,,,,,,,,,,,
2024-07-03,,META,,,,,,,,,,,,508.21978759765625,,,,,,,,,,
2024-07-03,,MRVL,,,,,,,,,,,,,,,,,,,71.96197509765625,,,
2024-07-03,,MSTR,,,,,,130.20899963378906,,,,,,,,,,,,,,,,
2024-07-03,128.23948669433594,NVDA,,,,,,,,,,,,,,,,,,,,,,
2024-07-03,,PAM,,44.630001068115234,,,,,,,,,,,,,,,,,,,,
2024-07-03,,PEP,,,,,,,,,,,,,,,156.88504028320312,,,,,,,
2024-07-03,,PFE,,,,,,,,,,,,,,,,,,,,25.963991165161133,,
2024-07-03,,PLTR,,,,,,,,,,,,,,25.850000381469727,,,,,,,,
2024-07-03,,QQQ,,,,,,,,,488.2841796875,,,,,,,,,,,,,
2024-07-03,,SPOT,,,,,,,,314.79998779296875,,,,,,,,,,,,,,
2024-07-03,,SPY,,,,,,,544.676025390625,,,,,,,,,,,,,,,
2024-07-03,,TSLA,,,,,246.38999938964844,,,,,,,,,,,,,,,,,
2024-07-03,,YPF,,,,,,,,,,,,,,,,,,,,,,20.149999618530273
2024-07-05,,AAPL,225.28639221191406,,,,,,,,,,,,,,,,,,,,,
2024-07-05,,AMZN,,,,200.0,,,,,,,,,,,,,,,,,,
2024-07-05,,AVGO,,,,,,,,,,,,,,,,,,,,,168.41175842285156,
2024-07-05,,BRK-B,,,,,,,,,,,,,411.1700134277344,,,,,,,,,
2024-07-05,,COIN,,,,,,,,,,,,,,,,,,223.67999267578125,,,,
2024-07-05,,DIA,,,,,,,,,,,388.6180114746094,,,,,,,,,,,
2024-07-05,,GGAL,,,,,,,,,,,,,,,,27.0985107421875,,,,,,
2024-07-05,,GOOG,,,191.04286193847656,,,,,,,,,,,,,,,,,,,
2024-07-05,,HUT,,,,,,,,,,,,,,,,,16.489999771118164,,,,,
2024-07-05,,KO,,,,,,,,,,61.94832229614258,,,,,,,,,,,,
2024-07-05,,META,,,,,,,,,,,,538.0675659179688,,,,,,,,,,
2024-07-05,,MRVL,,,,,,,,,,,,,,,,,,,71.84237670898438,,,
2024-07-05,,MSTR,,,,,,128.1719970703125,,,,,,,,,,,,,,,,
2024-07-05,125.79026794433594,NVDA,,,,,,,,,,,,,,,,,,,,,,
2024-07-05,,PAM,,45.09000015258789,,,,,,,,,,,,,,,,,,,,
2024-07-05,,PEP,,,,,,,,,,,,,,,158.6121063232422,,,,,,,
2024-07-05,,PFE,,,,,,,,,,,,,,,,,,,,26.29205322265625,,
2024-07-05,,PLTR,,,,,,,,,,,,,,27.229999542236328,,,,,,,,
2024-07-05,,QQQ,,,,,,,,,493.3754577636719,,,,,,,,,,,,,
2024-07-05,,SPOT,,,,,,,,316.8500061035156,,,,,,,,,,,,,,
2024-07-05,,SPY,,,,,,,547.8168334960938,,,,,,,,,,,,,,,
2024-07-05,,TSLA,,,,,251.52000427246094,,,,,,,,,,,,,,,,,
2024-07-05,,YPF,,,,,,,,,,,,,,,,,,,,,,20.079999923706055
2024-07-08,,AAPL,226.759521484375,,,,,,,,,,,,,,,,,,,,,
2024-07-08,,AMZN,,,,199.2899932861328,,,,,,,,,,,,,,,,,,
2024-07-08,,AVGO,,,,,,,,,,,,,,,,,,,,,172.61878967285156,
2024-07-08,,BRK-B,,,,,,,,,,,,,409.0799865722656,,,,,,,,,
2024-07-08,,COIN,,,,,,,,,,,,,,,,,,220.55999755859375,,,,
2024-07-08,,DIA,,,,,,,,,,,388.38116455078125,,,,,,,,,,,
2024-07-08,,GGAL,,,,,,,,,,,,,,,,27.165163040161133,,,,,,
2024-07-08,,GOOG,,,189.56991577148438,,,,,,,,,,,,,,,,,,,
2024-07-08,,HUT,,,,,,,,,,,,,,,,,17.479999542236328,,,,,
2024-07-08,,KO,,,,,,,,,,61.171051025390625,,,,,,,,,,,,
2024-07-08,,META,,,,,,,,,,,,527.5137329101562,,,,,,,,,,
2024-07-08,,MRVL,,,,,,,,,,,,,,,,,,,74.66304016113281,,,
2024-07-08,,MSTR,,,,,,129.05799865722656,,,,,,,,,,,,,,,,
2024-07-08,128.1595001220703,NVDA,,,,,,,,,,,,,,,,,,,,,,
2024-07-08,,PAM,,46.29999923706055,,,,,,,,,,,,,,,,,,,,
2024-07-08,,PEP,,,,,,,,,,,,,,,156.421875,,,,,,,
2024-07-08,,PFE,,,,,,,,,,,,,,,,,,,,26.179576873779297,,
2024-07-08,,PLTR,,,,,,,,,,,,,,27.700000762939453,,,,,,,,
2024-07-08,,QQQ,,,,,,,,,494.54876708984375,,,,,,,,,,,,,
2024-07-08,,SPOT,,,,,,,,313.7099914550781,,,,,,,,,,,,,,
2024-07-08,,SPY,,,,,,,548.4490356445312,,,,,,,,,,,,,,,
2024-07-08,,TSLA,,,,,252.94000244140625,,,,,,,,,,,,,,,,,
2024-07-08,,YPF,,,,,,,,,,,,,,,,,,,,,,20.549999237060547
2024-07-09,,AAPL,227.61550903320312,,,,,,,,,,,,,,,,,,,,,
2024-07-09,,AMZN,,,,199.33999633789062,,,,,,,,,,,,,,,,,,
2024-07-09,,AVGO,,,,,,,,,,,,,,,,,,,,,171.37794494628906,
2024-07-09,,BRK-B,,,,,,,,,,,,,410.5199890136719,,,,,,,,,
2024-07-09,,COIN,,,,,,,,,,,,,,,,,,219.97000122070312,,,,
2024-07-09,,DIA,,,,,,,,,,,387.86785888671875,,,,,,,,,,,
2024-07-09,,GGAL,,,,,,,,,,,,,,,,27.450809478759766,,,,,,
2024-07-09,,GOOG,,,189.5301055908203,,,,,,,,,,,,,,,,,,,
2024-07-09,,HUT,,,,,,,,,,,,,,,,,16.030000686645508,,,,,
2024-07-09,,KO,,,,,,,,,,60.90872573852539,,,,,,,,,,,,
2024-07-09,,META,,,,,,,,,,,,528.1914672851562,,,,,,,,,,
2024-07-09,,MRVL,,,,,,,,,,,,,,,,,,,73.59656524658203,,,
2024-07-09,,MSTR,,,,,,130.177001953125,,,,,,,,,,,,,,,,
2024-07-09,131.33851623535156,NVDA,,,,,,,,,,,,,,,,,,,,,,
2024-07-09,,PAM,,46.27000045776367,,,,,,,,,,,,,,,,,,,,
2024-07-09,,PEP,,,,,,,,,,,,,,,156.20962524414062,,,,,,,
2024-07-09,,PFE,,,,,,,,,,,,,,,,,,,,25.982736587524414,,
2024-07-09,,PLTR,,,,,,,,,,,,,,27.389999389648438,,,,,,,,
2024-07-09,,QQQ,,,,,,,,,494.9764099121094,,,,,,,,,,,,,
2024-07-09,,SPOT,,,,,,,,311.54998779296875,,,,,,,,,,,,,,
2024-07-09,,SPY,,,,,,,548.982421875,,,,,,,,,,,,,,,
2024-07-09,,TSLA,,,,,262.3299865722656,,,,,,,,,,,,,,,,,
2024-07-09,,YPF,,,,,,,,,,,,,,,,,,,,,,20.729999542236328
2024-07-10,,AAPL,231.89549255371094,,,,,,,,,,,,,,,,,,,,,
2024-07-10,,AMZN,,,,199.7899932861328,,,,,,,,,,,,,,,,,,
2024-07-10,,AVGO,,,,,,,,,,,,,,,,,,,,,172.50311279296875,
2024-07-10,,BRK-B,,,,,,,,,,,,,413.7900085449219,,,,,,,,,
2024-07-10,,COIN,,,,,,,,,,,,,,,,,,219.55999755859375,,,,
2024-07-10,,DIA,,,,,,,,,,,392.132080078125,,,,,,,,,,,
2024-07-10,,GGAL,,,,,,,,,,,,,,,,28.09827995300293,,,,,,
2024-07-10,,GOOG,,,191.739501953125,,,,,,,,,,,,,,,,,,,
2024-07-10,,HUT,,,,,,,,,,,,,,,,,15.239999771118164,,,,,
2024-07-10,,KO,,,,,,,,,,61.04475021362305,,,,,,,,,,,,
2024-07-10,,META,,,,,,,,,,,,532.865478515625,,,,,,,,,,
2024-07-10,,MRVL,,,,,,,,,,,,,,,,,,,74.63314056396484,,,
2024-07-10,,MSTR,,,,,,130.57200622558594,,,,,,,,,,,,,,,,
2024-07-10,134.86740112304688,NVDA,,,,,,,,,,,,,,,,,,,,,,
2024-07-10,,PAM,,46.5,,,,,,,,,,,,,,,,,,,,
2024-07-10,,PEP,,,,,,,,,,,,,,,157.84022521972656,,,,,,,
2024-07-10,,PFE,,,,,,,,,,,,,,,,,,,,26.573253631591797,,
2024-07-10,,PLTR,,,,,,,,,,,,,,28.420000076293945,,,,,,,,
2024-07-10,,QQQ,,,,,,,,,500.1372375488281,,,,,,,,,,,,,
2024-07-10,,SPOT,,,,,,,,304.989990234375,,,,,,,,,,,,,,
2024-07-10,,SPY,,,,,,,554.4147338867188,,,,,,,,,,,,,,,
2024-07-10,,TSLA,,,,,263.260009765625,,,,,,,,,,,,,,,,,
2024-07-10,,YPF,,,,,,,,,,,,,,,,,,,,,,21.049999237060547
2024-07-11,,AAPL,226.5106964111328,,,,,,,,,,,,,,,,,,,,,
2024-07-11,,AMZN,,,,195.0500030517578,,,,,,,,,,,,,,,,,,
2024-07-11,,AVGO,,,,,,,,,,,,,,,,,,,,,168.67279052734375,
2024-07-11,,BRK-B,,,,,,,,,,,,,418.7799987792969,,,,,,,,,
2024-07-11,,COIN,,,,,,,,,,,,,,,,,,214.6300048828125,,,,
2024-07-11,,DIA,,,,,,,,,,,392.497314453125,,,,,,,,,,,
2024-07-11,,GGAL,,,,,,,,,,,,,,,,27.61267852783203,,,,,,
2024-07-11,,GOOG,,,186.40513610839844,,,,,,,,,,,,,,,,,,,
2024-07-11,,HUT,,,,,,,,,,,,,,,,,14.920000076293945,,,,,
2024-07-11,,KO,,,,,,,,,,61.307071685791016,,,,,,,,,,,,
2024-07-11,,META,,,,,,,,,,,,510.95050048828125,,,,,,,,,,
2024-07-11,,MRVL,,,,,,,,,,,,,,,,,,,71.9420394897461,,,
2024-07-11,,MSTR,,,,,,135.8560028076172,,,,,,,,,,,,,,,,
2024-07-11,127.35977172851562,NVDA,,,,,,,,,,,,,,,,,,,,,,
2024-07-11,,PAM,,46.70000076293945,,,,,,,,,,,,,,,,,,,,
2024-07-11,,PEP,,,,,,,,,,,,,,,158.1875762939453,,,,,,,
2024-07-11,,PFE,,,,,,,,,,,,,,,,,,,,26.86382484436035,,
2024-07-11,,PLTR,,,,,,,,,,,,,,27.639999389648438,,,,,,,,
2024-07-11,,QQQ,,,,,,,,,489.1691589355469,,,,,,,,,,,,,
2024-07-11,,SPOT,,,,,,,,300.9800109863281,,,,,,,,,,,,,,
2024-07-11,,SPY,,,,,,,549.6342163085938,,,,,,,,,,,,,,,
2024-07-11,,TSLA,,,,,241.02999877929688,,,,,,,,,,,,,,,,,
2024-07-11,,YPF,,,,,,,,,,,,,,,,,,,,,,21.1299991607666
2024-07-12,,AAPL,229.46685791015625,,,,,,,,,,,,,,,,,,,,,
2024-07-12,,AMZN,,,,194.49000549316406,,,,,,,,,,,,,,,,,,
2024-07-12,,AVGO,,,,,,,,,,,,,,,,,,,,,168.15072631835938,
2024-07-12,,BRK-B,,,,,,,,,,,,,424.44000244140625,,,,,,,,,
2024-07-12,,COIN,,,,,,,,,,,,,,,,,,218.02000427246094,,,,
2024-07-12,,DIA,,,,,,,,,,,395.1526794433594,,,,,,,,,,,
2024-07-12,,GGAL,,,,,,,,,,,,,,,,27.288942337036133,,,,,,
2024-07-12,,GOOG,,,185.88760375976562,,,,,,,,,,,,,,,,,,,
2024-07-12,,HUT,,,,,,,,,,,,,,,,,16.959999084472656,,,,,
2024-07-12,,KO,,,,,,,,,,61.89002990722656,,,,,,,,,,,,
2024-07-12,,META,,,,,,,,,,,,497.16766357421875,,,,,,,,,,
2024-07-12,,MRVL,,,,,,,,,,,,,,,,,,,73.40841674804688,,,
2024-07-12,,MSTR,,,,,,139.67599487304688,,,,,,,,,,,,,,,,
2024-07-12,129.19918823242188,NVDA,,,,,,,,,,,,,,,,,,,,,,
2024-07-12,,PAM,,46.880001068115234,,,,,,,,,,,,,,,,,,,,
2024-07-12,,PEP,,,,,,,,,,,,,,,160.5321807861328,,,,,,,
2024-07-12,,PFE,,,,,,,,,,,,,,,,,,,,27.107528686523438,,
2024-07-12,,PLTR,,,,,,,,,,,,,,28.06999969482422,,,,,,,,
2024-07-12,,QQQ,,,,,,,,,492.0429382324219,,,,,,,,,,,,,
2024-07-12,,SPOT,,,,,,,,302.2699890136719,,,,,,,,,,,,,,
2024-07-12,,SPY,,,,,,,553.10107421875,,,,,,,,,,,,,,,
2024-07-12,,TSLA,,,,,248.22999572753906,,,,,,,,,,,,,,,,,
2024-07-12,,YPF,,,,,,,,,,,,,,,,,,,,,,21.290000915527344
2024-07-15,,AAPL,233.3088836669922,,,,,,,,,,,,,,,,,,,,,
2024-07-15,,AMZN,,,,192.72000122070312,,,,,,,,,,,,,,,,,,
2024-07-15,,AVGO,,,,,,,,,,,,,,,,,,,,,169.4884796142578,
2024-07-15,,BRK-B,,,,,,,,,,,,,434.4200134277344,,,,,,,,,
2024-07-15,,COIN,,,,,,,,,,,,,,,,,,242.85000610351562,,,,
2024-07-15,,DIA,,,,,,,,,,,397.1662902832031,,,,,,,,,,,
2024-07-15,,GGAL,,,,,,,,,,,,,,,,26.108261108398438,,,,,,
2024-07-15,,GOOG,,,187.29086303710938,,,,,,,,,,,,,,,,,,,
2024-07-15,,HUT,,,,,,,,,,,,,,,,,20.0,,,,,
2024-07-15,,KO,,,,,,,,,,61.6082649230957,,,,,,,,,,,,
2024-07-15,,META,,,,,,,,,,,,494.4668884277344,,,,,,,,,,
2024-07-15,,MRVL,,,,,,,,,,,,,,,,,,,73.41838836669922,,,
2024-07-15,,MSTR,,,,,,161.1280059814453,,,,,,,,,,,,,,,,
2024-07-15,128.39944458007812,NVDA,,,,,,,,,,,,,,,,,,,,,,
2024-07-15,,PAM,,45.400001525878906,,,,,,,,,,,,,,,,,,,,
2024-07-15,,PEP,,,,,,,,,,,,,,,158.10073852539062,,,,,,,
2024-07-15,,PFE,,,,,,,,,,,,,,,,,,,,27.276248931884766,,
2024-07-15,,PLTR,,,,,,,,,,,,,,28.670000076293945,,,,,,,,
2024-07-15,,QQQ,,,,,,,,,493.3654479980469,,,,,,,,,,,,,
2024-07-15,,SPOT,,,,,,,,302.1499938964844,,,,,,,,,,,,,,
2024-07-15,,SPY,,,,,,,554.6221313476562,,,,,,,,,,,,,,,
2024-07-15,,TSLA,,,,,252.63999938964844,,,,,,,,,,,,,,,,,
2024-07-15,,YPF,,,,,,,,,,,,,,,,,,,,,,20.989999771118164
2024-07-16,,AAPL,233.72694396972656,,,,,,,,,,,,,,,,,,,,,
2024-07-16,,AMZN,,,,193.02000427246094,,,,,,,,,,,,,,,,,,
2024-07-16,,AVGO,,,,,,,,,,,,,,,,,,,,,167.47146606445312,
2024-07-16,,BRK-B,,,,,,,,,,,,,438.8999938964844,,,,,,,,,
2024-07-16,,COIN,,,,,,,,,,,,,,,,,,251.49000549316406,,,,
2024-07-16,,DIA,,,,,,,,,,,404.3720703125,,,,,,,,,,,
2024-07-16,,GGAL,,,,,,,,,,,,,,,,27.241334915161133,,,,,,
2024-07-16,,GOOG,,,184.6137237548828,,,,,,,,,,,,,,,,,,,
2024-07-16,,HUT,,,,,,,,,,,,,,,,,20.93000030517578,,,,,
2024-07-16,,KO,,,,,,,,,,62.44382858276367,,,,,,,,,,,,
2024-07-16,,META,,,,,,,,,,,,488.11865234375,,,,,,,,,,
2024-07-16,,MRVL,,,,,,,,,,,,,,,,,,,75.4134521484375,,,
2024-07-16,,MSTR,,,,,,166.42999267578125,,,,,,,,,,,,,,,,
2024-07-16,126.32009887695312,NVDA,,,,,,,,,,,,,,,,,,,,,,
2024-07-16,,PAM,,46.0,,,,,,,,,,,,,,,,,,,,
2024-07-16,,PEP,,,,,,,,,,,,,,,158.96910095214844,,,,,,,
2024-07-16,,PFE,,,,,,,,,,,,,,,,,,,,27.651180267333984,,
2024-07-16,,PLTR,,,,,,,,,,,,,,28.670000076293945,,,,,,,,
2024-07-16,,QQQ,,,,,,,,,493.55438232421875,,,,,,,,,,,,,
2024-07-16,,SPOT,,,,,,,,298.5,,,,,,,,,,,,,,
2024-07-16,,SPY,,,,,,,557.9111328125,,,,,,,,,,,,,,,
2024-07-16,,TSLA,,,,,256.55999755859375,,,,,,,,,,,,,,,,,
2024-07-16,,YPF,,,,,,,,,,,,,,,,,,,,,,20.639999389648438
2024-07-17,,AAPL,227.81459045410156,,,,,,,,,,,,,,,,,,,,,
2024-07-17,,AMZN,,,,187.92999267578125,,,,,,,,,,,,,,,,,,
2024-07-17,,AVGO,,,,,,,,,,,,,,,,,,,,,154.22244262695312,
2024-07-17,,BRK-B,,,,,,,,,,,,,445.6099853515625,,,,,,,,,
2024-07-17,,COIN,,,,,,,,,,,,,,,,,,249.10000610351562,,,,
2024-07-17,,DIA,,,,,,,,,,,406.6127624511719,,,,,,,,,,,
2024-07-17,,GGAL,,,,,,,,,,,,,,,,26.14634895324707,,,,,,
2024-07-17,,GOOG,,,181.74746704101562,,,,,,,,,,,,,,,,,,,
2024-07-17,,HUT,,,,,,,,,,,,,,,,,19.729999542236328,,,,,
2024-07-17,,KO,,,,,,,,,,63.35712432861328,,,,,,,,,,,,
2024-07-17,,META,,,,,,,,,,,,460.41351318359375,,,,,,,,,,
2024-07-17,,MRVL,,,,,,,,,,,,,,,,,,,67.76237487792969,,,
2024-07-17,,MSTR,,,,,,159.0,,,,,,,,,,,,,,,,
2024-07-17,117.9527359008789,NVDA,,,,,,,,,,,,,,,,,,,,,,
2024-07-17,,PAM,,44.79999923706055,,,,,,,,,,,,,,,,,,,,
2024-07-17,,PEP,,,,,,,,,,,,,,,163.91880798339844,,,,,,,
2024-07-17,,PFE,,,,,,,,,,,,,,,,,,,,28.147964477539062,,
2024-07-17,,PLTR,,,,,,,,,,,,,,28.219999313354492,,,,,,,,
2024-07-17,,QQQ,,,,,,,,,479.066162109375,,,,,,,,,,,,,
2024-07-17,,SPOT,,,,,,,,294.739990234375,,,,,,,,,,,,,,
2024-07-17,,SPY,,,,,,,550.088623046875,,,,,,,,,,,,,,,
2024-07-17,,TSLA,,,,,248.5,,,,,,,,,,,,,,,,,
2024-07-17,,YPF,,,,,,,,,,,,,,,,,,,,,,19.8700008392334
2024-07-18,,AAPL,223.13645935058594,,,,,,,,,,,,,,,,,,,,,
2024-07-18,,AMZN,,,,183.75,,,,,,,,,,,,,,,,,,
2024-07-18,,AVGO,,,,,,,,,,,,,,,,,,,,,158.7113037109375,
2024-07-18,,BRK-B,,,,,,,,,,,,,441.82000732421875,,,,,,,,,
2024-07-18,,COIN,,,,,,,,,,,,,,,,,,233.24000549316406,,,,
2024-07-18,,DIA,,,,,,,,,,,401.4700012207031,,,,,,,,,,,
2024-07-18,,GGAL,,,,,,,,,,,,,,,,26.184436798095703,,,,,,
2024-07-18,,GOOG,,,178.36373901367188,,,,,,,,,,,,,,,,,,,
2024-07-18,,HUT,,,,,,,,,,,,,,,,,18.1299991607666,,,,,
2024-07-18,,KO,,,,,,,,,,63.337684631347656,,,,,,,,,,,,
2024-07-18,,META,,,,,,,,,,,,474.22625732421875,,,,,,,,,,
2024-07-18,,MRVL,,,,,,,,,,,,,,,,,,,68.04168701171875,,,
2024-07-18,,MSTR,,,,,,155.51600646972656,,,,,,,,,,,,,,,,
2024-07-18,121.0517578125,NVDA,,,,,,,,,,,,,,,,,,,,,,
2024-07-18,,PAM,,44.79999923706055,,,,,,,,,,,,,,,,,,,,
2024-07-18,,PEP,,,,,,,,,,,,,,,164.3819122314453,,,,,,,
2024-07-18,,PFE,,,,,,,,,,,,,,,,,,,,27.848018646240234,,
2024-07-18,,PLTR,,,,,,,,,,,,,,28.639999389648438,,,,,,,,
2024-07-18,,QQQ,,,,,,,,,476.7989501953125,,,,,,,,,,,,,
2024-07-18,,SPOT,,,,,,,,290.1600036621094,,,,,,,,,,,,,,
2024-07-18,,SPY,,,,,,,545.8611450195312,,,,,,,,,,,,,,,
2024-07-18,,TSLA,,,,,249.22999572753906,,,,,,,,,,,,,,,,,
2024-07-18,,YPF,,,,,,,,,,,,,,,,,,,,,,19.90999984741211
2024-07-19,,AAPL,223.26583862304688,,,,,,,,,,,,,,,,,,,,,
2024-07-19,,AMZN,,,,183.1300048828125,,,,,,,,,,,,,,,,,,
2024-07-19,,AVGO,,,,,,,,,,,,,,,,,,,,,155.57701110839844,
2024-07-19,,BRK-B,,,,,,,,,,,,,434.4700012207031,,,,,,,,,
2024-07-19,,COIN,,,,,,,,,,,,,,,,,,257.7900085449219,,,,
2024-07-19,,DIA,,,,,,,,,,,397.9385070800781,,,,,,,,,,,
2024-07-19,,GGAL,,,,,,,,,,,,,,,,26.860469818115234,,,,,,
2024-07-19,,GOOG,,,178.53289794921875,,,,,,,,,,,,,,,,,,,
2024-07-19,,HUT,,,,,,,,,,,,,,,,,19.520000457763672,,,,,
2024-07-19,,KO,,,,,,,,,,63.434852600097656,,,,,,,,,,,,
2024-07-19,,META,,,,,,,,,,,,475.1629943847656,,,,,,,,,,
2024-07-19,,MRVL,,,,,,,,,,,,,,,,,,,66.34588623046875,,,
2024-07-19,,MSTR,,,,,,177.85000610351562,,,,,,,,,,,,,,,,
2024-07-19,117.89275360107422,NVDA,,,,,,,,,,,,,,,,,,,,,,
2024-07-19,,PAM,,46.13999938964844,,,,,,,,,,,,,,,,,,,,
2024-07-19,,PEP,,,,,,,,,,,,,,,163.4074249267578,,,,,,,
2024-07-19,,PFE,,,,,,,,,,,,,,,,,,,,28.091724395751953,,
2024-07-19,,PLTR,,,,,,,,,,,,,,28.579999923706055,,,,,,,,
2024-07-19,,QQQ,,,,,,,,,472.5727844238281,,,,,,,,,,,,,
2024-07-19,,SPOT,,,,,,,,295.0899963378906,,,,,,,,,,,,,,
2024-07-19,,SPY,,,,,,,542.2363891601562,,,,,,,,,,,,,,,
2024-07-19,,TSLA,,,,,239.1999969482422,,,,,,,,,,,,,,,,,
2024-07-19,,YPF,,,,,,,,,,,,,,,,,,,,,,20.190000534057617
2024-07-22,,AAPL,222.91749572753906,,,,,,,,,,,,,,,,,,,,,
2024-07-22,,AMZN,,,,182.5500030517578,,,,,,,,,,,,,,,,,,
2024-07-22,,AVGO,,,,,,,,,,,,,,,,,,,,,159.24520874023438,
2024-07-22,,BRK-B,,,,,,,,,,,,,435.9800109863281,,,,,,,,,
2024-07-22,,COIN,,,,,,,,,,,,,,,,,,265.1499938964844,,,,
2024-07-22,,DIA,,,,,,,,,,,399.12359619140625,,,,,,,,,,,
2024-07-22,,GGAL,,,,,,,,,,,,,,,,26.9271240234375,,,,,,
2024-07-22,,GOOG,,,182.47398376464844,,,,,,,,,,,,,,,,,,,
2024-07-22,,HUT,,,,,,,,,,,,,,,,,20.260000228881836,,,,,
2024-07-22,,KO,,,,,,,,,,62.929622650146484,,,,,,,,,,,,
2024-07-22,,META,,,,,,,,,,,,485.73675537109375,,,,,,,,,,
2024-07-22,,MRVL,,,,,,,,,,,,,,,,,,,68.83971405029297,,,
2024-07-22,,MSTR,,,,,,180.00900268554688,,,,,,,,,,,,,,,,
2024-07-22,123.50098419189453,NVDA,,,,,,,,,,,,,,,,,,,,,,
2024-07-22,,PAM,,46.54999923706055,,,,,,,,,,,,,,,,,,,,
2024-07-22,,PEP,,,,,,,,,,,,,,,161.76719665527344,,,,,,,
2024-07-22,,PFE,,,,,,,,,,,,,,,,,,,,27.744915008544922,,
2024-07-22,,PLTR,,,,,,,,,,,,,,28.459999084472656,,,,,,,,
2024-07-22,,QQQ,,,,,,,,,479.61309814453125,,,,,,,,,,,,,
2024-07-22,,SPOT,,,,,,,,295.45001220703125,,,,,,,,,,,,,,
2024-07-22,,SPY,,,,,,,547.8268432617188,,,,,,,,,,,,,,,
2024-07-22,,TSLA,,,,,251.50999450683594,,,,,,,,,,,,,,,,,
2024-07-22,,YPF,,,,,,,,,,,,,,,,,,,,,,20.15999984741211
2024-07-23,,AAPL,223.96258544921875,,,,,,,,,,,,,,,,,,,,,
2024-07-23,,AMZN,,,,186.41000366210938,,,,,,,,,,,,,,,,,,
2024-07-23,,AVGO,,,,,,,,,,,,,,,,,,,,,161.9246826171875,
2024-07-23,,BRK-B,,,,,,,,,,,,,434.010009765625,,,,,,,,,
2024-07-23,,COIN,,,,,,,,,,,,,,,,,,257.6300048828125,,,,
2024-07-23,,DIA,,,,,,,,,,,398.47174072265625,,,,,,,,,,,
2024-07-23,,GGAL,,,,,,,,,,,,,,,,28.08875846862793,,,,,,
2024-07-23,,GOOG,,,182.72280883789062,,,,,,,,,,,,,,,,,,,
2024-07-23,,HUT,,,,,,,,,,,,,,,,,19.899999618530273,,,,,
2024-07-23,,KO,,,,,,,,,,63.114219665527344,,,,,,,,,,,,
2024-07-23,,META,,,,,,,,,,,,487.0223693847656,,,,,,,,,,
2024-07-23,,MRVL,,,,,,,,,,,,,,,,,,,68.22124481201172,,,
2024-07-23,,MSTR,,,,,,172.177001953125,,,,,,,,,,,,,,,,
2024-07-23,122.55128479003906,NVDA,,,,,,,,,,,,,,,,,,,,,,
2024-07-23,,PAM,,48.09000015258789,,,,,,,,,,,,,,,,,,,,
2024-07-23,,PEP,,,,,,,,,,,,,,,160.43568420410156,,,,,,,
2024-07-23,,PFE,,,,,,,,,,,,,,,,,,,,27.651180267333984,,
2024-07-23,,PLTR,,,,,,,,,,,,,,28.809999465942383,,,,,,,,
2024-07-23,,QQQ,,,,,,,,,477.922607421875,,,,,,,,,,,,,
2024-07-23,,SPOT,,,,,,,,330.7900085449219,,,,,,,,,,,,,,
2024-07-23,,SPY,,,,,,,546.9674682617188,,,,,,,,,,,,,,,
2024-07-23,,TSLA,,,,,246.3800048828125,,,,,,,,,,,,,,,,,
2024-07-23,,YPF,,,,,,,,,,,,,,,,,,,,,,20.469999313354492
2024-07-24,,AAPL,217.522705078125,,,,,,,,,,,,,,,,,,,,,
2024-07-24,,AMZN,,,,180.8300018310547,,,,,,,,,,,,,,,,,,
2024-07-24,,AVGO,,,,,,,,,,,,,,,,,,,,,149.63473510742188,
2024-07-24,,BRK-B,,,,,,,,,,,,,432.79998779296875,,,,,,,,,
2024-07-24,,COIN,,,,,,,,,,,,,,,,,,245.05999755859375,,,,
2024-07-24,,DIA,,,,,,,,,,,393.71173095703125,,,,,,,,,,,
2024-07-24,,GGAL,,,,,,,,,,,,,,,,27.307987213134766,,,,,,
2024-07-24,,GOOG,,,173.53689575195312,,,,,,,,,,,,,,,,,,,
2024-07-24,,HUT,,,,,,,,,,,,,,,,,18.020000457763672,,,,,
2024-07-24,,KO,,,,,,,,,,63.94007110595703,,,,,,,,,,,,
2024-07-24,,META,,,,,,,,,,,,459.6959533691406,,,,,,,,,,
2024-07-24,,MRVL,,,,,,,,,,,,,,,,,,,64.19121551513672,,,
2024-07-24,,MSTR,,,,,,167.2689971923828,,,,,,,,,,,,,,,,
2024-07-24,114.21391296386719,NVDA,,,,,,,,,,,,,,,,,,,,,,
2024-07-24,,PAM,,46.869998931884766,,,,,,,,,,,,,,,,,,,,
2024-07-24,,PEP,,,,,,,,,,,,,,,162.25926208496094,,,,,,,
2024-07-24,,PFE,,,,,,,,,,,,,,,,,,,,28.101097106933594,,
2024-07-24,,PLTR,,,,,,,,,,,,,,26.600000381469727,,,,,,,,
2024-07-24,,QQQ,,,,,,,,,460.7793884277344,,,,,,,,,,,,,
2024-07-24,,SPOT,,,,,,,,336.5199890136719,,,,,,,,,,,,,,
2024-07-24,,SPY,,,,,,,534.5718383789062,,,,,,,,,,,,,,,
2024-07-24,,TSLA,,,,,215.99000549316406,,,,,,,,,,,,,,,,,
2024-07-24,,YPF,,,,,,,,,,,,,,,,,,,,,,19.690000534057617
2024-07-25,,AAPL,216.4776153564453,,,,,,,,,,,,,,,,,,,,,
2024-07-25,,AMZN,,,,179.85000610351562,,,,,,,,,,,,,,,,,,
2024-07-25,,AVGO,,,,,,,,,,,,,,,,,,,,,147.5781707763672,
2024-07-25,,BRK-B,,,,,,,,,,,,,433.2900085449219,,,,,,,,,
2024-07-25,,COIN,,,,,,,,,,,,,,,,,,231.52000427246094,,,,
2024-07-25,,DIA,,,,,,,,,,,394.521484375,,,,,,,,,,,
2024-07-25,,GGAL,,,,,,,,,,,,,,,,27.0128173828125,,,,,,
2024-07-25,,GOOG,,,168.35179138183594,,,,,,,,,,,,,,,,,,,
2024-07-25,,HUT,,,,,,,,,,,,,,,,,14.789999961853027,,,,,
2024-07-25,,KO,,,,,,,,,,64.19268035888672,,,,,,,,,,,,
2024-07-25,,META,,,,,,,,,,,,451.86279296875,,,,,,,,,,
2024-07-25,,MRVL,,,,,,,,,,,,,,,,,,,63.83210372924805,,,
2024-07-25,,MSTR,,,,,,160.64700317382812,,,,,,,,,,,,,,,,
2024-07-25,112.2445297241211,NVDA,,,,,,,,,,,,,,,,,,,,,,
2024-07-25,,PAM,,45.63999938964844,,,,,,,,,,,,,,,,,,,,
2024-07-25,,PEP,,,,,,,,,,,,,,,165.00909423828125,,,,,,,
2024-07-25,,PFE,,,,,,,,,,,,,,,,,,,,28.288562774658203,,
2024-07-25,,PLTR,,,,,,,,,,,,,,26.6299991607666,,,,,,,,
2024-07-25,,QQQ,,,,,,,,,455.6980285644531,,,,,,,,,,,,,
2024-07-25,,SPOT,,,,,,,,328.95001220703125,,,,,,,,,,,,,,
2024-07-25,,SPY,,,,,,,531.7864990234375,,,,,,,,,,,,,,,
2024-07-25,,TSLA,,,,,220.25,,,,,,,,,,,,,,,,,
2024-07-25,,YPF,,,,,,,,,,,,,,,,,,,,,,19.68000030517578
2024-07-26,,AAPL,216.94541931152344,,,,,,,,,,,,,,,,,,,,,
2024-07-26,,AMZN,,,,182.5,,,,,,,,,,,,,,,,,,
2024-07-26,,AVGO,,,,,,,,,,,,,,,,,,,,,149.9214630126953,
2024-07-26,,BRK-B,,,,,,,,,,,,,437.6600036621094,,,,,,,,,
2024-07-26,,COIN,,,,,,,,,,,,,,,,,,242.92999267578125,,,,
2024-07-26,,DIA,,,,,,,,,,,400.92095947265625,,,,,,,,,,,
2024-07-26,,GGAL,,,,,,,,,,,,,,,,27.614225387573242,,,,,,
2024-07-26,,GOOG,,,167.87408447265625,,,,,,,,,,,,,,,,,,,
2024-07-26,,HUT,,,,,,,,,,,,,,,,,15.170000076293945,,,,,
2024-07-26,,KO,,,,,,,,,,65.14484405517578,,,,,,,,,,,,
2024-07-26,,META,,,,,,,,,,,,464.11083984375,,,,,,,,,,
2024-07-26,,MRVL,,,,,,,,,,,,,,,,,,,65.55783081054688,,,
2024-07-26,,MSTR,,,,,,175.27099609375,,,,,,,,,,,,,,,,
2024-07-26,113.0242919921875,NVDA,,,,,,,,,,,,,,,,,,,,,,
2024-07-26,,PAM,,46.060001373291016,,,,,,,,,,,,,,,,,,,,
2024-07-26,,PEP,,,,,,,,,,,,,,,166.67828369140625,,,,,,,
2024-07-26,,PFE,,,,,,,,,,,,,,,,,,,,29.248624801635742,,
2024-07-26,,PLTR,,,,,,,,,,,,,,27.18000030517578,,,,,,,,
2024-07-26,,QQQ,,,,,,,,,460.3717041015625,,,,,,,,,,,,,
2024-07-26,,SPOT,,,,,,,,321.8800048828125,,,,,,,,,,,,,,
2024-07-26,,SPY,,,,,,,537.742431640625,,,,,,,,,,,,,,,
2024-07-26,,TSLA,,,,,219.8000030517578,,,,,,,,,,,,,,,,,
2024-07-26,,YPF,,,,,,,,,,,,,,,,,,,,,,19.979999542236328
2024-07-29,,AAPL,217.22412109375,,,,,,,,,,,,,,,,,,,,,
2024-07-29,,AMZN,,,,183.1999969482422,,,,,,,,,,,,,,,,,,
2024-07-29,,AVGO,,,,,,,,,,,,,,,,,,,,,148.52735900878906,
2024-07-29,,BRK-B,,,,,,,,,,,,,438.30999755859375,,,,,,,,,
2024-07-29,,COIN,,,,,,,,,,,,,,,,,,234.1999969482422,,,,
2024-07-29,,DIA,,,,,,,,,,,400.46661376953125,,,,,,,,,,,
2024-07-29,,GGAL,,,,,,,,,,,,,,,,26.89292335510254,,,,,,
2024-07-29,,GOOG,,,170.3123779296875,,,,,,,,,,,,,,,,,,,
2024-07-29,,HUT,,,,,,,,,,,,,,,,,14.829999923706055,,,,,
2024-07-29,,KO,,,,,,,,,,64.93109130859375,,,,,,,,,,,,
2024-07-29,,META,,,,,,,,,,,,464.1208190917969,,,,,,,,,,
2024-07-29,,MRVL,,,,,,,,,,,,,,,,,,,64.32089233398438,,,
2024-07-29,,MSTR,,,,,,168.48500061035156,,,,,,,,,,,,,,,,
2024-07-29,111.55475616455078,NVDA,,,,,,,,,,,,,,,,,,,,,,
2024-07-29,,PAM,,45.36000061035156,,,,,,,,,,,,,,,,,,,,
2024-07-29,,PEP,,,,,,,,,,,,,,,167.12213134765625,,,,,,,
2024-07-29,,PFE,,,,,,,,,,,,,,,,,,,,29.20109748840332,,
2024-07-29,,PLTR,,,,,,,,,,,,,,27.079999923706055,,,,,,,,
2024-07-29,,QQQ,,,,,,,,,461.2964782714844,,,,,,,,,,,,,
2024-07-29,,SPOT,,,,,,,,323.739990234375,,,,,,,,,,,,,,
2024-07-29,,SPY,,,,,,,538.0584106445312,,,,,,,,,,,,,,,
2024-07-29,,TSLA,,,,,232.10000610351562,,,,,,,,,,,,,,,,,
2024-07-29,,YPF,,,,,,,,,,,,,,,,,,,,,,19.299999237060547
2024-07-30,,AAPL,217.78152465820312,,,,,,,,,,,,,,,,,,,,,
2024-07-30,,AMZN,,,,181.7100067138672,,,,,,,,,,,,,,,,,,
2024-07-30,,AVGO,,,,,,,,,,,,,,,,,,,,,141.90286254882812,
2024-07-30,,BRK-B,,,,,,,,,,,,,441.260009765625,,,,,,,,,
2024-07-30,,COIN,,,,,,,,,,,,,,,,,,224.4600067138672,,,,
2024-07-30,,DIA,,,,,,,,,,,402.3430480957031,,,,,,,,,,,
2024-07-30,,GGAL,,,,,,,,,,,,,,,,26.337326049804688,,,,,,
2024-07-30,,GOOG,,,171.03887939453125,,,,,,,,,,,,,,,,,,,
2024-07-30,,HUT,,,,,,,,,,,,,,,,,13.970000267028809,,,,,
2024-07-30,,KO,,,,,,,,,,65.75694274902344,,,,,,,,,,,,
2024-07-30,,META,,,,,,,,,,,,461.6094055175781,,,,,,,,,,
2024-07-30,,MRVL,,,,,,,,,,,,,,,,,,,62.64503479003906,,,
2024-07-30,,MSTR,,,,,,160.40699768066406,,,,,,,,,,,,,,,,
2024-07-30,103.6972427368164,NVDA,,,,,,,,,,,,,,,,,,,,,,
2024-07-30,,PAM,,44.0,,,,,,,,,,,,,,,,,,,,
2024-07-30,,PEP,,,,,,,,,,,,,,,167.09317016601562,,,,,,,
2024-07-30,,PFE,,,,,,,,,,,,,,,,,,,,29.837970733642578,,
2024-07-30,,PLTR,,,,,,,,,,,,,,26.3700008392334,,,,,,,,
2024-07-30,,QQQ,,,,,,,,,454.96221923828125,,,,,,,,,,,,,
2024-07-30,,SPOT,,,,,,,,330.3500061035156,,,,,,,,,,,,,,
2024-07-30,,SPY,,,,,,,535.3323974609375,,,,,,,,,,,,,,,
2024-07-30,,TSLA,,,,,222.6199951171875,,,,,,,,,,,,,,,,,
2024-07-30,,YPF,,,,,,,,,,,,,,,,,,,,,,18.950000762939453
2024-07-31,,AAPL,221.0462188720703,,,,,,,,,,,,,,,,,,,,,
2024-07-31,,AMZN,,,,186.97999572753906,,,,,,,,,,,,,,,,,,
2024-07-31,,AVGO,,,,,,,,,,,,,,,,,,,,,158.86949157714844,
2024-07-31,,BRK-B,,,,,,,,,,,,,438.5,,,,,,,,,
2024-07-31,,COIN,,,,,,,,,,,,,,,,,,224.36000061035156,,,,
2024-07-31,,DIA,,,,,,,,,,,403.4095764160156,,,,,,,,,,,
2024-07-31,,GGAL,,,,,,,,,,,,,,,,28.238056182861328,,,,,,
2024-07-31,,GOOG,,,172.32272338867188,,,,,,,,,,,,,,,,,,,
2024-07-31,,HUT,,,,,,,,,,,,,,,,,14.640000343322754,,,,,
2024-07-31,,KO,,,,,,,,,,64.8436508178711,,,,,,,,,,,,
2024-07-31,,META,,,,,,,,,,,,473.2096252441406,,,,,,,,,,
2024-07-31,,MRVL,,,,,,,,,,,,,,,,,,,66.81472778320312,,,
2024-07-31,,MSTR,,,,,,161.44400024414062,,,,,,,,,,,,,,,,
2024-07-31,116.9830322265625,NVDA,,,,,,,,,,,,,,,,,,,,,,
2024-07-31,,PAM,,45.43000030517578,,,,,,,,,,,,,,,,,,,,
2024-07-31,,PEP,,,,,,,,,,,,,,,166.60110473632812,,,,,,,
2024-07-31,,PFE,,,,,,,,,,,,,,,,,,,,29.029998779296875,,
2024-07-31,,PLTR,,,,,,,,,,,,,,26.889999389648438,,,,,,,,
2024-07-31,,QQQ,,,,,,,,,468.42620849609375,,,,,,,,,,,,,
2024-07-31,,SPOT,,,,,,,,343.94000244140625,,,,,,,,,,,,,,
2024-07-31,,SPY,,,,,,,544.0339965820312,,,,,,,,,,,,,,,
2024-07-31,,TSLA,,,,,232.07000732421875,,,,,,,,,,,,,,,,,
2024-07-31,,YPF,,,,,,,,,,,,,,,,,,,,,,19.940000534057617
2024-08-01,,AAPL,217.3435516357422,,,,,,,,,,,,,,,,,,,,,
2024-08-01,,AMZN,,,,184.07000732421875,,,,,,,,,,,,,,,,,,
2024-08-01,,AVGO,,,,,,,,,,,,,,,,,,,,,145.36343383789062,
2024-08-01,,BRK-B,,,,,,,,,,,,,431.80999755859375,,,,,,,,,
2024-08-01,,COIN,,,,,,,,,,,,,,,,,,212.63999938964844,,,,
2024-08-01,,DIA,,,,,,,,,,,398.2149353027344,,,,,,,,,,,
2024-08-01,,GGAL,,,,,,,,,,,,,,,,27.653217315673828,,,,,,
2024-08-01,,GOOG,,,171.62606811523438,,,,,,,,,,,,,,,,,,,
2024-08-01,,HUT,,,,,,,,,,,,,,,,,13.899999618530273,,,,,
2024-08-01,,KO,,,,,,,,,,66.02897644042969,,,,,,,,,,,,
2024-08-01,,META,,,,,,,,,,,,496.0414733886719,,,,,,,,,,
2024-08-01,,MRVL,,,,,,,,,,,,,,,,,,,62.90439987182617,,,
2024-08-01,,MSTR,,,,,,151.18099975585938,,,,,,,,,,,,,,,,
2024-08-01,109.1755142211914,NVDA,,,,,,,,,,,,,,,,,,,,,,
2024-08-01,,PAM,,45.279998779296875,,,,,,,,,,,,,,,,,,,,
2024-08-01,,PEP,,,,,,,,,,,,,,,168.8106231689453,,,,,,,
2024-08-01,,PFE,,,,,,,,,,,,,,,,,,,,29.134557723999023,,
2024-08-01,,PLTR,,,,,,,,,,,,,,26.079999923706055,,,,,,,,
2024-08-01,,QQQ,,,,,,,,,457.08026123046875,,,,,,,,,,,,,
2024-08-01,,SPOT,,,,,,,,336.5,,,,,,,,,,,,,,
2024-08-01,,SPY,,,,,,,536.3298950195312,,,,,,,,,,,,,,,
2024-08-01,,TSLA,,,,,216.86000061035156,,,,,,,,,,,,,,,,,
2024-08-01,,YPF,,,,,,,,,,,,,,,,,,,,,,19.3700008392334
2024-08-02,,AAPL,218.83657836914062,,,,,,,,,,,,,,,,,,,,,
2024-08-02,,AMZN,,,,167.89999389648438,,,,,,,,,,,,,,,,,,
2024-08-02,,AVGO,,,,,,,,,,,,,,,,,,,,,142.19947814941406,
2024-08-02,,BRK-B,,,,,,,,,,,,,428.3599853515625,,,,,,,,,
2024-08-02,,COIN,,,,,,,,,,,,,,,,,,204.44000244140625,,,,
2024-08-02,,DIA,,,,,,,,,,,392.1908874511719,,,,,,,,,,,
2024-08-02,,GGAL,,,,,,,,,,,,,,,,25.97667121887207,,,,,,
2024-08-02,,GOOG,,,167.5954132080078,,,,,,,,,,,,,,,,,,,
2024-08-02,,HUT,,,,,,,,,,,,,,,,,12.399999618530273,,,,,
2024-08-02,,KO,,,,,,,,,,67.36006164550781,,,,,,,,,,,,
2024-08-02,,META,,,,,,,,,,,,486.4742736816406,,,,,,,,,,
2024-08-02,,MRVL,,,,,,,,,,,,,,,,,,,59.103797912597656,,,
2024-08-02,,MSTR,,,,,,144.7989959716797,,,,,,,,,,,,,,,,
2024-08-02,107.23612213134766,NVDA,,,,,,,,,,,,,,,,,,,,,,
2024-08-02,,PAM,,42.72999954223633,,,,,,,,,,,,,,,,,,,,
2024-08-02,,PEP,,,,,,,,,,,,,,,171.78236389160156,,,,,,,
2024-08-02,,PFE,,,,,,,,,,,,,,,,,,,,28.92543601989746,,
2024-08-02,,PLTR,,,,,,,,,,,,,,24.739999771118164,,,,,,,,
2024-08-02,,QQQ,,,,,,,,,446.23150634765625,,,,,,,,,,,,,
2024-08-02,,SPOT,,,,,,,,330.8500061035156,,,,,,,,,,,,,,
2024-08-02,,SPY,,,,,,,526.3442993164062,,,,,,,,,,,,,,,
2024-08-02,,TSLA,,,,,207.6699981689453,,,,,,,,,,,,,,,,,
2024-08-02,,YPF,,,,,,,,,,,,,,,,,,,,,,18.139999389648438
2024-08-05,,AAPL,208.29588317871094,,,,,,,,,,,,,,,,,,,,,
2024-08-05,,AMZN,,,,161.02000427246094,,,,,,,,,,,,,,,,,,
2024-08-05,,AVGO,,,,,,,,,,,,,,,,,,,,,140.47906494140625,
2024-08-05,,BRK-B,,,,,,,,,,,,,413.7200012207031,,,,,,,,,
2024-08-05,,COIN,,,,,,,,,,,,,,,,,,189.47000122070312,,,,
2024-08-05,,DIA,,,,,,,,,,,381.9992370605469,,,,,,,,,,,
2024-08-05,,GGAL,,,,,,,,,,,,,,,,25.937685012817383,,,,,,
2024-08-05,,GOOG,,,159.87249755859375,,,,,,,,,,,,,,,,,,,
2024-08-05,,HUT,,,,,,,,,,,,,,,,,11.59000015258789,,,,,
2024-08-05,,KO,,,,,,,,,,66.16500091552734,,,,,,,,,,,,
2024-08-05,,META,,,,,,,,,,,,474.10662841796875,,,,,,,,,,
2024-08-05,,MRVL,,,,,,,,,,,,,,,,,,,57.52769470214844,,,
2024-08-05,,MSTR,,,,,,130.89999389648438,,,,,,,,,,,,,,,,
2024-08-05,100.41827392578125,NVDA,,,,,,,,,,,,,,,,,,,,,,
2024-08-05,,PAM,,41.970001220703125,,,,,,,,,,,,,,,,,,,,
2024-08-05,,PEP,,,,,,,,,,,,,,,167.9229278564453,,,,,,,
2024-08-05,,PFE,,,,,,,,,,,,,,,,,,,,28.269550323486328,,
2024-08-05,,PLTR,,,,,,,,,,,,,,24.09000015258789,,,,,,,,
2024-08-05,,QQQ,,,,,,,,,432.9266052246094,,,,,,,,,,,,,
2024-08-05,,SPOT,,,,,,,,324.0299987792969,,,,,,,,,,,,,,
2024-08-05,,SPY,,,,,,,511.0152587890625,,,,,,,,,,,,,,,
2024-08-05,,TSLA,,,,,198.8800048828125,,,,,,,,,,,,,,,,,
2024-08-05,,YPF,,,,,,,,,,,,,,,,,,,,,,18.059999465942383
2024-08-06,,AAPL,206.2653350830078,,,,,,,,,,,,,,,,,,,,,
2024-08-06,,AMZN,,,,161.92999267578125,,,,,,,,,,,,,,,,,,
2024-08-06,,AVGO,,,,,,,,,,,,,,,,,,,,,142.29833984375,
2024-08-06,,BRK-B,,,,,,,,,,,,,422.1400146484375,,,,,,,,,
2024-08-06,,COIN,,,,,,,,,,,,,,,,,,194.1699981689453,,,,
2024-08-06,,DIA,,,,,,,,,,,385.1100769042969,,,,,,,,,,,
2024-08-06,,GGAL,,,,,,,,,,,,,,,,27.34130096435547,,,,,,
2024-08-06,,GOOG,,,159.77294921875,,,,,,,,,,,,,,,,,,,
2024-08-06,,HUT,,,,,,,,,,,,,,,,,12.3100004196167,,,,,
2024-08-06,,KO,,,,,,,,,,66.1164321899414,,,,,,,,,,,,
2024-08-06,,META,,,,,,,,,,,,492.4039611816406,,,,,,,,,,
2024-08-06,,MRVL,,,,,,,,,,,,,,,,,,,58.07633972167969,,,
2024-08-06,,MSTR,,,,,,136.92100524902344,,,,,,,,,,,,,,,,
2024-08-06,104.21707153320312,NVDA,,,,,,,,,,,,,,,,,,,,,,
2024-08-06,,PAM,,43.130001068115234,,,,,,,,,,,,,,,,,,,,
2024-08-06,,PEP,,,,,,,,,,,,,,,166.4274139404297,,,,,,,
2024-08-06,,PFE,,,,,,,,,,,,,,,,,,,,27.870315551757812,,
2024-08-06,,PLTR,,,,,,,,,,,,,,26.59000015258789,,,,,,,,
2024-08-06,,QQQ,,,,,,,,,437.0632629394531,,,,,,,,,,,,,
2024-08-06,,SPOT,,,,,,,,327.29998779296875,,,,,,,,,,,,,,
2024-08-06,,SPY,,,,,,,515.7266235351562,,,,,,,,,,,,,,,
2024-08-06,,TSLA,,,,,200.63999938964844,,,,,,,,,,,,,,,,,
2024-08-06,,YPF,,,,,,,,,,,,,,,,,,,,,,18.450000762939453
2024-08-07,,AAPL,208.8433074951172,,,,,,,,,,,,,,,,,,,,,
2024-08-07,,AMZN,,,,162.77000427246094,,,,,,,,,,,,,,,,,,
2024-08-07,,AVGO,,,,,,,,,,,,,,,,,,,,,134.7345428466797,
2024-08-07,,BRK-B,,,,,,,,,,,,,427.0199890136719,,,,,,,,,
2024-08-07,,COIN,,,,,,,,,,,,,,,,,,178.91000366210938,,,,
2024-08-07,,DIA,,,,,,,,,,,382.947265625,,,,,,,,,,,
2024-08-07,,GGAL,,,,,,,,,,,,,,,,27.945636749267578,,,,,,
2024-08-07,,GOOG,,,159.98196411132812,,,,,,,,,,,,,,,,,,,
2024-08-07,,HUT,,,,,,,,,,,,,,,,,11.130000114440918,,,,,
2024-08-07,,KO,,,,,,,,,,66.5147705078125,,,,,,,,,,,,
2024-08-07,,META,,,,,,,,,,,,487.2515869140625,,,,,,,,,,
2024-08-07,,MRVL,,,,,,,,,,,,,,,,,,,56.01144790649414,,,
2024-08-07,,MSTR,,,,,,124.68499755859375,,,,,,,,,,,,,,,,
2024-08-07,98.87876892089844,NVDA,,,,,,,,,,,,,,,,,,,,,,
2024-08-07,,PAM,,44.209999084472656,,,,,,,,,,,,,,,,,,,,
2024-08-07,,PEP,,,,,,,,,,,,,,,165.75201416015625,,,,,,,
2024-08-07,,PFE,,,,,,,,,,,,,,,,,,,,27.42355728149414,,
2024-08-07,,PLTR,,,,,,,,,,,,,,26.31999969482422,,,,,,,,
2024-08-07,,QQQ,,,,,,,,,432.3299255371094,,,,,,,,,,,,,
2024-08-07,,SPOT,,,,,,,,323.3399963378906,,,,,,,,,,,,,,
2024-08-07,,SPY,,,,,,,512.2794799804688,,,,,,,,,,,,,,,
2024-08-07,,TSLA,,,,,191.75999450683594,,,,,,,,,,,,,,,,,
2024-08-07,,YPF,,,,,,,,,,,,,,,,,,,,,,19.030000686645508
2024-08-08,,AAPL,212.3170623779297,,,,,,,,,,,,,,,,,,,,,
2024-08-08,,AMZN,,,,165.8000030517578,,,,,,,,,,,,,,,,,,
2024-08-08,,AVGO,,,,,,,,,,,,,,,,,,,,,144.09783935546875,
2024-08-08,,BRK-B,,,,,,,,,,,,,431.5400085449219,,,,,,,,,
2024-08-08,,COIN,,,,,,,,,,,,,,,,,,192.32000732421875,,,,
2024-08-08,,DIA,,,,,,,,,,,389.61334228515625,,,,,,,,,,,
2024-08-08,,GGAL,,,,,,,,,,,,,,,,31.942049026489258,,,,,,
2024-08-08,,GOOG,,,163.0572052001953,,,,,,,,,,,,,,,,,,,
2024-08-08,,HUT,,,,,,,,,,,,,,,,,12.420000076293945,,,,,
2024-08-08,,KO,,,,,,,,,,66.77711486816406,,,,,,,,,,,,
2024-08-08,,META,,,,,,,,,,,,507.89093017578125,,,,,,,,,,
2024-08-08,,MRVL,,,,,,,,,,,,,,,,,,,61.00908660888672,,,
2024-08-08,,MSTR,,,,,,135.99000549316406,,,,,,,,,,,,,,,,
2024-08-08,104.93685150146484,NVDA,,,,,,,,,,,,,,,,,,,,,,
2024-08-08,,PAM,,48.79999923706055,,,,,,,,,,,,,,,,,,,,
2024-08-08,,PEP,,,,,,,,,,,,,,,166.31163024902344,,,,,,,
2024-08-08,,PFE,,,,,,,,,,,,,,,,,,,,27.3380069732666,,
2024-08-08,,PLTR,,,,,,,,,,,,,,29.280000686645508,,,,,,,,
2024-08-08,,QQQ,,,,,,,,,445.5553283691406,,,,,,,,,,,,,
2024-08-08,,SPOT,,,,,,,,338.32000732421875,,,,,,,,,,,,,,
2024-08-08,,SPY,,,,,,,524.1220092773438,,,,,,,,,,,,,,,
2024-08-08,,TSLA,,,,,198.83999633789062,,,,,,,,,,,,,,,,,
2024-08-08,,YPF,,,,,,,,,,,,,,,,,,,,,,19.780000686645508
2024-08-09,,AAPL,215.23342895507812,,,,,,,,,,,,,,,,,,,,,
2024-08-09,,AMZN,,,,166.94000244140625,,,,,,,,,,,,,,,,,,
2024-08-09,,AVGO,,,,,,,,,,,,,,,,,,,,,146.5894317626953,
2024-08-09,,BRK-B,,,,,,,,,,,,,431.6700134277344,,,,,,,,,
2024-08-09,,COIN,,,,,,,,,,,,,,,,,,196.2899932861328,,,,
2024-08-09,,DIA,,,,,,,,,,,390.23553466796875,,,,,,,,,,,
2024-08-09,,GGAL,,,,,,,,,,,,,,,,33.374908447265625,,,,,,
2024-08-09,,GOOG,,,164.5998077392578,,,,,,,,,,,,,,,,,,,
2024-08-09,,HUT,,,,,,,,,,,,,,,,,11.970000267028809,,,,,
2024-08-09,,KO,,,,,,,,,,66.72852325439453,,,,,,,,,,,,
2024-08-09,,META,,,,,,,,,,,,516.003173828125,,,,,,,,,,
2024-08-09,,MRVL,,,,,,,,,,,,,,,,,,,60.41056442260742,,,
2024-08-09,,MSTR,,,,,,135.3699951171875,,,,,,,,,,,,,,,,
2024-08-09,104.7169189453125,NVDA,,,,,,,,,,,,,,,,,,,,,,
2024-08-09,,PAM,,50.9900016784668,,,,,,,,,,,,,,,,,,,,
2024-08-09,,PEP,,,,,,,,,,,,,,,166.3309326171875,,,,,,,
2024-08-09,,PFE,,,,,,,,,,,,,,,,,,,,27.138389587402344,,
2024-08-09,,PLTR,,,,,,,,,,,,,,30.010000228881836,,,,,,,,
2024-08-09,,QQQ,,,,,,,,,447.8821716308594,,,,,,,,,,,,,
2024-08-09,,SPOT,,,,,,,,339.8999938964844,,,,,,,,,,,,,,
2024-08-09,,SPY,,,,,,,526.4331665039062,,,,,,,,,,,,,,,
2024-08-09,,TSLA,,,,,200.0,,,,,,,,,,,,,,,,,
2024-08-09,,YPF,,,,,,,,,,,,,,,,,,,,,,20.579999923706055
2024-08-12,,AAPL,216.76803588867188,,,,,,,,,,,,,,,,,,,,,
2024-08-12,,AMZN,,,,166.8000030517578,,,,,,,,,,,,,,,,,,
2024-08-12,,AVGO,,,,,,,,,,,,,,,,,,,,,146.94537353515625,
2024-08-12,,BRK-B,,,,,,,,,,,,,430.3900146484375,,,,,,,,,
2024-08-12,,COIN,,,,,,,,,,,,,,,,,,191.74000549316406,,,,
2024-08-12,,DIA,,,,,,,,,,,388.8726501464844,,,,,,,,,,,
2024-08-12,,GGAL,,,,,,,,,,,,,,,,33.374908447265625,,,,,,
2024-08-12,,GOOG,,,163.16668701171875,,,,,,,,,,,,,,,,,,,
2024-08-12,,HUT,,,,,,,,,,,,,,,,,11.390000343322754,,,,,
2024-08-12,,KO,,,,,,,,,,66.23301696777344,,,,,,,,,,,,
2024-08-12,,META,,,,,,,,,,,,514.189453125,,,,,,,,,,
2024-08-12,,MRVL,,,,,,,,,,,,,,,,,,,60.360687255859375,,,
2024-08-12,,MSTR,,,,,,131.4600067138672,,,,,,,,,,,,,,,,
2024-08-12,108.9855728149414,NVDA,,,,,,,,,,,,,,,,,,,,,,
2024-08-12,,PAM,,51.83000183105469,,,,,,,,,,,,,,,,,,,,
2024-08-12,,PEP,,,,,,,,,,,,,,,165.39503479003906,,,,,,,
2024-08-12,,PFE,,,,,,,,,,,,,,,,,,,,27.0433349609375,,
2024-08-12,,PLTR,,,,,,,,,,,,,,29.3799991607666,,,,,,,,
2024-08-12,,QQQ,,,,,,,,,448.84674072265625,,,,,,,,,,,,,
2024-08-12,,SPOT,,,,,,,,340.3599853515625,,,,,,,,,,,,,,
2024-08-12,,SPY,,,,,,,526.7097778320312,,,,,,,,,,,,,,,
2024-08-12,,TSLA,,,,,197.49000549316406,,,,,,,,,,,,,,,,,
2024-08-12,,YPF,,,,,,,,,,,,,,,,,,,,,,21.440000534057617
2024-08-13,,AAPL,220.49493408203125,,,,,,,,,,,,,,,,,,,,,
2024-08-13,,AMZN,,,,170.22999572753906,,,,,,,,,,,,,,,,,,
2024-08-13,,AVGO,,,,,,,,,,,,,,,,,,,,,154.40042114257812,
2024-08-13,,BRK-B,,,,,,,,,,,,,432.4100036621094,,,,,,,,,
2024-08-13,,COIN,,,,,,,,,,,,,,,,,,197.94000244140625,,,,
2024-08-13,,DIA,,,,,,,,,,,392.8426818847656,,,,,,,,,,,
2024-08-13,,GGAL,,,,,,,,,,,,,,,,33.54061508178711,,,,,,
2024-08-13,,GOOG,,,165.13720703125,,,,,,,,,,,,,,,,,,,
2024-08-13,,HUT,,,,,,,,,,,,,,,,,10.960000038146973,,,,,
2024-08-13,,KO,,,,,,,,,,66.5147705078125,,,,,,,,,,,,
2024-08-13,,META,,,,,,,,,,,,526.7363891601562,,,,,,,,,,
2024-08-13,,MRVL,,,,,,,,,,,,,,,,,,,63.8919563293457,,,
2024-08-13,,MSTR,,,,,,135.3800048828125,,,,,,,,,,,,,,,,
2024-08-13,116.10331726074219,NVDA,,,,,,,,,,,,,,,,,,,,,,
2024-08-13,,PAM,,51.70000076293945,,,,,,,,,,,,,,,,,,,,
2024-08-13,,PEP,,,,,,,,,,,,,,,166.31163024902344,,,,,,,
2024-08-13,,PFE,,,,,,,,,,,,,,,,,,,,27.42355728149414,,
2024-08-13,,PLTR,,,,,,,,,,,,,,30.389999389648438,,,,,,,,
2024-08-13,,QQQ,,,,,,,,,459.9838562011719,,,,,,,,,,,,,
2024-08-13,,SPOT,,,,,,,,334.739990234375,,,,,,,,,,,,,,
2024-08-13,,SPY,,,,,,,535.3718872070312,,,,,,,,,,,,,,,
2024-08-13,,TSLA,,,,,207.8300018310547,,,,,,,,,,,,,,,,,
2024-08-13,,YPF,,,,,,,,,,,,,,,,,,,,,,21.59000015258789
2024-08-14,,AAPL,220.943359375,,,,,,,,,,,,,,,,,,,,,
2024-08-14,,AMZN,,,,170.10000610351562,,,,,,,,,,,,,,,,,,
2024-08-14,,AVGO,,,,,,,,,,,,,,,,,,,,,155.91319274902344,
2024-08-14,,BRK-B,,,,,,,,,,,,,438.4700012207031,,,,,,,,,
2024-08-14,,COIN,,,,,,,,,,,,,,,,,,195.9600067138672,,,,
2024-08-14,,DIA,,,,,,,,,,,395.1140441894531,,,,,,,,,,,
2024-08-14,,GGAL,,,,,,,,,,,,,,,,34.54458999633789,,,,,,
2024-08-14,,GOOG,,,161.25584411621094,,,,,,,,,,,,,,,,,,,
2024-08-14,,HUT,,,,,,,,,,,,,,,,,10.970000267028809,,,,,
2024-08-14,,KO,,,,,,,,,,66.63137817382812,,,,,,,,,,,,
2024-08-14,,META,,,,,,,,,,,,524.9624633789062,,,,,,,,,,
2024-08-14,,MRVL,,,,,,,,,,,,,,,,,,,63.632598876953125,,,
2024-08-14,,MSTR,,,,,,130.3699951171875,,,,,,,,,,,,,,,,
2024-08-14,118.04271697998047,NVDA,,,,,,,,,,,,,,,,,,,,,,
2024-08-14,,PAM,,51.86000061035156,,,,,,,,,,,,,,,,,,,,
2024-08-14,,PEP,,,,,,,,,,,,,,,167.6045379638672,,,,,,,
2024-08-14,,PFE,,,,,,,,,,,,,,,,,,,,27.452072143554688,,
2024-08-14,,PLTR,,,,,,,,,,,,,,31.0,,,,,,,,
2024-08-14,,QQQ,,,,,,,,,460.133056640625,,,,,,,,,,,,,
2024-08-14,,SPOT,,,,,,,,334.3500061035156,,,,,,,,,,,,,,
2024-08-14,,SPY,,,,,,,537.0608520507812,,,,,,,,,,,,,,,
2024-08-14,,TSLA,,,,,201.3800048828125,,,,,,,,,,,,,,,,,
2024-08-14,,YPF,,,,,,,,,,,,,,,,,,,,,,21.600000381469727
2024-08-15,,AAPL,223.93284606933594,,,,,,,,,,,,,,,,,,,,,
2024-08-15,,AMZN,,,,177.58999633789062,,,,,,,,,,,,,,,,,,
2024-08-15,,AVGO,,,,,,,,,,,,,,,,,,,,,164.25807189941406,
2024-08-15,,BRK-B,,,,,,,,,,,,,440.8399963378906,,,,,,,,,
2024-08-15,,COIN,,,,,,,,,,,,,,,,,,197.1199951171875,,,,
2024-08-15,,DIA,,,,,,,,,,,400.8320617675781,,,,,,,,,,,
2024-08-15,,GGAL,,,,,,,,,,,,,,,,34.593326568603516,,,,,,
2024-08-15,,GOOG,,,162.39041137695312,,,,,,,,,,,,,,,,,,,
2024-08-15,,HUT,,,,,,,,,,,,,,,,,11.649999618530273,,,,,
2024-08-15,,KO,,,,,,,,,,66.69937896728516,,,,,,,,,,,,
2024-08-15,,META,,,,,,,,,,,,535.4963989257812,,,,,,,,,,
2024-08-15,,MRVL,,,,,,,,,,,,,,,,,,,69.158935546875,,,
2024-08-15,,MSTR,,,,,,131.92999267578125,,,,,,,,,,,,,,,,
2024-08-15,122.82120513916016,NVDA,,,,,,,,,,,,,,,,,,,,,,
2024-08-15,,PAM,,52.790000915527344,,,,,,,,,,,,,,,,,,,,
2024-08-15,,PEP,,,,,,,,,,,,,,,166.4563751220703,,,,,,,
2024-08-15,,PFE,,,,,,,,,,,,,,,,,,,,27.290475845336914,,
2024-08-15,,PLTR,,,,,,,,,,,,,,31.219999313354492,,,,,,,,
2024-08-15,,QQQ,,,,,,,,,471.7574462890625,,,,,,,,,,,,,
2024-08-15,,SPOT,,,,,,,,335.5899963378906,,,,,,,,,,,,,,
2024-08-15,,SPY,,,,,,,546.2661743164062,,,,,,,,,,,,,,,
2024-08-15,,TSLA,,,,,214.13999938964844,,,,,,,,,,,,,,,,,
2024-08-15,,YPF,,,,,,,,,,,,,,,,,,,,,,21.780000686645508
2024-08-16,,AAPL,225.25819396972656,,,,,,,,,,,,,,,,,,,,,
2024-08-16,,AMZN,,,,177.05999755859375,,,,,,,,,,,,,,,,,,
2024-08-16,,AVGO,,,,,,,,,,,,,,,,,,,,,163.85269165039062,
2024-08-16,,BRK-B,,,,,,,,,,,,,444.510009765625,,,,,,,,,
2024-08-16,,COIN,,,,,,,,,,,,,,,,,,205.30999755859375,,,,
2024-08-16,,DIA,,,,,,,,,,,402.0052490234375,,,,,,,,,,,
2024-08-16,,GGAL,,,,,,,,,,,,,,,,34.281410217285156,,,,,,
2024-08-16,,GOOG,,,163.95291137695312,,,,,,,,,,,,,,,,,,,
2024-08-16,,HUT,,,,,,,,,,,,,,,,,11.539999961853027,,,,,
2024-08-16,,KO,,,,,,,,,,67.21431732177734,,,,,,,,,,,,
2024-08-16,,META,,,,,,,,,,,,525.6202392578125,,,,,,,,,,
2024-08-16,,MRVL,,,,,,,,,,,,,,,,,,,69.1489486694336,,,
2024-08-16,,MSTR,,,,,,133.0399932861328,,,,,,,,,,,,,,,,
2024-08-16,124.54065704345703,NVDA,,,,,,,,,,,,,,,,,,,,,,
2024-08-16,,PAM,,52.52000045776367,,,,,,,,,,,,,,,,,,,,
2024-08-16,,PEP,,,,,,,,,,,,,,,166.5528564453125,,,,,,,
2024-08-16,,PFE,,,,,,,,,,,,,,,,,,,,26.90074920654297,,
2024-08-16,,PLTR,,,,,,,,,,,,,,32.08000183105469,,,,,,,,
2024-08-16,,QQQ,,,,,,,,,472.3639831542969,,,,,,,,,,,,,
2024-08-16,,SPOT,,,,,,,,337.3800048828125,,,,,,,,,,,,,,
2024-08-16,,SPY,,,,,,,547.4909057617188,,,,,,,,,,,,,,,
2024-08-16,,TSLA,,,,,216.1199951171875,,,,,,,,,,,,,,,,,
2024-08-16,,YPF,,,,,,,,,,,,,,,,,,,,,,21.670000076293945
2024-08-19,,AAPL,225.09873962402344,,,,,,,,,,,,,,,,,,,,,
2024-08-19,,AMZN,,,,178.22000122070312,,,,,,,,,,,,,,,,,,
2024-08-19,,AVGO,,,,,,,,,,,,,,,,,,,,,165.82028198242188,
2024-08-19,,BRK-B,,,,,,,,,,,,,448.7699890136719,,,,,,,,,
2024-08-19,,COIN,,,,,,,,,,,,,,,,,,204.4600067138672,,,,
2024-08-19,,DIA,,,,,,,,,,,404.34765625,,,,,,,,,,,
2024-08-19,,GGAL,,,,,,,,,,,,,,,,34.47548294067383,,,,,,
2024-08-19,,GOOG,,,167.5954132080078,,,,,,,,,,,,,,,,,,,
2024-08-19,,HUT,,,,,,,,,,,,,,,,,12.220000267028809,,,,,
2024-08-19,,KO,,,,,,,,,,67.02000427246094,,,,,,,,,,,,
2024-08-19,,META,,,,,,,,,,,,527.4739379882812,,,,,,,,,,
2024-08-19,,MRVL,,,,,,,,,,,,,,,,,,,70.86470794677734,,,
2024-08-19,,MSTR,,,,,,135.35000610351562,,,,,,,,,,,,,,,,
2024-08-19,129.9589385986328,NVDA,,,,,,,,,,,,,,,,,,,,,,
2024-08-19,,PAM,,52.869998931884766,,,,,,,,,,,,,,,,,,,,
2024-08-19,,PEP,,,,,,,,,,,,,,,167.710693359375,,,,,,,
2024-08-19,,PFE,,,,,,,,,,,,,,,,,,,,27.376028060913086,,
2024-08-19,,PLTR,,,,,,,,,,,,,,32.5,,,,,,,,
2024-08-19,,QQQ,,,,,,,,,478.5689697265625,,,,,,,,,,,,,
2024-08-19,,SPOT,,,,,,,,344.69000244140625,,,,,,,,,,,,,,
2024-08-19,,SPY,,,,,,,552.7257080078125,,,,,,,,,,,,,,,
2024-08-19,,TSLA,,,,,222.72000122070312,,,,,,,,,,,,,,,,,
2024-08-19,,YPF,,,,,,,,,,,,,,,,,,,,,,21.790000915527344
2024-08-20,,AAPL,225.71656799316406,,,,,,,,,,,,,,,,,,,,,
2024-08-20,,AMZN,,,,178.8800048828125,,,,,,,,,,,,,,,,,,
2024-08-20,,AVGO,,,,,,,,,,,,,,,,,,,,,164.08010864257812,
2024-08-20,,BRK-B,,,,,,,,,,,,,448.3599853515625,,,,,,,,,
2024-08-20,,COIN,,,,,,,,,,,,,,,,,,197.25,,,,
2024-08-20,,DIA,,,,,,,,,,,403.8040771484375,,,,,,,,,,,
2024-08-20,,GGAL,,,,,,,,,,,,,,,,34.594913482666016,,,,,,
2024-08-20,,GOOG,,,168.1527557373047,,,,,,,,,,,,,,,,,,,
2024-08-20,,HUT,,,,,,,,,,,,,,,,,11.5600004196167,,,,,
2024-08-20,,KO,,,,,,,,,,67.40862274169922,,,,,,,,,,,,
2024-08-20,,META,,,,,,,,,,,,524.9326171875,,,,,,,,,,
2024-08-20,,MRVL,,,,,,,,,,,,,,,,,,,69.23873138427734,,,
2024-08-20,,MSTR,,,,,,133.69000244140625,,,,,,,,,,,,,,,,
2024-08-20,127.2098159790039,NVDA,,,,,,,,,,,,,,,,,,,,,,
2024-08-20,,PAM,,52.599998474121094,,,,,,,,,,,,,,,,,,,,
2024-08-20,,PEP,,,,,,,,,,,,,,,169.66934204101562,,,,,,,
2024-08-20,,PFE,,,,,,,,,,,,,,,,,,,,27.471086502075195,,
2024-08-20,,PLTR,,,,,,,,,,,,,,32.31999969482422,,,,,,,,
2024-08-20,,QQQ,,,,,,,,,477.5646667480469,,,,,,,,,,,,,
2024-08-20,,SPOT,,,,,,,,346.2799987792969,,,,,,,,,,,,,,
2024-08-20,,SPY,,,,,,,551.826904296875,,,,,,,,,,,,,,,
2024-08-20,,TSLA,,,,,221.10000610351562,,,,,,,,,,,,,,,,,
2024-08-20,,YPF,,,,,,,,,,,,,,,,,,,,,,21.639999389648438
2024-08-21,,AAPL,225.60696411132812,,,,,,,,,,,,,,,,,,,,,
2024-08-21,,AMZN,,,,180.11000061035156,,,,,,,,,,,,,,,,,,
2024-08-21,,AVGO,,,,,,,,,,,,,,,,,,,,,163.91201782226562,
2024-08-21,,BRK-B,,,,,,,,,,,,,446.6000061035156,,,,,,,,,
2024-08-21,,COIN,,,,,,,,,,,,,,,,,,206.22999572753906,,,,
2024-08-21,,DIA,,,,,,,,,,,404.2290954589844,,,,,,,,,,,
2024-08-21,,GGAL,,,,,,,,,,,,,,,,33.70914077758789,,,,,,
2024-08-21,,GOOG,,,166.8291015625,,,,,,,,,,,,,,,,,,,
2024-08-21,,HUT,,,,,,,,,,,,,,,,,12.1899995803833,,,,,
2024-08-21,,KO,,,,,,,,,,67.5932388305664,,,,,,,,,,,,
2024-08-21,,META,,,,,,,,,,,,533.3338012695312,,,,,,,,,,
2024-08-21,,MRVL,,,,,,,,,,,,,,,,,,,71.1639633178711,,,
2024-08-21,,MSTR,,,,,,141.4199981689453,,,,,,,,,,,,,,,,
2024-08-21,128.45941162109375,NVDA,,,,,,,,,,,,,,,,,,,,,,
2024-08-21,,PAM,,51.59000015258789,,,,,,,,,,,,,,,,,,,,
2024-08-21,,PEP,,,,,,,,,,,,,,,169.05181884765625,,,,,,,
2024-08-21,,PFE,,,,,,,,,,,,,,,,,,,,27.59465789794922,,
2024-08-21,,PLTR,,,,,,,,,,,,,,32.540000915527344,,,,,,,,
2024-08-21,,QQQ,,,,,,,,,479.7920837402344,,,,,,,,,,,,,
2024-08-21,,SPOT,,,,,,,,343.69000244140625,,,,,,,,,,,,,,
2024-08-21,,SPY,,,,,,,553.7232666015625,,,,,,,,,,,,,,,
2024-08-21,,TSLA,,,,,223.27000427246094,,,,,,,,,,,,,,,,,
2024-08-21,,YPF,,,,,,,,,,,,,,,,,,,,,,21.1200008392334
2024-08-22,,AAPL,223.74351501464844,,,,,,,,,,,,,,,,,,,,,
2024-08-22,,AMZN,,,,176.1300048828125,,,,,,,,,,,,,,,,,,
2024-08-22,,AVGO,,,,,,,,,,,,,,,,,,,,,160.5107879638672,
2024-08-22,,BRK-B,,,,,,,,,,,,,449.0299987792969,,,,,,,,,
2024-08-22,,COIN,,,,,,,,,,,,,,,,,,198.42999267578125,,,,
2024-08-22,,DIA,,,,,,,,,,,402.73663330078125,,,,,,,,,,,
2024-08-22,,GGAL,,,,,,,,,,,,,,,,32.962703704833984,,,,,,
2024-08-22,,GOOG,,,164.69932556152344,,,,,,,,,,,,,,,,,,,
2024-08-22,,HUT,,,,,,,,,,,,,,,,,11.449999809265137,,,,,
2024-08-22,,KO,,,,,,,,,,67.36006164550781,,,,,,,,,,,,
2024-08-22,,META,,,,,,,,,,,,530.1148071289062,,,,,,,,,,
2024-08-22,,MRVL,,,,,,,,,,,,,,,,,,,68.4905776977539,,,
2024-08-22,,MSTR,,,,,,133.80999755859375,,,,,,,,,,,,,,,,
2024-08-22,123.70092010498047,NVDA,,,,,,,,,,,,,,,,,,,,,,
2024-08-22,,PAM,,50.56999969482422,,,,,,,,,,,,,,,,,,,,
2024-08-22,,PEP,,,,,,,,,,,,,,,169.56320190429688,,,,,,,
2024-08-22,,PFE,,,,,,,,,,,,,,,,,,,,27.357017517089844,,
2024-08-22,,PLTR,,,,,,,,,,,,,,31.920000076293945,,,,,,,,
2024-08-22,,QQQ,,,,,,,,,472.1850280761719,,,,,,,,,,,,,
2024-08-22,,SPOT,,,,,,,,342.20001220703125,,,,,,,,,,,,,,
2024-08-22,,SPY,,,,,,,549.3773803710938,,,,,,,,,,,,,,,
2024-08-22,,TSLA,,,,,210.66000366210938,,,,,,,,,,,,,,,,,
2024-08-22,,YPF,,,,,,,,,,,,,,,,,,,,,,20.68000030517578
2024-08-23,,AAPL,226.04542541503906,,,,,,,,,,,,,,,,,,,,,
2024-08-23,,AMZN,,,,177.0399932861328,,,,,,,,,,,,,,,,,,
2024-08-23,,AVGO,,,,,,,,,,,,,,,,,,,,,164.48548889160156,
2024-08-23,,BRK-B,,,,,,,,,,,,,453.3800048828125,,,,,,,,,
2024-08-23,,COIN,,,,,,,,,,,,,,,,,,211.39999389648438,,,,
2024-08-23,,DIA,,,,,,,,,,,407.0359802246094,,,,,,,,,,,
2024-08-23,,GGAL,,,,,,,,,,,,,,,,34.51529312133789,,,,,,
2024-08-23,,GOOG,,,166.6300506591797,,,,,,,,,,,,,,,,,,,
2024-08-23,,HUT,,,,,,,,,,,,,,,,,12.569999694824219,,,,,
2024-08-23,,KO,,,,,,,,,,67.8069839477539,,,,,,,,,,,,
2024-08-23,,META,,,,,,,,,,,,526.1982421875,,,,,,,,,,
2024-08-23,,MRVL,,,,,,,,,,,,,,,,,,,71.66273498535156,,,
2024-08-23,,MSTR,,,,,,150.00999450683594,,,,,,,,,,,,,,,,
2024-08-23,129.32913208007812,NVDA,,,,,,,,,,,,,,,,,,,,,,
2024-08-23,,PAM,,51.13999938964844,,,,,,,,,,,,,,,,,,,,
2024-08-23,,PEP,,,,,,,,,,,,,,,169.68861389160156,,,,,,,
2024-08-23,,PFE,,,,,,,,,,,,,,,,,,,,27.471086502075195,,
2024-08-23,,PLTR,,,,,,,,,,,,,,31.780000686645508,,,,,,,,
2024-08-23,,QQQ,,,,,,,,,477.30609130859375,,,,,,,,,,,,,
2024-08-23,,SPOT,,,,,,,,342.489990234375,,,,,,,,,,,,,,
2024-08-23,,SPY,,,,,,,555.2146606445312,,,,,,,,,,,,,,,
2024-08-23,,TSLA,,,,,220.32000732421875,,,,,,,,,,,,,,,,,
2024-08-23,,YPF,,,,,,,,,,,,,,,,,,,,,,21.06999969482422
2024-08-26,,AAPL,226.3842315673828,,,,,,,,,,,,,,,,,,,,,
2024-08-26,,AMZN,,,,175.5,,,,,,,,,,,,,,,,,,
2024-08-26,,AVGO,,,,,,,,,,,,,,,,,,,,,157.82144165039062,
2024-08-26,,BRK-B,,,,,,,,,,,,,454.489990234375,,,,,,,,,
2024-08-26,,COIN,,,,,,,,,,,,,,,,,,204.0,,,,
2024-08-26,,DIA,,,,,,,,,,,407.91558837890625,,,,,,,,,,,
2024-08-26,,GGAL,,,,,,,,,,,,,,,,33.629520416259766,,,,,,
2024-08-26,,GOOG,,,167.12767028808594,,,,,,,,,,,,,,,,,,,
2024-08-26,,HUT,,,,,,,,,,,,,,,,,12.079999923706055,,,,,
2024-08-26,,KO,,,,,,,,,,68.8271484375,,,,,,,,,,,,
2024-08-26,,META,,,,,,,,,,,,519.341796875,,,,,,,,,,
2024-08-26,,MRVL,,,,,,,,,,,,,,,,,,,68.65017700195312,,,
2024-08-26,,MSTR,,,,,,146.89999389648438,,,,,,,,,,,,,,,,
2024-08-26,126.42005920410156,NVDA,,,,,,,,,,,,,,,,,,,,,,
2024-08-26,,PAM,,50.810001373291016,,,,,,,,,,,,,,,,,,,,
2024-08-26,,PEP,,,,,,,,,,,,,,,169.7851104736328,,,,,,,
2024-08-26,,PFE,,,,,,,,,,,,,,,,,,,,27.490095138549805,,
2024-08-26,,PLTR,,,,,,,,,,,,,,30.850000381469727,,,,,,,,
2024-08-26,,QQQ,,,,,,,,,472.6722717285156,,,,,,,,,,,,,
2024-08-26,,SPOT,,,,,,,,336.07000732421875,,,,,,,,,,,,,,
2024-08-26,,SPY,,,,,,,553.8911743164062,,,,,,,,,,,,,,,
2024-08-26,,TSLA,,,,,213.2100067138672,,,,,,,,,,,,,,,,,
2024-08-26,,YPF,,,,,,,,,,,,,,,,,,,,,,21.31999969482422
2024-08-27,,AAPL,227.23126220703125,,,,,,,,,,,,,,,,,,,,,
2024-08-27,,AMZN,,,,173.1199951171875,,,,,,,,,,,,,,,,,,
2024-08-27,,AVGO,,,,,,,,,,,,,,,,,,,,,159.5714874267578,
2024-08-27,,BRK-B,,,,,,,,,,,,,460.6300048828125,,,,,,,,,
2024-08-27,,COIN,,,,,,,,,,,,,,,,,,198.3000030517578,,,,
2024-08-27,,DIA,,,,,,,,,,,408.08367919921875,,,,,,,,,,,
2024-08-27,,GGAL,,,,,,,,,,,,,,,,34.7740592956543,,,,,,
2024-08-27,,GOOG,,,165.58506774902344,,,,,,,,,,,,,,,,,,,
2024-08-27,,HUT,,,,,,,,,,,,,,,,,11.239999771118164,,,,,
2024-08-27,,KO,,,,,,,,,,69.46839904785156,,,,,,,,,,,,
2024-08-27,,META,,,,,,,,,,,,517.32861328125,,,,,,,,,,
2024-08-27,,MRVL,,,,,,,,,,,,,,,,,,,69.53797912597656,,,
2024-08-27,,MSTR,,,,,,140.00999450683594,,,,,,,,,,,,,,,,
2024-08-27,128.25949096679688,NVDA,,,,,,,,,,,,,,,,,,,,,,
2024-08-27,,PAM,,51.5,,,,,,,,,,,,,,,,,,,,
2024-08-27,,PEP,,,,,,,,,,,,,,,169.13865661621094,,,,,,,
2024-08-27,,PFE,,,,,,,,,,,,,,,,,,,,27.39504051208496,,
2024-08-27,,PLTR,,,,,,,,,,,,,,30.84000015258789,,,,,,,,
2024-08-27,,QQQ,,,,,,,,,474.0843200683594,,,,,,,,,,,,,
2024-08-27,,SPOT,,,,,,,,339.4700012207031,,,,,,,,,,,,,,
2024-08-27,,SPY,,,,,,,554.6517333984375,,,,,,,,,,,,,,,
2024-08-27,,TSLA,,,,,209.2100067138672,,,,,,,,,,,,,,,,,
2024-08-27,,YPF,,,,,,,,,,,,,,,,,,,,,,21.59000015258789
2024-08-28,,AAPL,225.6966552734375,,,,,,,,,,,,,,,,,,,,,
2024-08-28,,AMZN,,,,170.8000030517578,,,,,,,,,,,,,,,,,,
2024-08-28,,AVGO,,,,,,,,,,,,,,,,,,,,,156.39764404296875,
2024-08-28,,BRK-B,,,,,,,,,,,,,464.5899963378906,,,,,,,,,
2024-08-28,,COIN,,,,,,,,,,,,,,,,,,190.1999969482422,,,,
2024-08-28,,DIA,,,,,,,,,,,406.5517272949219,,,,,,,,,,,
2024-08-28,,GGAL,,,,,,,,,,,,,,,,35.02286911010742,,,,,,
2024-08-28,,GOOG,,,163.71405029296875,,,,,,,,,,,,,,,,,,,
2024-08-28,,HUT,,,,,,,,,,,,,,,,,10.34000015258789,,,,,
2024-08-28,,KO,,,,,,,,,,69.71128845214844,,,,,,,,,,,,
2024-08-28,,META,,,,,,,,,,,,515.0166015625,,,,,,,,,,
2024-08-28,,MRVL,,,,,,,,,,,,,,,,,,,68.27112579345703,,,
2024-08-28,,MSTR,,,,,,132.08999633789062,,,,,,,,,,,,,,,,
2024-08-28,125.5703353881836,NVDA,,,,,,,,,,,,,,,,,,,,,,
2024-08-28,,PAM,,51.970001220703125,,,,,,,,,,,,,,,,,,,,
2024-08-28,,PEP,,,,,,,,,,,,,,,167.80714416503906,,,,,,,
2024-08-28,,PFE,,,,,,,,,,,,,,,,,,,,27.328502655029297,,
2024-08-28,,PLTR,,,,,,,,,,,,,,30.360000610351562,,,,,,,,
2024-08-28,,QQQ,,,,,,,,,468.70465087890625,,,,,,,,,,,,,
2024-08-28,,SPOT,,,,,,,,337.55999755859375,,,,,,,,,,,,,,
2024-08-28,,SPY,,,,,,,551.431884765625,,,,,,,,,,,,,,,
2024-08-28,,TSLA,,,,,205.75,,,,,,,,,,,,,,,,,
2024-08-28,,YPF,,,,,,,,,,,,,,,,,,,,,,21.729999542236328
2024-08-29,,AAPL,228.98507690429688,,,,,,,,,,,,,,,,,,,,,
2024-08-29,,AMZN,,,,172.1199951171875,,,,,,,,,,,,,,,,,,
2024-08-29,,AVGO,,,,,,,,,,,,,,,,,,,,,155.1617431640625,
2024-08-29,,BRK-B,,,,,,,,,,,,,468.3699951171875,,,,,,,,,
2024-08-29,,COIN,,,,,,,,,,,,,,,,,,188.27999877929688,,,,
2024-08-29,,DIA,,,,,,,,,,,409.091796875,,,,,,,,,,,
2024-08-29,,GGAL,,,,,,,,,,,,,,,,37.50104522705078,,,,,,
2024-08-29,,GOOG,,,162.6193084716797,,,,,,,,,,,,,,,,,,,
2024-08-29,,HUT,,,,,,,,,,,,,,,,,10.375,,,,,
2024-08-29,,KO,,,,,,,,,,70.00276947021484,,,,,,,,,,,,
2024-08-29,,META,,,,,,,,,,,,516.4515991210938,,,,,,,,,,
2024-08-29,,MRVL,,,,,,,,,,,,,,,,,,,69.66766357421875,,,
2024-08-29,,MSTR,,,,,,132.55999755859375,,,,,,,,,,,,,,,,
2024-08-29,117.5528564453125,NVDA,,,,,,,,,,,,,,,,,,,,,,
2024-08-29,,PAM,,53.0,,,,,,,,,,,,,,,,,,,,
2024-08-29,,PEP,,,,,,,,,,,,,,,166.04147338867188,,,,,,,
2024-08-29,,PFE,,,,,,,,,,,,,,,,,,,,27.299983978271484,,
2024-08-29,,PLTR,,,,,,,,,,,,,,31.0,,,,,,,,
2024-08-29,,QQQ,,,,,,,,,468.0185546875,,,,,,,,,,,,,
2024-08-29,,SPOT,,,,,,,,340.7300109863281,,,,,,,,,,,,,,
2024-08-29,,SPY,,,,,,,551.4811401367188,,,,,,,,,,,,,,,
2024-08-29,,TSLA,,,,,206.27999877929688,,,,,,,,,,,,,,,,,
2024-08-29,,YPF,,,,,,,,,,,,,,,,,,,,,,22.440000534057617
2024-08-30,,AAPL,228.19784545898438,,,,,,,,,,,,,,,,,,,,,
2024-08-30,,AMZN,,,,178.5,,,,,,,,,,,,,,,,,,
2024-08-30,,AVGO,,,,,,,,,,,,,,,,,,,,,160.9853973388672,
2024-08-30,,BRK-B,,,,,,,,,,,,,475.9200134277344,,,,,,,,,
2024-08-30,,COIN,,,,,,,,,,,,,,,,,,183.36000061035156,,,,
2024-08-30,,DIA,,,,,,,,,,,411.364990234375,,,,,,,,,,,
2024-08-30,,GGAL,,,,,,,,,,,,,,,,38.98396682739258,,,,,,
2024-08-30,,GOOG,,,164.32113647460938,,,,,,,,,,,,,,,,,,,
2024-08-30,,HUT,,,,,,,,,,,,,,,,,10.109999656677246,,,,,
2024-08-30,,KO,,,,,,,,,,70.41084289550781,,,,,,,,,,,,
2024-08-30,,META,,,,,,,,,,,,519.5310668945312,,,,,,,,,,
2024-08-30,,MRVL,,,,,,,,,,,,,,,,,,,76.0518798828125,,,
2024-08-30,,MSTR,,,,,,132.4199981689453,,,,,,,,,,,,,,,,
2024-08-30,119.33230590820312,NVDA,,,,,,,,,,,,,,,,,,,,,,
2024-08-30,,PAM,,54.41999816894531,,,,,,,,,,,,,,,,,,,,
2024-08-30,,PEP,,,,,,,,,,,,,,,166.8037109375,,,,,,,
2024-08-30,,PFE,,,,,,,,,,,,,,,,,,,,27.575645446777344,,
2024-08-30,,PLTR,,,,,,,,,,,,,,31.479999542236328,,,,,,,,
2024-08-30,,QQQ,,,,,,,,,473.5970458984375,,,,,,,,,,,,,
2024-08-30,,SPOT,,,,,,,,342.8800048828125,,,,,,,,,,,,,,
2024-08-30,,SPY,,,,,,,556.74560546875,,,,,,,,,,,,,,,
2024-08-30,,TSLA,,,,,214.11000061035156,,,,,,,,,,,,,,,,,
2024-08-30,,YPF,,,,,,,,,,,,,,,,,,,,,,23.700000762939453
2024-09-03,,AAPL,221.9896697998047,,,,,,,,,,,,,,,,,,,,,
2024-09-03,,AMZN,,,,176.25,,,,,,,,,,,,,,,,,,
2024-09-03,,AVGO,,,,,,,,,,,,,,,,,,,,,151.06838989257812,
2024-09-03,,BRK-B,,,,,,,,,,,,,476.8299865722656,,,,,,,,,
2024-09-03,,COIN,,,,,,,,,,,,,,,,,,169.1300048828125,,,,
2024-09-03,,DIA,,,,,,,,,,,405.4743957519531,,,,,,,,,,,
2024-09-03,,GGAL,,,,,,,,,,,,,,,,40.09865188598633,,,,,,
2024-09-03,,GOOG,,,157.85220336914062,,,,,,,,,,,,,,,,,,,
2024-09-03,,HUT,,,,,,,,,,,,,,,,,9.09000015258789,,,,,
2024-09-03,,KO,,,,,,,,,,70.93550109863281,,,,,,,,,,,,
2024-09-03,,META,,,,,,,,,,,,510.013671875,,,,,,,,,,
2024-09-03,,MRVL,,,,,,,,,,,,,,,,,,,69.84722137451172,,,
2024-09-03,,MSTR,,,,,,122.31999969482422,,,,,,,,,,,,,,,,
2024-09-03,107.96588897705078,NVDA,,,,,,,,,,,,,,,,,,,,,,
2024-09-03,,PAM,,54.86000061035156,,,,,,,,,,,,,,,,,,,,
2024-09-03,,PEP,,,,,,,,,,,,,,,171.2999267578125,,,,,,,
2024-09-03,,PFE,,,,,,,,,,,,,,,,,,,,26.90074920654297,,
2024-09-03,,PLTR,,,,,,,,,,,,,,30.510000228881836,,,,,,,,
2024-09-03,,QQQ,,,,,,,,,459.2181701660156,,,,,,,,,,,,,
2024-09-03,,SPOT,,,,,,,,328.6000061035156,,,,,,,,,,,,,,
2024-09-03,,SPY,,,,,,,545.2883911132812,,,,,,,,,,,,,,,
2024-09-03,,TSLA,,,,,210.60000610351562,,,,,,,,,,,,,,,,,
2024-09-03,,YPF,,,,,,,,,,,,,,,,,,,,,,23.25
2024-09-04,,AAPL,220.07640075683594,,,,,,,,,,,,,,,,,,,,,
2024-09-04,,AMZN,,,,173.3300018310547,,,,,,,,,,,,,,,,,,
2024-09-04,,AVGO,,,,,,,,,,,,,,,,,,,,,152.38340759277344,
2024-09-04,,BRK-B,,,,,,,,,,,,,478.57000732421875,,,,,,,,,
2024-09-04,,COIN,,,,,,,,,,,,,,,,,,163.22000122070312,,,,
2024-09-04,,DIA,,,,,,,,,,,405.64239501953125,,,,,,,,,,,
2024-09-04,,GGAL,,,,,,,,,,,,,,,,42.039390563964844,,,,,,
2024-09-04,,GOOG,,,157.05601501464844,,,,,,,,,,,,,,,,,,,
2024-09-04,,HUT,,,,,,,,,,,,,,,,,9.1899995803833,,,,,
2024-09-04,,KO,,,,,,,,,,70.49827575683594,,,,,,,,,,,,
2024-09-04,,META,,,,,,,,,,,,510.99029541015625,,,,,,,,,,
2024-09-04,,MRVL,,,,,,,,,,,,,,,,,,,70.69512939453125,,,
2024-09-04,,MSTR,,,,,,124.8499984741211,,,,,,,,,,,,,,,,
2024-09-04,106.17646026611328,NVDA,,,,,,,,,,,,,,,,,,,,,,
2024-09-04,,PAM,,56.68000030517578,,,,,,,,,,,,,,,,,,,,
2024-09-04,,PEP,,,,,,,,,,,,,,,172.2454833984375,,,,,,,
2024-09-04,,PFE,,,,,,,,,,,,,,,,,,,,26.986299514770508,,
2024-09-04,,PLTR,,,,,,,,,,,,,,30.59000015258789,,,,,,,,
2024-09-04,,QQQ,,,,,,,,,458.02490234375,,,,,,,,,,,,,
2024-09-04,,SPOT,,,,,,,,329.25,,,,,,,,,,,,,,
2024-09-04,,SPY,,,,,,,544.1723022460938,,,,,,,,,,,,,,,
2024-09-04,,TSLA,,,,,219.41000366210938,,,,,,,,,,,,,,,,,
2024-09-04,,YPF,,,,,,,,,,,,,,,,,,,,,,24.040000915527344
2024-09-05,,AAPL,221.60104370117188,,,,,,,,,,,,,,,,,,,,,
2024-09-05,,AMZN,,,,177.88999938964844,,,,,,,,,,,,,,,,,,
2024-09-05,,AVGO,,,,,,,,,,,,,,,,,,,,,151.0980682373047,
2024-09-05,,BRK-B,,,,,,,,,,,,,464.9200134277344,,,,,,,,,
2024-09-05,,COIN,,,,,,,,,,,,,,,,,,159.6999969482422,,,,
2024-09-05,,DIA,,,,,,,,,,,403.7052307128906,,,,,,,,,,,
2024-09-05,,GGAL,,,,,,,,,,,,,,,,41.79057693481445,,,,,,
2024-09-05,,GOOG,,,157.84225463867188,,,,,,,,,,,,,,,,,,,
2024-09-05,,HUT,,,,,,,,,,,,,,,,,9.5,,,,,
2024-09-05,,KO,,,,,,,,,,69.14777374267578,,,,,,,,,,,,
2024-09-05,,META,,,,,,,,,,,,515.0962524414062,,,,,,,,,,
2024-09-05,,MRVL,,,,,,,,,,,,,,,,,,,69.71753692626953,,,
2024-09-05,,MSTR,,,,,,119.56999969482422,,,,,,,,,,,,,,,,
2024-09-05,107.17613983154297,NVDA,,,,,,,,,,,,,,,,,,,,,,
2024-09-05,,PAM,,56.66999816894531,,,,,,,,,,,,,,,,,,,,
2024-09-05,,PEP,,,,,,,,,,,,,,,172.99806213378906,,,,,,,
2024-09-05,,PFE,,,,,,,,,,,,,,,,,,,,27.10036849975586,,
2024-09-05,,PLTR,,,,,,,,,,,,,,30.15999984741211,,,,,,,,
2024-09-05,,QQQ,,,,,,,,,458.4525451660156,,,,,,,,,,,,,
2024-09-05,,SPOT,,,,,,,,328.6300048828125,,,,,,,,,,,,,,
2024-09-05,,SPY,,,,,,,542.8488159179688,,,,,,,,,,,,,,,
2024-09-05,,TSLA,,,,,230.1699981689453,,,,,,,,,,,,,,,,,
2024-09-05,,YPF,,,,,,,,,,,,,,,,,,,,,,23.920000076293945
2024-09-06,,AAPL,220.0465087890625,,,,,,,,,,,,,,,,,,,,,
2024-09-06,,AMZN,,,,171.38999938964844,,,,,,,,,,,,,,,,,,
2024-09-06,,AVGO,,,,,,,,,,,,,,,,,,,,,135.45631408691406,
2024-09-06,,BRK-B,,,,,,,,,,,,,459.4200134277344,,,,,,,,,
2024-09-06,,COIN,,,,,,,,,,,,,,,,,,147.35000610351562,,,,
2024-09-06,,DIA,,,,,,,,,,,399.7616882324219,,,,,,,,,,,
2024-09-06,,GGAL,,,,,,,,,,,,,,,,40.8848991394043,,,,,,
2024-09-06,,GOOG,,,151.4031524658203,,,,,,,,,,,,,,,,,,,
2024-09-06,,HUT,,,,,,,,,,,,,,,,,9.0,,,,,
2024-09-06,,KO,,,,,,,,,,69.1186294555664,,,,,,,,,,,,
2024-09-06,,META,,,,,,,,,,,,498.5628662109375,,,,,,,,,,
2024-09-06,,MRVL,,,,,,,,,,,,,,,,,,,66.0366439819336,,,
2024-09-06,,MSTR,,,,,,114.30000305175781,,,,,,,,,,,,,,,,
2024-09-06,102.79751586914062,NVDA,,,,,,,,,,,,,,,,,,,,,,
2024-09-06,,PAM,,56.18000030517578,,,,,,,,,,,,,,,,,,,,
2024-09-06,,PEP,,,,,,,,,,,,,,,172.40988159179688,,,,,,,
2024-09-06,,PFE,,,,,,,,,,,,,,,,,,,,27.14789390563965,,
2024-09-06,,PLTR,,,,,,,,,,,,,,30.329999923706055,,,,,,,,
2024-09-06,,QQQ,,,,,,,,,446.1718444824219,,,,,,,,,,,,,
2024-09-06,,SPOT,,,,,,,,322.7699890136719,,,,,,,,,,,,,,
2024-09-06,,SPY,,,,,,,533.7124633789062,,,,,,,,,,,,,,,
2024-09-06,,TSLA,,,,,210.72999572753906,,,,,,,,,,,,,,,,,
2024-09-06,,YPF,,,,,,,,,,,,,,,,,,,,,,23.350000381469727
2024-09-09,,AAPL,220.13619995117188,,,,,,,,,,,,,,,,,,,,,
2024-09-09,,AMZN,,,,175.39999389648438,,,,,,,,,,,,,,,,,,
2024-09-09,,AVGO,,,,,,,,,,,,,,,,,,,,,139.23326110839844,
2024-09-09,,BRK-B,,,,,,,,,,,,,459.6099853515625,,,,,,,,,
2024-09-09,,COIN,,,,,,,,,,,,,,,,,,155.0500030517578,,,,
2024-09-09,,DIA,,,,,,,,,,,404.288330078125,,,,,,,,,,,
2024-09-09,,GGAL,,,,,,,,,,,,,,,,42.08915328979492,,,,,,
2024-09-09,,GOOG,,,149.02142333984375,,,,,,,,,,,,,,,,,,,
2024-09-09,,HUT,,,,,,,,,,,,,,,,,9.970000267028809,,,,,
2024-09-09,,KO,,,,,,,,,,69.8084487915039,,,,,,,,,,,,
2024-09-09,,META,,,,,,,,,,,,503.06744384765625,,,,,,,,,,
2024-09-09,,MRVL,,,,,,,,,,,,,,,,,,,68.7599105834961,,,
2024-09-09,,MSTR,,,,,,124.81999969482422,,,,,,,,,,,,,,,,
2024-09-09,106.43638610839844,NVDA,,,,,,,,,,,,,,,,,,,,,,
2024-09-09,,PAM,,57.7599983215332,,,,,,,,,,,,,,,,,,,,
2024-09-09,,PEP,,,,,,,,,,,,,,,173.2362518310547,,,,,,,
2024-09-09,,PFE,,,,,,,,,,,,,,,,,,,,27.955867767333984,,
2024-09-09,,PLTR,,,,,,,,,,,,,,34.599998474121094,,,,,,,,
2024-09-09,,QQQ,,,,,,,,,451.909423828125,,,,,,,,,,,,,
2024-09-09,,SPOT,,,,,,,,324.07000732421875,,,,,,,,,,,,,,
2024-09-09,,SPY,,,,,,,539.6880493164062,,,,,,,,,,,,,,,
2024-09-09,,TSLA,,,,,216.27000427246094,,,,,,,,,,,,,,,,,
2024-09-09,,YPF,,,,,,,,,,,,,,,,,,,,,,23.270000457763672
2024-09-10,,AAPL,219.3389892578125,,,,,,,,,,,,,,,,,,,,,
2024-09-10,,AMZN,,,,179.5500030517578,,,,,,,,,,,,,,,,,,
2024-09-10,,AVGO,,,,,,,,,,,,,,,,,,,,,146.5399932861328,
2024-09-10,,BRK-B,,,,,,,,,,,,,458.9200134277344,,,,,,,,,
2024-09-10,,COIN,,,,,,,,,,,,,,,,,,158.4600067138672,,,,
2024-09-10,,DIA,,,,,,,,,,,403.507568359375,,,,,,,,,,,
2024-09-10,,GGAL,,,,,,,,,,,,,,,,41.352664947509766,,,,,,
2024-09-10,,GOOG,,,149.4897918701172,,,,,,,,,,,,,,,,,,,
2024-09-10,,HUT,,,,,,,,,,,,,,,,,10.444999694824219,,,,,
2024-09-10,,KO,,,,,,,,,,69.51698303222656,,,,,,,,,,,,
2024-09-10,,META,,,,,,,,,,,,503.06744384765625,,,,,,,,,,
2024-09-10,,MRVL,,,,,,,,,,,,,,,,,,,71.42332458496094,,,
2024-09-10,,MSTR,,,,,,129.63999938964844,,,,,,,,,,,,,,,,
2024-09-10,108.06585693359375,NVDA,,,,,,,,,,,,,,,,,,,,,,
2024-09-10,,PAM,,57.22999954223633,,,,,,,,,,,,,,,,,,,,
2024-09-10,,PEP,,,,,,,,,,,,,,,172.8668212890625,,,,,,,
2024-09-10,,PFE,,,,,,,,,,,,,,,,,,,,28.269550323486328,,
2024-09-10,,PLTR,,,,,,,,,,,,,,34.7599983215332,,,,,,,,
2024-09-10,,QQQ,,,,,,,,,456.0859069824219,,,,,,,,,,,,,
2024-09-10,,SPOT,,,,,,,,327.0,,,,,,,,,,,,,,
2024-09-10,,SPY,,,,,,,542.0388793945312,,,,,,,,,,,,,,,
2024-09-10,,TSLA,,,,,226.1699981689453,,,,,,,,,,,,,,,,,
2024-09-10,,YPF,,,,,,,,,,,,,,,,,,,,,,22.719999313354492
2024-09-11,,AAPL,221.88006591796875,,,,,,,,,,,,,,,,,,,,,
2024-09-11,,AMZN,,,,184.52000427246094,,,,,,,,,,,,,,,,,,
2024-09-11,,AVGO,,,,,,,,,,,,,,,,,,,,,156.4866485595703,
2024-09-11,,BRK-B,,,,,,,,,,,,,453.1000061035156,,,,,,,,,
2024-09-11,,COIN,,,,,,,,,,,,,,,,,,157.14999389648438,,,,
2024-09-11,,DIA,,,,,,,,,,,404.5057678222656,,,,,,,,,,,
2024-09-11,,GGAL,,,,,,,,,,,,,,,,42.955020904541016,,,,,,
2024-09-11,,GOOG,,,151.6223907470703,,,,,,,,,,,,,,,,,,,
2024-09-11,,HUT,,,,,,,,,,,,,,,,,10.579999923706055,,,,,
2024-09-11,,KO,,,,,,,,,,69.0603256225586,,,,,,,,,,,,
2024-09-11,,META,,,,,,,,,,,,510.0834045410156,,,,,,,,,,
2024-09-11,,MRVL,,,,,,,,,,,,,,,,,,,74.7052001953125,,,
2024-09-11,,MSTR,,,,,,129.27999877929688,,,,,,,,,,,,,,,,
2024-09-11,116.87308502197266,NVDA,,,,,,,,,,,,,,,,,,,,,,
2024-09-11,,PAM,,58.689998626708984,,,,,,,,,,,,,,,,,,,,
2024-09-11,,PEP,,,,,,,,,,,,,,,170.89324951171875,,,,,,,
2024-09-11,,PFE,,,,,,,,,,,,,,,,,,,,28.19350814819336,,
2024-09-11,,PLTR,,,,,,,,,,,,,,34.849998474121094,,,,,,,,
2024-09-11,,QQQ,,,,,,,,,465.9899597167969,,,,,,,,,,,,,
2024-09-11,,SPOT,,,,,,,,336.6600036621094,,,,,,,,,,,,,,
2024-09-11,,SPY,,,,,,,547.5995483398438,,,,,,,,,,,,,,,
2024-09-11,,TSLA,,,,,228.1300048828125,,,,,,,,,,,,,,,,,
2024-09-11,,YPF,,,,,,,,,,,,,,,,,,,,,,22.81999969482422
2024-09-12,,AAPL,221.9896697998047,,,,,,,,,,,,,,,,,,,,,
2024-09-12,,AMZN,,,,187.0,,,,,,,,,,,,,,,,,,
2024-09-12,,AVGO,,,,,,,,,,,,,,,,,,,,,162.70578002929688,
2024-09-12,,BRK-B,,,,,,,,,,,,,450.8699951171875,,,,,,,,,
2024-09-12,,COIN,,,,,,,,,,,,,,,,,,162.88999938964844,,,,
2024-09-12,,DIA,,,,,,,,,,,407.17431640625,,,,,,,,,,,
2024-09-12,,GGAL,,,,,,,,,,,,,,,,43.27349853515625,,,,,,
2024-09-12,,GOOG,,,155.00062561035156,,,,,,,,,,,,,,,,,,,
2024-09-12,,HUT,,,,,,,,,,,,,,,,,10.890000343322754,,,,,
2024-09-12,,KO,,,,,,,,,,69.2060775756836,,,,,,,,,,,,
2024-09-12,,META,,,,,,,,,,,,523.806396484375,,,,,,,,,,
2024-09-12,,MRVL,,,,,,,,,,,,,,,,,,,74.11666870117188,,,
2024-09-12,,MSTR,,,,,,130.77000427246094,,,,,,,,,,,,,,,,
2024-09-12,119.11256408691406,NVDA,,,,,,,,,,,,,,,,,,,,,,
2024-09-12,,PAM,,58.9900016784668,,,,,,,,,,,,,,,,,,,,
2024-09-12,,PEP,,,,,,,,,,,,,,,172.32237243652344,,,,,,,
2024-09-12,,PFE,,,,,,,,,,,,,,,,,,,,27.718229293823242,,
2024-09-12,,PLTR,,,,,,,,,,,,,,34.90999984741211,,,,,,,,
2024-09-12,,QQQ,,,,,,,,,470.5641784667969,,,,,,,,,,,,,
2024-09-12,,SPOT,,,,,,,,337.510009765625,,,,,,,,,,,,,,
2024-09-12,,SPY,,,,,,,552.212158203125,,,,,,,,,,,,,,,
2024-09-12,,TSLA,,,,,229.80999755859375,,,,,,,,,,,,,,,,,
2024-09-12,,YPF,,,,,,,,,,,,,,,,,,,,,,23.110000610351562
2024-09-13,,AAPL,221.7206268310547,,,,,,,,,,,,,,,,,,,,,
2024-09-13,,AMZN,,,,186.49000549316406,,,,,,,,,,,,,,,,,,
2024-09-13,,AVGO,,,,,,,,,,,,,,,,,,,,,165.80052185058594,
2024-09-13,,BRK-B,,,,,,,,,,,,,447.6099853515625,,,,,,,,,
2024-09-13,,COIN,,,,,,,,,,,,,,,,,,163.0500030517578,,,,
2024-09-13,,DIA,,,,,,,,,,,410.10980224609375,,,,,,,,,,,
2024-09-13,,GGAL,,,,,,,,,,,,,,,,44.84599685668945,,,,,,
2024-09-13,,GOOG,,,157.82080078125,,,,,,,,,,,,,,,,,,,
2024-09-13,,HUT,,,,,,,,,,,,,,,,,11.239999771118164,,,,,
2024-09-13,,KO,,,,,,,,,,69.85660552978516,,,,,,,,,,,,
2024-09-13,,META,,,,,,,,,,,,522.829833984375,,,,,,,,,,
2024-09-13,,MRVL,,,,,,,,,,,,,,,,,,,74.29621887207031,,,
2024-09-13,,MSTR,,,,,,141.47000122070312,,,,,,,,,,,,,,,,
2024-09-13,119.07256317138672,NVDA,,,,,,,,,,,,,,,,,,,,,,
2024-09-13,,PAM,,59.13999938964844,,,,,,,,,,,,,,,,,,,,
2024-09-13,,PEP,,,,,,,,,,,,,,,172.4293212890625,,,,,,,
2024-09-13,,PFE,,,,,,,,,,,,,,,,,,,,27.822790145874023,,
2024-09-13,,PLTR,,,,,,,,,,,,,,35.59000015258789,,,,,,,,
2024-09-13,,QQQ,,,,,,,,,472.6722717285156,,,,,,,,,,,,,
2024-09-13,,SPOT,,,,,,,,337.8999938964844,,,,,,,,,,,,,,
2024-09-13,,SPY,,,,,,,555.09619140625,,,,,,,,,,,,,,,
2024-09-13,,TSLA,,,,,230.2899932861328,,,,,,,,,,,,,,,,,
2024-09-13,,YPF,,,,,,,,,,,,,,,,,,,,,,23.309999465942383
2024-09-16,,AAPL,215.56228637695312,,,,,,,,,,,,,,,,,,,,,
2024-09-16,,AMZN,,,,184.88999938964844,,,,,,,,,,,,,,,,,,
2024-09-16,,AVGO,,,,,,,,,,,,,,,,,,,,,162.17185974121094,
2024-09-16,,BRK-B,,,,,,,,,,,,,451.7799987792969,,,,,,,,,
2024-09-16,,COIN,,,,,,,,,,,,,,,,,,161.5,,,,
2024-09-16,,DIA,,,,,,,,,,,412.5213928222656,,,,,,,,,,,
2024-09-16,,GGAL,,,,,,,,,,,,,,,,44.11946487426758,,,,,,
2024-09-16,,GOOG,,,158.4386749267578,,,,,,,,,,,,,,,,,,,
2024-09-16,,HUT,,,,,,,,,,,,,,,,,11.029999732971191,,,,,
2024-09-16,,KO,,,,,,,,,,70.5315933227539,,,,,,,,,,,,
2024-09-16,,META,,,,,,,,,,,,531.96728515625,,,,,,,,,,
2024-09-16,,MRVL,,,,,,,,,,,,,,,,,,,73.21887969970703,,,
2024-09-16,,MSTR,,,,,,134.52999877929688,,,,,,,,,,,,,,,,
2024-09-16,116.75309753417969,NVDA,,,,,,,,,,,,,,,,,,,,,,
2024-09-16,,PAM,,58.7599983215332,,,,,,,,,,,,,,,,,,,,
2024-09-16,,PEP,,,,,,,,,,,,,,,172.2834930419922,,,,,,,
2024-09-16,,PFE,,,,,,,,,,,,,,,,,,,,28.583234786987305,,
2024-09-16,,PLTR,,,,,,,,,,,,,,36.310001373291016,,,,,,,,
2024-09-16,,QQQ,,,,,,,,,470.58404541015625,,,,,,,,,,,,,
2024-09-16,,SPOT,,,,,,,,338.8299865722656,,,,,,,,,,,,,,
2024-09-16,,SPY,,,,,,,555.916015625,,,,,,,,,,,,,,,
2024-09-16,,TSLA,,,,,226.77999877929688,,,,,,,,,,,,,,,,,
2024-09-16,,YPF,,,,,,,,,,,,,,,,,,,,,,23.8700008392334
2024-09-17,,AAPL,216.03060913085938,,,,,,,,,,,,,,,,,,,,,
2024-09-17,,AMZN,,,,186.8800048828125,,,,,,,,,,,,,,,,,,
2024-09-17,,AVGO,,,,,,,,,,,,,,,,,,,,,160.63931274414062,
2024-09-17,,BRK-B,,,,,,,,,,,,,456.67999267578125,,,,,,,,,
2024-09-17,,COIN,,,,,,,,,,,,,,,,,,162.4499969482422,,,,
2024-09-17,,DIA,,,,,,,,,,,412.40277099609375,,,,,,,,,,,
2024-09-17,,GGAL,,,,,,,,,,,,,,,,44.92561721801758,,,,,,
2024-09-17,,GOOG,,,159.7241973876953,,,,,,,,,,,,,,,,,,,
2024-09-17,,HUT,,,,,,,,,,,,,,,,,11.420000076293945,,,,,
2024-09-17,,KO,,,,,,,,,,70.23812103271484,,,,,,,,,,,,
2024-09-17,,META,,,,,,,,,,,,534.999755859375,,,,,,,,,,
2024-09-17,,MRVL,,,,,,,,,,,,,,,,,,,72.5904312133789,,,
2024-09-17,,MSTR,,,,,,131.27000427246094,,,,,,,,,,,,,,,,
2024-09-17,115.5633773803711,NVDA,,,,,,,,,,,,,,,,,,,,,,
2024-09-17,,PAM,,58.56999969482422,,,,,,,,,,,,,,,,,,,,
2024-09-17,,PEP,,,,,,,,,,,,,,,171.95294189453125,,,,,,,
2024-09-17,,PFE,,,,,,,,,,,,,,,,,,,,28.3551025390625,,
2024-09-17,,PLTR,,,,,,,,,,,,,,36.45000076293945,,,,,,,,
2024-09-17,,QQQ,,,,,,,,,470.8326721191406,,,,,,,,,,,,,
2024-09-17,,SPOT,,,,,,,,342.1499938964844,,,,,,,,,,,,,,
2024-09-17,,SPY,,,,,,,556.1431884765625,,,,,,,,,,,,,,,
2024-09-17,,TSLA,,,,,227.8699951171875,,,,,,,,,,,,,,,,,
2024-09-17,,YPF,,,,,,,,,,,,,,,,,,,,,,23.649999618530273
2024-09-18,,AAPL,219.91697692871094,,,,,,,,,,,,,,,,,,,,,
2024-09-18,,AMZN,,,,186.42999267578125,,,,,,,,,,,,,,,,,,
2024-09-18,,AVGO,,,,,,,,,,,,,,,,,,,,,159.8483428955078,
2024-09-18,,BRK-B,,,,,,,,,,,,,456.6000061035156,,,,,,,,,
2024-09-18,,COIN,,,,,,,,,,,,,,,,,,162.63999938964844,,,,
2024-09-18,,DIA,,,,,,,,,,,411.34527587890625,,,,,,,,,,,
2024-09-18,,GGAL,,,,,,,,,,,,,,,,45.91091537475586,,,,,,
2024-09-18,,GOOG,,,160.25234985351562,,,,,,,,,,,,,,,,,,,
2024-09-18,,HUT,,,,,,,,,,,,,,,,,11.020000457763672,,,,,
2024-09-18,,KO,,,,,,,,,,70.189208984375,,,,,,,,,,,,
2024-09-18,,META,,,,,,,,,,,,536.6257934570312,,,,,,,,,,
2024-09-18,,MRVL,,,,,,,,,,,,,,,,,,,71.37345123291016,,,
2024-09-18,,MSTR,,,,,,132.6699981689453,,,,,,,,,,,,,,,,
2024-09-18,113.34388732910156,NVDA,,,,,,,,,,,,,,,,,,,,,,
2024-09-18,,PAM,,59.439998626708984,,,,,,,,,,,,,,,,,,,,
2024-09-18,,PEP,,,,,,,,,,,,,,,170.339111328125,,,,,,,
2024-09-18,,PFE,,,,,,,,,,,,,,,,,,,,28.2790584564209,,
2024-09-18,,PLTR,,,,,,,,,,,,,,36.380001068115234,,,,,,,,
2024-09-18,,QQQ,,,,,,,,,468.7941589355469,,,,,,,,,,,,,
2024-09-18,,SPOT,,,,,,,,343.9700012207031,,,,,,,,,,,,,,
2024-09-18,,SPY,,,,,,,554.4937744140625,,,,,,,,,,,,,,,
2024-09-18,,TSLA,,,,,227.1999969482422,,,,,,,,,,,,,,,,,
2024-09-18,,YPF,,,,,,,,,,,,,,,,,,,,,,23.559999465942383
2024-09-19,,AAPL,228.0683135986328,,,,,,,,,,,,,,,,,,,,,
2024-09-19,,AMZN,,,,189.8699951171875,,,,,,,,,,,,,,,,,,
2024-09-19,,AVGO,,,,,,,,,,,,,,,,,,,,,166.07798767089844,
2024-09-19,,BRK-B,,,,,,,,,,,,,459.7099914550781,,,,,,,,,
2024-09-19,,COIN,,,,,,,,,,,,,,,,,,168.24000549316406,,,,
2024-09-19,,DIA,,,,,,,,,,,416.5044860839844,,,,,,,,,,,
2024-09-19,,GGAL,,,,,,,,,,,,,,,,46.87630844116211,,,,,,
2024-09-19,,GOOG,,,162.67391967773438,,,,,,,,,,,,,,,,,,,
2024-09-19,,HUT,,,,,,,,,,,,,,,,,11.430000305175781,,,,,
2024-09-19,,KO,,,,,,,,,,69.08379364013672,,,,,,,,,,,,
2024-09-19,,META,,,,,,,,,,,,557.7236328125,,,,,,,,,,
2024-09-19,,MRVL,,,,,,,,,,,,,,,,,,,74.69522857666016,,,
2024-09-19,,MSTR,,,,,,144.66000366210938,,,,,,,,,,,,,,,,
2024-09-19,117.84285736083984,NVDA,,,,,,,,,,,,,,,,,,,,,,
2024-09-19,,PAM,,62.40999984741211,,,,,,,,,,,,,,,,,,,,
2024-09-19,,PEP,,,,,,,,,,,,,,,169.80438232421875,,,,,,,
2024-09-19,,PFE,,,,,,,,,,,,,,,,,,,,28.19350814819336,,
2024-09-19,,PLTR,,,,,,,,,,,,,,36.83000183105469,,,,,,,,
2024-09-19,,QQQ,,,,,,,,,480.6472473144531,,,,,,,,,,,,,
2024-09-19,,SPOT,,,,,,,,360.2200012207031,,,,,,,,,,,,,,
2024-09-19,,SPY,,,,,,,563.9558715820312,,,,,,,,,,,,,,,
2024-09-19,,TSLA,,,,,243.9199981689453,,,,,,,,,,,,,,,,,
2024-09-19,,YPF,,,,,,,,,,,,,,,,,,,,,,24.260000228881836
2024-09-20,,AAPL,227.40065002441406,,,,,,,,,,,,,,,,,,,,,
2024-09-20,,AMZN,,,,191.60000610351562,,,,,,,,,,,,,,,,,,
2024-09-20,,AVGO,,,,,,,,,,,,,,,,,,,,,169.728515625,
2024-09-20,,BRK-B,,,,,,,,,,,,,455.30999755859375,,,,,,,,,
2024-09-20,,COIN,,,,,,,,,,,,,,,,,,170.08999633789062,,,,
2024-09-20,,DIA,,,,,,,,,,,415.67425537109375,,,,,,,,,,,
2024-09-20,,GGAL,,,,,,,,,,,,,,,,46.40854263305664,,,,,,
2024-09-20,,GOOG,,,164.06906127929688,,,,,,,,,,,,,,,,,,,
2024-09-20,,HUT,,,,,,,,,,,,,,,,,11.170000076293945,,,,,
2024-09-20,,KO,,,,,,,,,,70.08160400390625,,,,,,,,,,,,
2024-09-20,,META,,,,,,,,,,,,559.9681396484375,,,,,,,,,,
2024-09-20,,MRVL,,,,,,,,,,,,,,,,,,,73.6877212524414,,,
2024-09-20,,MSTR,,,,,,144.77999877929688,,,,,,,,,,,,,,,,
2024-09-20,115.97328186035156,NVDA,,,,,,,,,,,,,,,,,,,,,,
2024-09-20,,PAM,,61.86000061035156,,,,,,,,,,,,,,,,,,,,
2024-09-20,,PEP,,,,,,,,,,,,,,,166.42112731933594,,,,,,,
2024-09-20,,PFE,,,,,,,,,,,,,,,,,,,,27.965373992919922,,
2024-09-20,,PLTR,,,,,,,,,,,,,,37.20000076293945,,,,,,,,
2024-09-20,,QQQ,,,,,,,,,479.732421875,,,,,,,,,,,,,
2024-09-20,,SPOT,,,,,,,,365.1700134277344,,,,,,,,,,,,,,
2024-09-20,,SPY,,,,,,,562.9810180664062,,,,,,,,,,,,,,,
2024-09-20,,TSLA,,,,,238.25,,,,,,,,,,,,,,,,,
2024-09-20,,YPF,,,,,,,,,,,,,,,,,,,,,,23.649999618530273
2024-09-23,,AAPL,225.67672729492188,,,,,,,,,,,,,,,,,,,,,
2024-09-23,,AMZN,,,,193.8800048828125,,,,,,,,,,,,,,,,,,
2024-09-23,,AVGO,,,,,,,,,,,,,,,,,,,,,171.55374145507812,
2024-09-23,,BRK-B,,,,,,,,,,,,,454.9800109863281,,,,,,,,,
2024-09-23,,COIN,,,,,,,,,,,,,,,,,,170.22000122070312,,,,
2024-09-23,,DIA,,,,,,,,,,,416.20794677734375,,,,,,,,,,,
2024-09-23,,GGAL,,,,,,,,,,,,,,,,45.413291931152344,,,,,,
2024-09-23,,GOOG,,,162.50453186035156,,,,,,,,,,,,,,,,,,,
2024-09-23,,HUT,,,,,,,,,,,,,,,,,11.569999694824219,,,,,
2024-09-23,,KO,,,,,,,,,,70.16964721679688,,,,,,,,,,,,
2024-09-23,,META,,,,,,,,,,,,563.0205688476562,,,,,,,,,,
2024-09-23,,MRVL,,,,,,,,,,,,,,,,,,,71.63280487060547,,,
2024-09-23,,MSTR,,,,,,149.97000122070312,,,,,,,,,,,,,,,,
2024-09-23,116.23323059082031,NVDA,,,,,,,,,,,,,,,,,,,,,,
2024-09-23,,PAM,,59.97999954223633,,,,,,,,,,,,,,,,,,,,
2024-09-23,,PEP,,,,,,,,,,,,,,,167.32528686523438,,,,,,,
2024-09-23,,PFE,,,,,,,,,,,,,,,,,,,,27.86081314086914,,
2024-09-23,,PLTR,,,,,,,,,,,,,,37.95000076293945,,,,,,,,
2024-09-23,,QQQ,,,,,,,,,481.0040283203125,,,,,,,,,,,,,
2024-09-23,,SPOT,,,,,,,,369.010009765625,,,,,,,,,,,,,,
2024-09-23,,SPY,,,,,,,564.3877563476562,,,,,,,,,,,,,,,
2024-09-23,,TSLA,,,,,250.0,,,,,,,,,,,,,,,,,
2024-09-23,,YPF,,,,,,,,,,,,,,,,,,,,,,22.8799991607666
2024-09-24,,AAPL,226.57354736328125,,,,,,,,,,,,,,,,,,,,,
2024-09-24,,AMZN,,,,193.9600067138672,,,,,,,,,,,,,,,,,,
2024-09-24,,AVGO,,,,,,,,,,,,,,,,,,,,,173.4385223388672,
2024-09-24,,BRK-B,,,,,,,,,,,,,454.55999755859375,,,,,,,,,
2024-09-24,,COIN,,,,,,,,,,,,,,,,,,171.67999267578125,,,,
2024-09-24,,DIA,,,,,,,,,,,417.2160949707031,,,,,,,,,,,
2024-09-24,,GGAL,,,,,,,,,,,,,,,,44.149322509765625,,,,,,
2024-09-24,,GOOG,,,163.0725555419922,,,,,,,,,,,,,,,,,,,
2024-09-24,,HUT,,,,,,,,,,,,,,,,,12.5,,,,,
2024-09-24,,KO,,,,,,,,,,69.7783432006836,,,,,,,,,,,,
2024-09-24,,META,,,,,,,,,,,,561.9432983398438,,,,,,,,,,
2024-09-24,,MRVL,,,,,,,,,,,,,,,,,,,71.02430725097656,,,
2024-09-24,,MSTR,,,,,,153.8800048828125,,,,,,,,,,,,,,,,
2024-09-24,120.8421630859375,NVDA,,,,,,,,,,,,,,,,,,,,,,
2024-09-24,,PAM,,60.18000030517578,,,,,,,,,,,,,,,,,,,,
2024-09-24,,PEP,,,,,,,,,,,,,,,165.1961669921875,,,,,,,
2024-09-24,,PFE,,,,,,,,,,,,,,,,,,,,28.041418075561523,,
2024-09-24,,PLTR,,,,,,,,,,,,,,36.900001525878906,,,,,,,,
2024-09-24,,QQQ,,,,,,,,,483.32421875,,,,,,,,,,,,,
2024-09-24,,SPOT,,,,,,,,380.3599853515625,,,,,,,,,,,,,,
2024-09-24,,SPY,,,,,,,566.002685546875,,,,,,,,,,,,,,,
2024-09-24,,TSLA,,,,,254.27000427246094,,,,,,,,,,,,,,,,,
2024-09-24,,YPF,,,,,,,,,,,,,,,,,,,,,,22.75
2024-09-25,,AAPL,225.57705688476562,,,,,,,,,,,,,,,,,,,,,
2024-09-25,,AMZN,,,,192.52999877929688,,,,,,,,,,,,,,,,,,
2024-09-25,,AVGO,,,,,,,,,,,,,,,,,,,,,174.1130828857422,
2024-09-25,,BRK-B,,,,,,,,,,,,,452.3599853515625,,,,,,,,,
2024-09-25,,COIN,,,,,,,,,,,,,,,,,,167.0800018310547,,,,
2024-09-25,,DIA,,,,,,,,,,,414.24114990234375,,,,,,,,,,,
2024-09-25,,GGAL,,,,,,,,,,,,,,,,42.92516326904297,,,,,,
2024-09-25,,GOOG,,,162.4248046875,,,,,,,,,,,,,,,,,,,
2024-09-25,,HUT,,,,,,,,,,,,,,,,,12.529999732971191,,,,,
2024-09-25,,KO,,,,,,,,,,69.89573669433594,,,,,,,,,,,,
2024-09-25,,META,,,,,,,,,,,,566.9110107421875,,,,,,,,,,
2024-09-25,,MRVL,,,,,,,,,,,,,,,,,,,71.00436401367188,,,
2024-09-25,,MSTR,,,,,,151.94000244140625,,,,,,,,,,,,,,,,
2024-09-25,123.48155975341797,NVDA,,,,,,,,,,,,,,,,,,,,,,
2024-09-25,,PAM,,59.400001525878906,,,,,,,,,,,,,,,,,,,,
2024-09-25,,PEP,,,,,,,,,,,,,,,164.6905975341797,,,,,,,
2024-09-25,,PFE,,,,,,,,,,,,,,,,,,,,27.499601364135742,,
2024-09-25,,PLTR,,,,,,,,,,,,,,37.119998931884766,,,,,,,,
2024-09-25,,QQQ,,,,,,,,,483.7723083496094,,,,,,,,,,,,,
2024-09-25,,SPOT,,,,,,,,383.9599914550781,,,,,,,,,,,,,,
2024-09-25,,SPY,,,,,,,564.7543334960938,,,,,,,,,,,,,,,
2024-09-25,,TSLA,,,,,257.0199890136719,,,,,,,,,,,,,,,,,
2024-09-25,,YPF,,,,,,,,,,,,,,,,,,,,,,22.350000381469727
2024-09-26,,AAPL,226.72303771972656,,,,,,,,,,,,,,,,,,,,,
2024-09-26,,AMZN,,,,191.16000366210938,,,,,,,,,,,,,,,,,,
2024-09-26,,AVGO,,,,,,,,,,,,,,,,,,,,,176.66246032714844,
2024-09-26,,BRK-B,,,,,,,,,,,,,454.17999267578125,,,,,,,,,
2024-09-26,,COIN,,,,,,,,,,,,,,,,,,179.92999267578125,,,,
2024-09-26,,DIA,,,,,,,,,,,416.7120361328125,,,,,,,,,,,
2024-09-26,,GGAL,,,,,,,,,,,,,,,,43.004783630371094,,,,,,
2024-09-26,,GOOG,,,163.2618865966797,,,,,,,,,,,,,,,,,,,
2024-09-26,,HUT,,,,,,,,,,,,,,,,,12.630000114440918,,,,,
2024-09-26,,KO,,,,,,,,,,69.84681701660156,,,,,,,,,,,,
2024-09-26,,META,,,,,,,,,,,,566.4421997070312,,,,,,,,,,
2024-09-26,,MRVL,,,,,,,,,,,,,,,,,,,73.26875305175781,,,
2024-09-26,,MSTR,,,,,,165.97999572753906,,,,,,,,,,,,,,,,
2024-09-26,124.01143646240234,NVDA,,,,,,,,,,,,,,,,,,,,,,
2024-09-26,,PAM,,58.2400016784668,,,,,,,,,,,,,,,,,,,,
2024-09-26,,PEP,,,,,,,,,,,,,,,164.97256469726562,,,,,,,
2024-09-26,,PFE,,,,,,,,,,,,,,,,,,,,27.53762435913086,,
2024-09-26,,PLTR,,,,,,,,,,,,,,37.099998474121094,,,,,,,,
2024-09-26,,QQQ,,,,,,,,,487.4069519042969,,,,,,,,,,,,,
2024-09-26,,SPOT,,,,,,,,379.1600036621094,,,,,,,,,,,,,,
2024-09-26,,SPY,,,,,,,566.9934692382812,,,,,,,,,,,,,,,
2024-09-26,,TSLA,,,,,254.22000122070312,,,,,,,,,,,,,,,,,
2024-09-26,,YPF,,,,,,,,,,,,,,,,,,,,,,22.059999465942383
2024-09-27,,AAPL,226.99208068847656,,,,,,,,,,,,,,,,,,,,,
2024-09-27,,AMZN,,,,187.97000122070312,,,,,,,,,,,,,,,,,,
2024-09-27,,AVGO,,,,,,,,,,,,,,,,,,,,,171.30575561523438,
2024-09-27,,BRK-B,,,,,,,,,,,,,457.4700012207031,,,,,,,,,
2024-09-27,,COIN,,,,,,,,,,,,,,,,,,191.22999572753906,,,,
2024-09-27,,DIA,,,,,,,,,,,418.02655029296875,,,,,,,,,,,
2024-09-27,,GGAL,,,,,,,,,,,,,,,,43.57207489013672,,,,,,
2024-09-27,,GOOG,,,164.71681213378906,,,,,,,,,,,,,,,,,,,
2024-09-27,,HUT,,,,,,,,,,,,,,,,,13.079999923706055,,,,,
2024-09-27,,KO,,,,,,,,,,70.22834777832031,,,,,,,,,,,,
2024-09-27,,META,,,,,,,,,,,,565.9633178710938,,,,,,,,,,
2024-09-27,,MRVL,,,,,,,,,,,,,,,,,,,70.81482696533203,,,
2024-09-27,,MSTR,,,,,,176.22000122070312,,,,,,,,,,,,,,,,
2024-09-27,121.3720474243164,NVDA,,,,,,,,,,,,,,,,,,,,,,
2024-09-27,,PAM,,58.619998931884766,,,,,,,,,,,,,,,,,,,,
2024-09-27,,PEP,,,,,,,,,,,,,,,165.27394104003906,,,,,,,
2024-09-27,,PFE,,,,,,,,,,,,,,,,,,,,27.651691436767578,,
2024-09-27,,PLTR,,,,,,,,,,,,,,36.84000015258789,,,,,,,,
2024-09-27,,QQQ,,,,,,,,,484.6983947753906,,,,,,,,,,,,,
2024-09-27,,SPOT,,,,,,,,369.20001220703125,,,,,,,,,,,,,,
2024-09-27,,SPY,,,,,,,566.1710815429688,,,,,,,,,,,,,,,
2024-09-27,,TSLA,,,,,260.4599914550781,,,,,,,,,,,,,,,,,
2024-09-27,,YPF,,,,,,,,,,,,,,,,,,,,,,21.68000030517578
2024-09-30,,AAPL,232.18385314941406,,,,,,,,,,,,,,,,,,,,,
2024-09-30,,AMZN,,,,186.3300018310547,,,,,,,,,,,,,,,,,,
2024-09-30,,AVGO,,,,,,,,,,,,,,,,,,,,,171.11727905273438,
2024-09-30,,BRK-B,,,,,,,,,,,,,460.260009765625,,,,,,,,,
2024-09-30,,COIN,,,,,,,,,,,,,,,,,,178.1699981689453,,,,
2024-09-30,,DIA,,,,,,,,,,,418.1946105957031,,,,,,,,,,,
2024-09-30,,GGAL,,,,,,,,,,,,,,,,41.89010238647461,,,,,,
2024-09-30,,GOOG,,,166.61024475097656,,,,,,,,,,,,,,,,,,,
2024-09-30,,HUT,,,,,,,,,,,,,,,,,12.260000228881836,,,,,
2024-09-30,,KO,,,,,,,,,,70.29681396484375,,,,,,,,,,,,
2024-09-30,,META,,,,,,,,,,,,571.0308227539062,,,,,,,,,,
2024-09-30,,MRVL,,,,,,,,,,,,,,,,,,,71.9420394897461,,,
2024-09-30,,MSTR,,,,,,168.60000610351562,,,,,,,,,,,,,,,,
2024-09-30,121.41203308105469,NVDA,,,,,,,,,,,,,,,,,,,,,,
2024-09-30,,PAM,,60.040000915527344,,,,,,,,,,,,,,,,,,,,
2024-09-30,,PEP,,,,,,,,,,,,,,,165.3225555419922,,,,,,,
2024-09-30,,PFE,,,,,,,,,,,,,,,,,,,,27.50910758972168,,
2024-09-30,,PLTR,,,,,,,,,,,,,,37.20000076293945,,,,,,,,
2024-09-30,,QQQ,,,,,,,,,486.0128479003906,,,,,,,,,,,,,
2024-09-30,,SPOT,,,,,,,,368.5299987792969,,,,,,,,,,,,,,
2024-09-30,,SPY,,,,,,,568.4398803710938,,,,,,,,,,,,,,,
2024-09-30,,TSLA,,,,,261.6300048828125,,,,,,,,,,,,,,,,,
2024-09-30,,YPF,,,,,,,,,,,,,,,,,,,,,,21.209999084472656
2024-10-01,,AAPL,225.41763305664062,,,,,,,,,,,,,,,,,,,,,
2024-10-01,,AMZN,,,,185.1300048828125,,,,,,,,,,,,,,,,,,
2024-10-01,,AVGO,,,,,,,,,,,,,,,,,,,,,166.12757873535156,
2024-10-01,,BRK-B,,,,,,,,,,,,,457.4100036621094,,,,,,,,,
2024-10-01,,COIN,,,,,,,,,,,,,,,,,,165.00999450683594,,,,
2024-10-01,,DIA,,,,,,,,,,,416.59344482421875,,,,,,,,,,,
2024-10-01,,GGAL,,,,,,,,,,,,,,,,42.20858383178711,,,,,,
2024-10-01,,GOOG,,,167.83596801757812,,,,,,,,,,,,,,,,,,,
2024-10-01,,HUT,,,,,,,,,,,,,,,,,11.555000305175781,,,,,
2024-10-01,,KO,,,,,,,,,,70.15007781982422,,,,,,,,,,,,
2024-10-01,,META,,,,,,,,,,,,575.0508422851562,,,,,,,,,,
2024-10-01,,MRVL,,,,,,,,,,,,,,,,,,,70.1364974975586,,,
2024-10-01,,MSTR,,,,,,162.69000244140625,,,,,,,,,,,,,,,,
2024-10-01,116.97305297851562,NVDA,,,,,,,,,,,,,,,,,,,,,,
2024-10-01,,PAM,,61.029998779296875,,,,,,,,,,,,,,,,,,,,
2024-10-01,,PEP,,,,,,,,,,,,,,,166.61557006835938,,,,,,,
2024-10-01,,PFE,,,,,,,,,,,,,,,,,,,,27.252456665039062,,
2024-10-01,,PLTR,,,,,,,,,,,,,,36.459999084472656,,,,,,,,
2024-10-01,,QQQ,,,,,,,,,479.2414855957031,,,,,,,,,,,,,
2024-10-01,,SPOT,,,,,,,,375.3999938964844,,,,,,,,,,,,,,
2024-10-01,,SPY,,,,,,,563.3475952148438,,,,,,,,,,,,,,,
2024-10-01,,TSLA,,,,,258.0199890136719,,,,,,,,,,,,,,,,,
2024-10-01,,YPF,,,,,,,,,,,,,,,,,,,,,,21.670000076293945
2024-10-02,,AAPL,225.98562622070312,,,,,,,,,,,,,,,,,,,,,
2024-10-02,,AMZN,,,,184.75999450683594,,,,,,,,,,,,,,,,,,
2024-10-02,,AVGO,,,,,,,,,,,,,,,,,,,,,169.29202270507812,
2024-10-02,,BRK-B,,,,,,,,,,,,,456.6700134277344,,,,,,,,,
2024-10-02,,COIN,,,,,,,,,,,,,,,,,,164.47000122070312,,,,
2024-10-02,,DIA,,,,,,,,,,,416.9986572265625,,,,,,,,,,,
2024-10-02,,GGAL,,,,,,,,,,,,,,,,41.740814208984375,,,,,,
2024-10-02,,GOOG,,,166.7298126220703,,,,,,,,,,,,,,,,,,,
2024-10-02,,HUT,,,,,,,,,,,,,,,,,11.979999542236328,,,,,
2024-10-02,,KO,,,,,,,,,,69.4653091430664,,,,,,,,,,,,
2024-10-02,,META,,,,,,,,,,,,571.39990234375,,,,,,,,,,
2024-10-02,,MRVL,,,,,,,,,,,,,,,,,,,71.86224365234375,,,
2024-10-02,,MSTR,,,,,,164.63999938964844,,,,,,,,,,,,,,,,
2024-10-02,118.82262420654297,NVDA,,,,,,,,,,,,,,,,,,,,,,
2024-10-02,,PAM,,59.97999954223633,,,,,,,,,,,,,,,,,,,,
2024-10-02,,PEP,,,,,,,,,,,,,,,164.83644104003906,,,,,,,
2024-10-02,,PFE,,,,,,,,,,,,,,,,,,,,27.195423126220703,,
2024-10-02,,PLTR,,,,,,,,,,,,,,37.4900016784668,,,,,,,,
2024-10-02,,QQQ,,,,,,,,,479.9186096191406,,,,,,,,,,,,,
2024-10-02,,SPOT,,,,,,,,374.75,,,,,,,,,,,,,,
2024-10-02,,SPY,,,,,,,563.5853271484375,,,,,,,,,,,,,,,
2024-10-02,,TSLA,,,,,249.02000427246094,,,,,,,,,,,,,,,,,
2024-10-02,,YPF,,,,,,,,,,,,,,,,,,,,,,21.690000534057617
2024-10-03,,AAPL,224.8795166015625,,,,,,,,,,,,,,,,,,,,,
2024-10-03,,AMZN,,,,181.9600067138672,,,,,,,,,,,,,,,,,,
2024-10-03,,AVGO,,,,,,,,,,,,,,,,,,,,,170.5121612548828,
2024-10-03,,BRK-B,,,,,,,,,,,,,452.9599914550781,,,,,,,,,
2024-10-03,,COIN,,,,,,,,,,,,,,,,,,163.10000610351562,,,,
2024-10-03,,DIA,,,,,,,,,,,415.0911560058594,,,,,,,,,,,
2024-10-03,,GGAL,,,,,,,,,,,,,,,,43.203834533691406,,,,,,
2024-10-03,,GOOG,,,166.6301727294922,,,,,,,,,,,,,,,,,,,
2024-10-03,,HUT,,,,,,,,,,,,,,,,,11.729999542236328,,,,,
2024-10-03,,KO,,,,,,,,,,68.9859619140625,,,,,,,,,,,,
2024-10-03,,META,,,,,,,,,,,,581.3353881835938,,,,,,,,,,
2024-10-03,,MRVL,,,,,,,,,,,,,,,,,,,72.06173706054688,,,
2024-10-03,,MSTR,,,,,,163.41000366210938,,,,,,,,,,,,,,,,
2024-10-03,122.82170867919922,NVDA,,,,,,,,,,,,,,,,,,,,,,
2024-10-03,,PAM,,62.119998931884766,,,,,,,,,,,,,,,,,,,,
2024-10-03,,PEP,,,,,,,,,,,,,,,163.8448028564453,,,,,,,
2024-10-03,,PFE,,,,,,,,,,,,,,,,,,,,26.938772201538086,,
2024-10-03,,PLTR,,,,,,,,,,,,,,39.2400016784668,,,,,,,,
2024-10-03,,QQQ,,,,,,,,,479.56011962890625,,,,,,,,,,,,,
2024-10-03,,SPOT,,,,,,,,372.6000061035156,,,,,,,,,,,,,,
2024-10-03,,SPY,,,,,,,562.5549926757812,,,,,,,,,,,,,,,
2024-10-03,,TSLA,,,,,240.66000366210938,,,,,,,,,,,,,,,,,
2024-10-03,,YPF,,,,,,,,,,,,,,,,,,,,,,22.360000610351562
2024-10-04,,AAPL,226.00555419921875,,,,,,,,,,,,,,,,,,,,,
2024-10-04,,AMZN,,,,186.50999450683594,,,,,,,,,,,,,,,,,,
2024-10-04,,AVGO,,,,,,,,,,,,,,,,,,,,,175.2240753173828,
2024-10-04,,BRK-B,,,,,,,,,,,,,461.9700012207031,,,,,,,,,
2024-10-04,,COIN,,,,,,,,,,,,,,,,,,170.91000366210938,,,,
2024-10-04,,DIA,,,,,,,,,,,418.481201171875,,,,,,,,,,,
2024-10-04,,GGAL,,,,,,,,,,,,,,,,43.28345489501953,,,,,,
2024-10-04,,GOOG,,,167.97547912597656,,,,,,,,,,,,,,,,,,,
2024-10-04,,HUT,,,,,,,,,,,,,,,,,12.020000457763672,,,,,
2024-10-04,,KO,,,,,,,,,,68.64356994628906,,,,,,,,,,,,
2024-10-04,,META,,,,,,,,,,,,594.4730224609375,,,,,,,,,,
2024-10-04,,MRVL,,,,,,,,,,,,,,,,,,,73.2288589477539,,,
2024-10-04,,MSTR,,,,,,176.50999450683594,,,,,,,,,,,,,,,,
2024-10-04,124.89122772216797,NVDA,,,,,,,,,,,,,,,,,,,,,,
2024-10-04,,PAM,,63.060001373291016,,,,,,,,,,,,,,,,,,,,
2024-10-04,,PEP,,,,,,,,,,,,,,,163.30038452148438,,,,,,,
2024-10-04,,PFE,,,,,,,,,,,,,,,,,,,,27.166906356811523,,
2024-10-04,,PLTR,,,,,,,,,,,,,,40.0099983215332,,,,,,,,
2024-10-04,,QQQ,,,,,,,,,485.2659912109375,,,,,,,,,,,,,
2024-10-04,,SPOT,,,,,,,,371.45001220703125,,,,,,,,,,,,,,
2024-10-04,,SPY,,,,,,,567.6671142578125,,,,,,,,,,,,,,,
2024-10-04,,TSLA,,,,,250.0800018310547,,,,,,,,,,,,,,,,,
2024-10-04,,YPF,,,,,,,,,,,,,,,,,,,,,,22.239999771118164
2024-10-07,,AAPL,220.91346740722656,,,,,,,,,,,,,,,,,,,,,
2024-10-07,,AMZN,,,,180.8000030517578,,,,,,,,,,,,,,,,,,
2024-10-07,,AVGO,,,,,,,,,,,,,,,,,,,,,173.67660522460938,
2024-10-07,,BRK-B,,,,,,,,,,,,,453.5,,,,,,,,,
2024-10-07,,COIN,,,,,,,,,,,,,,,,,,168.9199981689453,,,,
2024-10-07,,DIA,,,,,,,,,,,414.72540283203125,,,,,,,,,,,
2024-10-07,,GGAL,,,,,,,,,,,,,,,,42.31806182861328,,,,,,
2024-10-07,,GOOG,,,163.8199462890625,,,,,,,,,,,,,,,,,,,
2024-10-07,,HUT,,,,,,,,,,,,,,,,,11.720000267028809,,,,,
2024-10-07,,KO,,,,,,,,,,67.5088119506836,,,,,,,,,,,,
2024-10-07,,META,,,,,,,,,,,,583.3405151367188,,,,,,,,,,
2024-10-07,,MRVL,,,,,,,,,,,,,,,,,,,73.53809356689453,,,
2024-10-07,,MSTR,,,,,,186.08999633789062,,,,,,,,,,,,,,,,
2024-10-07,127.69058990478516,NVDA,,,,,,,,,,,,,,,,,,,,,,
2024-10-07,,PAM,,61.02000045776367,,,,,,,,,,,,,,,,,,,,
2024-10-07,,PEP,,,,,,,,,,,,,,,162.56149291992188,,,,,,,
2024-10-07,,PFE,,,,,,,,,,,,,,,,,,,,27.756250381469727,,
2024-10-07,,PLTR,,,,,,,,,,,,,,38.88999938964844,,,,,,,,
2024-10-07,,QQQ,,,,,,,,,480.0679931640625,,,,,,,,,,,,,
2024-10-07,,SPOT,,,,,,,,362.95001220703125,,,,,,,,,,,,,,
2024-10-07,,SPY,,,,,,,562.53515625,,,,,,,,,,,,,,,
2024-10-07,,TSLA,,,,,240.8300018310547,,,,,,,,,,,,,,,,,
2024-10-07,,YPF,,,,,,,,,,,,,,,,,,,,,,21.979999542236328
2024-10-08,,AAPL,224.97918701171875,,,,,,,,,,,,,,,,,,,,,
2024-10-08,,AMZN,,,,182.72000122070312,,,,,,,,,,,,,,,,,,
2024-10-08,,AVGO,,,,,,,,,,,,,,,,,,,,,179.2812957763672,
2024-10-08,,BRK-B,,,,,,,,,,,,,453.79998779296875,,,,,,,,,
2024-10-08,,COIN,,,,,,,,,,,,,,,,,,167.69000244140625,,,,
2024-10-08,,DIA,,,,,,,,,,,415.9015808105469,,,,,,,,,,,
2024-10-08,,GGAL,,,,,,,,,,,,,,,,43.970176696777344,,,,,,
2024-10-08,,GOOG,,,165.12539672851562,,,,,,,,,,,,,,,,,,,
2024-10-08,,HUT,,,,,,,,,,,,,,,,,11.335000038146973,,,,,
2024-10-08,,KO,,,,,,,,,,67.67511749267578,,,,,,,,,,,,
2024-10-08,,META,,,,,,,,,,,,591.4305419921875,,,,,,,,,,
2024-10-08,,MRVL,,,,,,,,,,,,,,,,,,,72.92960357666016,,,
2024-10-08,,MSTR,,,,,,192.1999969482422,,,,,,,,,,,,,,,,
2024-10-08,132.85939025878906,NVDA,,,,,,,,,,,,,,,,,,,,,,
2024-10-08,,PAM,,61.72999954223633,,,,,,,,,,,,,,,,,,,,
2024-10-08,,PEP,,,,,,,,,,,,,,,165.6822509765625,,,,,,,
2024-10-08,,PFE,,,,,,,,,,,,,,,,,,,,27.737241744995117,,
2024-10-08,,PLTR,,,,,,,,,,,,,,41.45000076293945,,,,,,,,
2024-10-08,,QQQ,,,,,,,,,487.2376403808594,,,,,,,,,,,,,
2024-10-08,,SPOT,,,,,,,,370.3800048828125,,,,,,,,,,,,,,
2024-10-08,,SPY,,,,,,,567.8553466796875,,,,,,,,,,,,,,,
2024-10-08,,TSLA,,,,,244.5,,,,,,,,,,,,,,,,,
2024-10-08,,YPF,,,,,,,,,,,,,,,,,,,,,,22.100000381469727
2024-10-09,,AAPL,228.73594665527344,,,,,,,,,,,,,,,,,,,,,
2024-10-09,,AMZN,,,,185.1699981689453,,,,,,,,,,,,,,,,,,
2024-10-09,,AVGO,,,,,,,,,,,,,,,,,,,,,184.45947265625,
2024-10-09,,BRK-B,,,,,,,,,,,,,455.8999938964844,,,,,,,,,
2024-10-09,,COIN,,,,,,,,,,,,,,,,,,166.97000122070312,,,,
2024-10-09,,DIA,,,,,,,,,,,420.10211181640625,,,,,,,,,,,
2024-10-09,,GGAL,,,,,,,,,,,,,,,,46.35877990722656,,,,,,
2024-10-09,,GOOG,,,162.4945526123047,,,,,,,,,,,,,,,,,,,
2024-10-09,,HUT,,,,,,,,,,,,,,,,,10.970000267028809,,,,,
2024-10-09,,KO,,,,,,,,,,68.05662536621094,,,,,,,,,,,,
2024-10-09,,META,,,,,,,,,,,,589.056396484375,,,,,,,,,,
2024-10-09,,MRVL,,,,,,,,,,,,,,,,,,,72.66026306152344,,,
2024-10-09,,MSTR,,,,,,188.91000366210938,,,,,,,,,,,,,,,,
2024-10-09,132.6194305419922,NVDA,,,,,,,,,,,,,,,,,,,,,,
2024-10-09,,PAM,,63.790000915527344,,,,,,,,,,,,,,,,,,,,
2024-10-09,,PEP,,,,,,,,,,,,,,,167.74331665039062,,,,,,,
2024-10-09,,PFE,,,,,,,,,,,,,,,,,,,,28.697303771972656,,
2024-10-09,,PLTR,,,,,,,,,,,,,,43.130001068115234,,,,,,,,
2024-10-09,,QQQ,,,,,,,,,491.0713806152344,,,,,,,,,,,,,
2024-10-09,,SPOT,,,,,,,,373.9800109863281,,,,,,,,,,,,,,
2024-10-09,,SPY,,,,,,,571.7886352539062,,,,,,,,,,,,,,,
2024-10-09,,TSLA,,,,,241.0500030517578,,,,,,,,,,,,,,,,,
2024-10-09,,YPF,,,,,,,,,,,,,,,,,,,,,,23.59000015258789
2024-10-10,,AAPL,228.23770141601562,,,,,,,,,,,,,,,,,,,,,
2024-10-10,,AMZN,,,,186.64999389648438,,,,,,,,,,,,,,,,,,
2024-10-10,,AVGO,,,,,,,,,,,,,,,,,,,,,184.2015380859375,
2024-10-10,,BRK-B,,,,,,,,,,,,,454.92999267578125,,,,,,,,,
2024-10-10,,COIN,,,,,,,,,,,,,,,,,,164.27000427246094,,,,
2024-10-10,,DIA,,,,,,,,,,,419.7166748046875,,,,,,,,,,,
2024-10-10,,GGAL,,,,,,,,,,,,,,,,47.712318420410156,,,,,,
2024-10-10,,GOOG,,,162.6141357421875,,,,,,,,,,,,,,,,,,,
2024-10-10,,HUT,,,,,,,,,,,,,,,,,11.119999885559082,,,,,
2024-10-10,,KO,,,,,,,,,,67.74359130859375,,,,,,,,,,,,
2024-10-10,,META,,,,,,,,,,,,582.392822265625,,,,,,,,,,
2024-10-10,,MRVL,,,,,,,,,,,,,,,,,,,72.36100769042969,,,
2024-10-10,,MSTR,,,,,,183.33999633789062,,,,,,,,,,,,,,,,
2024-10-10,134.77894592285156,NVDA,,,,,,,,,,,,,,,,,,,,,,
2024-10-10,,PAM,,63.66999816894531,,,,,,,,,,,,,,,,,,,,
2024-10-10,,PEP,,,,,,,,,,,,,,,168.18081665039062,,,,,,,
2024-10-10,,PFE,,,,,,,,,,,,,,,,,,,,27.88932991027832,,
2024-10-10,,PLTR,,,,,,,,,,,,,,43.52000045776367,,,,,,,,
2024-10-10,,QQQ,,,,,,,,,490.5137939453125,,,,,,,,,,,,,
2024-10-10,,SPOT,,,,,,,,378.0,,,,,,,,,,,,,,
2024-10-10,,SPY,,,,,,,570.7879028320312,,,,,,,,,,,,,,,
2024-10-10,,TSLA,,,,,238.77000427246094,,,,,,,,,,,,,,,,,
2024-10-10,,YPF,,,,,,,,,,,,,,,,,,,,,,24.25
2024-10-11,,AAPL,226.75294494628906,,,,,,,,,,,,,,,,,,,,,
2024-10-11,,AMZN,,,,188.82000732421875,,,,,,,,,,,,,,,,,,
2024-10-11,,AVGO,,,,,,,,,,,,,,,,,,,,,180.02528381347656,
2024-10-11,,BRK-B,,,,,,,,,,,,,460.2099914550781,,,,,,,,,
2024-10-11,,COIN,,,,,,,,,,,,,,,,,,176.3800048828125,,,,
2024-10-11,,DIA,,,,,,,,,,,423.7392883300781,,,,,,,,,,,
2024-10-11,,GGAL,,,,,,,,,,,,,,,,49.533626556396484,,,,,,
2024-10-11,,GOOG,,,163.94949340820312,,,,,,,,,,,,,,,,,,,
2024-10-11,,HUT,,,,,,,,,,,,,,,,,11.720000267028809,,,,,
2024-10-11,,KO,,,,,,,,,,68.05662536621094,,,,,,,,,,,,
2024-10-11,,META,,,,,,,,,,,,588.497802734375,,,,,,,,,,
2024-10-11,,MRVL,,,,,,,,,,,,,,,,,,,73.88849639892578,,,
2024-10-11,,MSTR,,,,,,212.58999633789062,,,,,,,,,,,,,,,,
2024-10-11,134.7689666748047,NVDA,,,,,,,,,,,,,,,,,,,,,,
2024-10-11,,PAM,,64.97000122070312,,,,,,,,,,,,,,,,,,,,
2024-10-11,,PEP,,,,,,,,,,,,,,,169.95021057128906,,,,,,,
2024-10-11,,PFE,,,,,,,,,,,,,,,,,,,,27.718229293823242,,
2024-10-11,,PLTR,,,,,,,,,,,,,,43.5099983215332,,,,,,,,
2024-10-11,,QQQ,,,,,,,,,491.2804870605469,,,,,,,,,,,,,
2024-10-11,,SPOT,,,,,,,,373.70001220703125,,,,,,,,,,,,,,
2024-10-11,,SPY,,,,,,,574.2058715820312,,,,,,,,,,,,,,,
2024-10-11,,TSLA,,,,,217.8000030517578,,,,,,,,,,,,,,,,,
2024-10-11,,YPF,,,,,,,,,,,,,,,,,,,,,,24.8799991607666
2024-10-14,,AAPL,230.48980712890625,,,,,,,,,,,,,,,,,,,,,
2024-10-14,,AMZN,,,,187.5399932861328,,,,,,,,,,,,,,,,,,
2024-10-14,,AVGO,,,,,,,,,,,,,,,,,,,,,180.8486328125,
2024-10-14,,BRK-B,,,,,,,,,,,,,459.9800109863281,,,,,,,,,
2024-10-14,,COIN,,,,,,,,,,,,,,,,,,196.35000610351562,,,,
2024-10-14,,DIA,,,,,,,,,,,425.8741455078125,,,,,,,,,,,
2024-10-14,,GGAL,,,,,,,,,,,,,,,,49.20519256591797,,,,,,
2024-10-14,,GOOG,,,165.77316284179688,,,,,,,,,,,,,,,,,,,
2024-10-14,,HUT,,,,,,,,,,,,,,,,,12.180000305175781,,,,,
2024-10-14,,KO,,,,,,,,,,68.80987548828125,,,,,,,,,,,,
2024-10-14,,META,,,,,,,,,,,,588.966552734375,,,,,,,,,,
2024-10-14,,MRVL,,,,,,,,,,,,,,,,,,,77.5524673461914,,,
2024-10-14,,MSTR,,,,,,201.6699981689453,,,,,,,,,,,,,,,,
2024-10-14,138.03822326660156,NVDA,,,,,,,,,,,,,,,,,,,,,,
2024-10-14,,PAM,,64.87999725341797,,,,,,,,,,,,,,,,,,,,
2024-10-14,,PEP,,,,,,,,,,,,,,,171.20436096191406,,,,,,,
2024-10-14,,PFE,,,,,,,,,,,,,,,,,,,,27.642183303833008,,
2024-10-14,,PLTR,,,,,,,,,,,,,,43.400001525878906,,,,,,,,
2024-10-14,,QQQ,,,,,,,,,495.403076171875,,,,,,,,,,,,,
2024-10-14,,SPOT,,,,,,,,372.5,,,,,,,,,,,,,,
2024-10-14,,SPY,,,,,,,578.9019775390625,,,,,,,,,,,,,,,
2024-10-14,,TSLA,,,,,219.16000366210938,,,,,,,,,,,,,,,,,
2024-10-14,,YPF,,,,,,,,,,,,,,,,,,,,,,25.25
2024-10-15,,AAPL,233.03086853027344,,,,,,,,,,,,,,,,,,,,,
2024-10-15,,AMZN,,,,187.69000244140625,,,,,,,,,,,,,,,,,,
2024-10-15,,AVGO,,,,,,,,,,,,,,,,,,,,,174.56936645507812,
2024-10-15,,BRK-B,,,,,,,,,,,,,462.67999267578125,,,,,,,,,
2024-10-15,,COIN,,,,,,,,,,,,,,,,,,196.33999633789062,,,,
2024-10-15,,DIA,,,,,,,,,,,422.5631103515625,,,,,,,,,,,
2024-10-15,,GGAL,,,,,,,,,,,,,,,,49.41419982910156,,,,,,
2024-10-15,,GOOG,,,166.32122802734375,,,,,,,,,,,,,,,,,,,
2024-10-15,,HUT,,,,,,,,,,,,,,,,,11.770000457763672,,,,,
2024-10-15,,KO,,,,,,,,,,68.80987548828125,,,,,,,,,,,,
2024-10-15,,META,,,,,,,,,,,,584.8267822265625,,,,,,,,,,
2024-10-15,,MRVL,,,,,,,,,,,,,,,,,,,79.27963256835938,,,
2024-10-15,,MSTR,,,,,,194.30999755859375,,,,,,,,,,,,,,,,
2024-10-15,131.5697021484375,NVDA,,,,,,,,,,,,,,,,,,,,,,
2024-10-15,,PAM,,65.5999984741211,,,,,,,,,,,,,,,,,,,,
2024-10-15,,PEP,,,,,,,,,,,,,,,171.00990295410156,,,,,,,
2024-10-15,,PFE,,,,,,,,,,,,,,,,,,,,27.984384536743164,,
2024-10-15,,PLTR,,,,,,,,,,,,,,42.43000030517578,,,,,,,,
2024-10-15,,QQQ,,,,,,,,,488.7811279296875,,,,,,,,,,,,,
2024-10-15,,SPOT,,,,,,,,372.6000061035156,,,,,,,,,,,,,,
2024-10-15,,SPY,,,,,,,574.4041137695312,,,,,,,,,,,,,,,
2024-10-15,,TSLA,,,,,219.57000732421875,,,,,,,,,,,,,,,,,
2024-10-15,,YPF,,,,,,,,,,,,,,,,,,,,,,25.739999771118164
2024-10-16,,AAPL,230.96810913085938,,,,,,,,,,,,,,,,,,,,,
2024-10-16,,AMZN,,,,186.88999938964844,,,,,,,,,,,,,,,,,,
2024-10-16,,AVGO,,,,,,,,,,,,,,,,,,,,,175.4026641845703,
2024-10-16,,BRK-B,,,,,,,,,,,,,465.69000244140625,,,,,,,,,
2024-10-16,,COIN,,,,,,,,,,,,,,,,,,210.47999572753906,,,,
2024-10-16,,DIA,,,,,,,,,,,425.70611572265625,,,,,,,,,,,
2024-10-16,,GGAL,,,,,,,,,,,,,,,,48.6080436706543,,,,,,
2024-10-16,,GOOG,,,166.16180419921875,,,,,,,,,,,,,,,,,,,
2024-10-16,,HUT,,,,,,,,,,,,,,,,,12.899999618530273,,,,,
2024-10-16,,KO,,,,,,,,,,69.03487396240234,,,,,,,,,,,,
2024-10-16,,META,,,,,,,,,,,,575.3700561523438,,,,,,,,,,
2024-10-16,,MRVL,,,,,,,,,,,,,,,,,,,81.5458984375,,,
2024-10-16,,MSTR,,,,,,194.08999633789062,,,,,,,,,,,,,,,,
2024-10-16,135.68873596191406,NVDA,,,,,,,,,,,,,,,,,,,,,,
2024-10-16,,PAM,,64.36000061035156,,,,,,,,,,,,,,,,,,,,
2024-10-16,,PEP,,,,,,,,,,,,,,,169.62937927246094,,,,,,,
2024-10-16,,PFE,,,,,,,,,,,,,,,,,,,,28.203012466430664,,
2024-10-16,,PLTR,,,,,,,,,,,,,,41.93000030517578,,,,,,,,
2024-10-16,,QQQ,,,,,,,,,488.8408508300781,,,,,,,,,,,,,
2024-10-16,,SPOT,,,,,,,,371.69000244140625,,,,,,,,,,,,,,
2024-10-16,,SPY,,,,,,,576.9006958007812,,,,,,,,,,,,,,,
2024-10-16,,TSLA,,,,,221.3300018310547,,,,,,,,,,,,,,,,,
2024-10-16,,YPF,,,,,,,,,,,,,,,,,,,,,,24.8799991607666
2024-10-17,,AAPL,231.33682250976562,,,,,,,,,,,,,,,,,,,,,
2024-10-17,,AMZN,,,,187.52999877929688,,,,,,,,,,,,,,,,,,
2024-10-17,,AVGO,,,,,,,,,,,,,,,,,,,,,180.07489013671875,
2024-10-17,,BRK-B,,,,,,,,,,,,,465.8500061035156,,,,,,,,,
2024-10-17,,COIN,,,,,,,,,,,,,,,,,,204.1999969482422,,,,
2024-10-17,,DIA,,,,,,,,,,,427.4159851074219,,,,,,,,,,,
2024-10-17,,GGAL,,,,,,,,,,,,,,,,48.588138580322266,,,,,,
2024-10-17,,GOOG,,,163.93951416015625,,,,,,,,,,,,,,,,,,,
2024-10-17,,HUT,,,,,,,,,,,,,,,,,12.670000076293945,,,,,
2024-10-17,,KO,,,,,,,,,,68.37945556640625,,,,,,,,,,,,
2024-10-17,,META,,,,,,,,,,,,575.509765625,,,,,,,,,,
2024-10-17,,MRVL,,,,,,,,,,,,,,,,,,,79.77880859375,,,
2024-10-17,,MSTR,,,,,,193.4199981689453,,,,,,,,,,,,,,,,
2024-10-17,136.89846801757812,NVDA,,,,,,,,,,,,,,,,,,,,,,
2024-10-17,,PAM,,67.8499984741211,,,,,,,,,,,,,,,,,,,,
2024-10-17,,PEP,,,,,,,,,,,,,,,169.81410217285156,,,,,,,
2024-10-17,,PFE,,,,,,,,,,,,,,,,,,,,27.822790145874023,,
2024-10-17,,PLTR,,,,,,,,,,,,,,42.0,,,,,,,,
2024-10-17,,QQQ,,,,,,,,,489.179443359375,,,,,,,,,,,,,
2024-10-17,,SPOT,,,,,,,,366.75,,,,,,,,,,,,,,
2024-10-17,,SPY,,,,,,,576.9501953125,,,,,,,,,,,,,,,
2024-10-17,,TSLA,,,,,220.88999938964844,,,,,,,,,,,,,,,,,
2024-10-17,,YPF,,,,,,,,,,,,,,,,,,,,,,25.020000457763672
2024-10-18,,AAPL,234.1768341064453,,,,,,,,,,,,,,,,,,,,,
2024-10-18,,AMZN,,,,188.99000549316406,,,,,,,,,,,,,,,,,,
2024-10-18,,AVGO,,,,,,,,,,,,,,,,,,,,,178.4480438232422,
2024-10-18,,BRK-B,,,,,,,,,,,,,464.79998779296875,,,,,,,,,
2024-10-18,,COIN,,,,,,,,,,,,,,,,,,220.2100067138672,,,,
2024-10-18,,DIA,,,,,,,,,,,427.7511901855469,,,,,,,,,,,
2024-10-18,,GGAL,,,,,,,,,,,,,,,,50.37958908081055,,,,,,
2024-10-18,,GOOG,,,164.4776611328125,,,,,,,,,,,,,,,,,,,
2024-10-18,,HUT,,,,,,,,,,,,,,,,,14.470000267028809,,,,,
2024-10-18,,KO,,,,,,,,,,68.90769958496094,,,,,,,,,,,,
2024-10-18,,META,,,,,,,,,,,,575.0508422851562,,,,,,,,,,
2024-10-18,,MRVL,,,,,,,,,,,,,,,,,,,79.71890258789062,,,
2024-10-18,,MSTR,,,,,,215.86000061035156,,,,,,,,,,,,,,,,
2024-10-18,137.9682159423828,NVDA,,,,,,,,,,,,,,,,,,,,,,
2024-10-18,,PAM,,67.62999725341797,,,,,,,,,,,,,,,,,,,,
2024-10-18,,PEP,,,,,,,,,,,,,,,170.19325256347656,,,,,,,
2024-10-18,,PFE,,,,,,,,,,,,,,,,,,,,27.77526092529297,,
2024-10-18,,PLTR,,,,,,,,,,,,,,42.970001220703125,,,,,,,,
2024-10-18,,QQQ,,,,,,,,,492.3858642578125,,,,,,,,,,,,,
2024-10-18,,SPOT,,,,,,,,378.8800048828125,,,,,,,,,,,,,,
2024-10-18,,SPY,,,,,,,579.1694946289062,,,,,,,,,,,,,,,
2024-10-18,,TSLA,,,,,220.6999969482422,,,,,,,,,,,,,,,,,
2024-10-18,,YPF,,,,,,,,,,,,,,,,,,,,,,25.0
2024-10-21,,AAPL,235.65164184570312,,,,,,,,,,,,,,,,,,,,,
2024-10-21,,AMZN,,,,189.07000732421875,,,,,,,,,,,,,,,,,,
2024-10-21,,AVGO,,,,,,,,,,,,,,,,,,,,,178.5472412109375,
2024-10-21,,BRK-B,,,,,,,,,,,,,464.1600036621094,,,,,,,,,
2024-10-21,,COIN,,,,,,,,,,,,,,,,,,213.72000122070312,,,,
2024-10-21,,DIA,,,,,,,,,,,424.5180969238281,,,,,,,,,,,
2024-10-21,,GGAL,,,,,,,,,,,,,,,,50.38954544067383,,,,,,
2024-10-21,,GOOG,,,165.22506713867188,,,,,,,,,,,,,,,,,,,
2024-10-21,,HUT,,,,,,,,,,,,,,,,,15.329999923706055,,,,,
2024-10-21,,KO,,,,,,,,,,67.93923950195312,,,,,,,,,,,,
2024-10-21,,META,,,,,,,,,,,,573.744140625,,,,,,,,,,
2024-10-21,,MRVL,,,,,,,,,,,,,,,,,,,81.6956558227539,,,
2024-10-21,,MSTR,,,,,,219.0500030517578,,,,,,,,,,,,,,,,
2024-10-21,143.67691040039062,NVDA,,,,,,,,,,,,,,,,,,,,,,
2024-10-21,,PAM,,67.66000366210938,,,,,,,,,,,,,,,,,,,,
2024-10-21,,PEP,,,,,,,,,,,,,,,170.14463806152344,,,,,,,
2024-10-21,,PFE,,,,,,,,,,,,,,,,,,,,27.499601364135742,,
2024-10-21,,PLTR,,,,,,,,,,,,,,42.70000076293945,,,,,,,,
2024-10-21,,QQQ,,,,,,,,,493.3318786621094,,,,,,,,,,,,,
2024-10-21,,SPOT,,,,,,,,381.9700012207031,,,,,,,,,,,,,,
2024-10-21,,SPY,,,,,,,578.2183837890625,,,,,,,,,,,,,,,
2024-10-21,,TSLA,,,,,218.85000610351562,,,,,,,,,,,,,,,,,
2024-10-21,,YPF,,,,,,,,,,,,,,,,,,,,,,24.8700008392334
2024-10-22,,AAPL,235.03382873535156,,,,,,,,,,,,,,,,,,,,,
2024-10-22,,AMZN,,,,189.6999969482422,,,,,,,,,,,,,,,,,,
2024-10-22,,AVGO,,,,,,,,,,,,,,,,,,,,,177.942138671875,
2024-10-22,,BRK-B,,,,,,,,,,,,,461.45001220703125,,,,,,,,,
2024-10-22,,COIN,,,,,,,,,,,,,,,,,,210.72000122070312,,,,
2024-10-22,,DIA,,,,,,,,,,,424.4588317871094,,,,,,,,,,,
2024-10-22,,GGAL,,,,,,,,,,,,,,,,50.29997253417969,,,,,,
2024-10-22,,GOOG,,,166.2415313720703,,,,,,,,,,,,,,,,,,,
2024-10-22,,HUT,,,,,,,,,,,,,,,,,15.65999984741211,,,,,
2024-10-22,,KO,,,,,,,,,,67.93923950195312,,,,,,,,,,,,
2024-10-22,,META,,,,,,,,,,,,580.5772705078125,,,,,,,,,,
2024-10-22,,MRVL,,,,,,,,,,,,,,,,,,,83.2131576538086,,,
2024-10-22,,MSTR,,,,,,219.6999969482422,,,,,,,,,,,,,,,,
2024-10-22,143.55694580078125,NVDA,,,,,,,,,,,,,,,,,,,,,,
2024-10-22,,PAM,,67.66000366210938,,,,,,,,,,,,,,,,,,,,
2024-10-22,,PEP,,,,,,,,,,,,,,,169.52244567871094,,,,,,,
2024-10-22,,PFE,,,,,,,,,,,,,,,,,,,,27.414052963256836,,
2024-10-22,,PLTR,,,,,,,,,,,,,,42.939998626708984,,,,,,,,
2024-10-22,,QQQ,,,,,,,,,493.86956787109375,,,,,,,,,,,,,
2024-10-22,,SPOT,,,,,,,,387.6300048828125,,,,,,,,,,,,,,
2024-10-22,,SPY,,,,,,,577.9112548828125,,,,,,,,,,,,,,,
2024-10-22,,TSLA,,,,,217.97000122070312,,,,,,,,,,,,,,,,,
2024-10-22,,YPF,,,,,,,,,,,,,,,,,,,,,,24.81999969482422
2024-10-23,,AAPL,229.95169067382812,,,,,,,,,,,,,,,,,,,,,
2024-10-23,,AMZN,,,,184.7100067138672,,,,,,,,,,,,,,,,,,
2024-10-23,,AVGO,,,,,,,,,,,,,,,,,,,,,172.11917114257812,
2024-10-23,,BRK-B,,,,,,,,,,,,,460.6099853515625,,,,,,,,,
2024-10-23,,COIN,,,,,,,,,,,,,,,,,,198.92999267578125,,,,
2024-10-23,,DIA,,,,,,,,,,,420.355712890625,,,,,,,,,,,
2024-10-23,,GGAL,,,,,,,,,,,,,,,,49.533626556396484,,,,,,
2024-10-23,,GOOG,,,163.9096221923828,,,,,,,,,,,,,,,,,,,
2024-10-23,,HUT,,,,,,,,,,,,,,,,,15.109999656677246,,,,,
2024-10-23,,KO,,,,,,,,,,66.53057098388672,,,,,,,,,,,,
2024-10-23,,META,,,,,,,,,,,,562.3023681640625,,,,,,,,,,
2024-10-23,,MRVL,,,,,,,,,,,,,,,,,,,81.6956558227539,,,
2024-10-23,,MSTR,,,,,,213.9499969482422,,,,,,,,,,,,,,,,
2024-10-23,139.52786254882812,NVDA,,,,,,,,,,,,,,,,,,,,,,
2024-10-23,,PAM,,66.55999755859375,,,,,,,,,,,,,,,,,,,,
2024-10-23,,PEP,,,,,,,,,,,,,,,168.1419219970703,,,,,,,
2024-10-23,,PFE,,,,,,,,,,,,,,,,,,,,27.433061599731445,,
2024-10-23,,PLTR,,,,,,,,,,,,,,42.59000015258789,,,,,,,,
2024-10-23,,QQQ,,,,,,,,,486.3016052246094,,,,,,,,,,,,,
2024-10-23,,SPOT,,,,,,,,379.8399963378906,,,,,,,,,,,,,,
2024-10-23,,SPY,,,,,,,572.6306762695312,,,,,,,,,,,,,,,
2024-10-23,,TSLA,,,,,213.64999389648438,,,,,,,,,,,,,,,,,
2024-10-23,,YPF,,,,,,,,,,,,,,,,,,,,,,24.299999237060547
2024-10-24,,AAPL,229.76235961914062,,,,,,,,,,,,,,,,,,,,,
2024-10-24,,AMZN,,,,186.3800048828125,,,,,,,,,,,,,,,,,,
2024-10-24,,AVGO,,,,,,,,,,,,,,,,,,,,,169.97650146484375,
2024-10-24,,BRK-B,,,,,,,,,,,,,457.7699890136719,,,,,,,,,
2024-10-24,,COIN,,,,,,,,,,,,,,,,,,209.16000366210938,,,,
2024-10-24,,DIA,,,,,,,,,,,418.9912414550781,,,,,,,,,,,
2024-10-24,,GGAL,,,,,,,,,,,,,,,,52.678619384765625,,,,,,
2024-10-24,,GOOG,,,163.95945739746094,,,,,,,,,,,,,,,,,,,
2024-10-24,,HUT,,,,,,,,,,,,,,,,,15.305000305175781,,,,,
2024-10-24,,KO,,,,,,,,,,65.83601379394531,,,,,,,,,,,,
2024-10-24,,META,,,,,,,,,,,,566.3823852539062,,,,,,,,,,
2024-10-24,,MRVL,,,,,,,,,,,,,,,,,,,81.79549407958984,,,
2024-10-24,,MSTR,,,,,,235.88999938964844,,,,,,,,,,,,,,,,
2024-10-24,140.37767028808594,NVDA,,,,,,,,,,,,,,,,,,,,,,
2024-10-24,,PAM,,68.18000030517578,,,,,,,,,,,,,,,,,,,,
2024-10-24,,PEP,,,,,,,,,,,,,,,167.3739013671875,,,,,,,
2024-10-24,,PFE,,,,,,,,,,,,,,,,,,,,27.22393798828125,,
2024-10-24,,PLTR,,,,,,,,,,,,,,43.560001373291016,,,,,,,,
2024-10-24,,QQQ,,,,,,,,,490.24493408203125,,,,,,,,,,,,,
2024-10-24,,SPOT,,,,,,,,376.8699951171875,,,,,,,,,,,,,,
2024-10-24,,SPY,,,,,,,573.8690795898438,,,,,,,,,,,,,,,
2024-10-24,,TSLA,,,,,260.4800109863281,,,,,,,,,,,,,,,,,
2024-10-24,,YPF,,,,,,,,,,,,,,,,,,,,,,25.110000610351562
2024-10-25,,AAPL,230.59942626953125,,,,,,,,,,,,,,,,,,,,,
2024-10-25,,AMZN,,,,187.8300018310547,,,,,,,,,,,,,,,,,,
2024-10-25,,AVGO,,,,,,,,,,,,,,,,,,,,,171.61326599121094,
2024-10-25,,BRK-B,,,,,,,,,,,,,454.010009765625,,,,,,,,,
2024-10-25,,COIN,,,,,,,,,,,,,,,,,,205.0399932861328,,,,
2024-10-25,,DIA,,,,,,,,,,,416.3810729980469,,,,,,,,,,,
2024-10-25,,GGAL,,,,,,,,,,,,,,,,53.63405990600586,,,,,,
2024-10-25,,GOOG,,,166.41091918945312,,,,,,,,,,,,,,,,,,,
2024-10-25,,HUT,,,,,,,,,,,,,,,,,14.899999618530273,,,,,
2024-10-25,,KO,,,,,,,,,,65.46427154541016,,,,,,,,,,,,
2024-10-25,,META,,,,,,,,,,,,571.8388671875,,,,,,,,,,
2024-10-25,,MRVL,,,,,,,,,,,,,,,,,,,81.47602081298828,,,
2024-10-25,,MSTR,,,,,,234.33999633789062,,,,,,,,,,,,,,,,
2024-10-25,141.5074005126953,NVDA,,,,,,,,,,,,,,,,,,,,,,
2024-10-25,,PAM,,68.61000061035156,,,,,,,,,,,,,,,,,,,,
2024-10-25,,PEP,,,,,,,,,,,,,,,167.01416015625,,,,,,,
2024-10-25,,PFE,,,,,,,,,,,,,,,,,,,,27.0433349609375,,
2024-10-25,,PLTR,,,,,,,,,,,,,,44.86000061035156,,,,,,,,
2024-10-25,,QQQ,,,,,,,,,493.2322692871094,,,,,,,,,,,,,
2024-10-25,,SPOT,,,,,,,,379.1600036621094,,,,,,,,,,,,,,
2024-10-25,,SPY,,,,,,,573.6708984375,,,,,,,,,,,,,,,
2024-10-25,,TSLA,,,,,269.19000244140625,,,,,,,,,,,,,,,,,
2024-10-25,,YPF,,,,,,,,,,,,,,,,,,,,,,25.649999618530273
2024-10-28,,AAPL,232.5824432373047,,,,,,,,,,,,,,,,,,,,,
2024-10-28,,AMZN,,,,188.38999938964844,,,,,,,,,,,,,,,,,,
2024-10-28,,AVGO,,,,,,,,,,,,,,,,,,,,,170.64112854003906,
2024-10-28,,BRK-B,,,,,,,,,,,,,458.489990234375,,,,,,,,,
2024-10-28,,COIN,,,,,,,,,,,,,,,,,,216.10000610351562,,,,
2024-10-28,,DIA,,,,,,,,,,,419.27801513671875,,,,,,,,,,,
2024-10-28,,GGAL,,,,,,,,,,,,,,,,53.8530158996582,,,,,,
2024-10-28,,GOOG,,,167.75624084472656,,,,,,,,,,,,,,,,,,,
2024-10-28,,HUT,,,,,,,,,,,,,,,,,17.209999084472656,,,,,
2024-10-28,,KO,,,,,,,,,,65.21971130371094,,,,,,,,,,,,
2024-10-28,,META,,,,,,,,,,,,576.7366943359375,,,,,,,,,,
2024-10-28,,MRVL,,,,,,,,,,,,,,,,,,,83.30300903320312,,,
2024-10-28,,MSTR,,,,,,255.33999633789062,,,,,,,,,,,,,,,,
2024-10-28,140.48765563964844,NVDA,,,,,,,,,,,,,,,,,,,,,,
2024-10-28,,PAM,,67.0,,,,,,,,,,,,,,,,,,,,
2024-10-28,,PEP,,,,,,,,,,,,,,,165.11837768554688,,,,,,,
2024-10-28,,PFE,,,,,,,,,,,,,,,,,,,,27.433061599731445,,
2024-10-28,,PLTR,,,,,,,,,,,,,,44.970001220703125,,,,,,,,
2024-10-28,,QQQ,,,,,,,,,493.31195068359375,,,,,,,,,,,,,
2024-10-28,,SPOT,,,,,,,,384.3599853515625,,,,,,,,,,,,,,
2024-10-28,,SPY,,,,,,,575.4443359375,,,,,,,,,,,,,,,
2024-10-28,,TSLA,,,,,262.510009765625,,,,,,,,,,,,,,,,,
2024-10-28,,YPF,,,,,,,,,,,,,,,,,,,,,,25.510000228881836
2024-10-29,,AAPL,232.85150146484375,,,,,,,,,,,,,,,,,,,,,
2024-10-29,,AMZN,,,,190.8300018310547,,,,,,,,,,,,,,,,,,
2024-10-29,,AVGO,,,,,,,,,,,,,,,,,,,,,177.80323791503906,
2024-10-29,,BRK-B,,,,,,,,,,,,,454.6199951171875,,,,,,,,,
2024-10-29,,COIN,,,,,,,,,,,,,,,,,,219.66000366210938,,,,
2024-10-29,,DIA,,,,,,,,,,,417.7256774902344,,,,,,,,,,,
2024-10-29,,GGAL,,,,,,,,,,,,,,,,53.2757682800293,,,,,,
2024-10-29,,GOOG,,,170.54653930664062,,,,,,,,,,,,,,,,,,,
2024-10-29,,HUT,,,,,,,,,,,,,,,,,17.18000030517578,,,,,
2024-10-29,,KO,,,,,,,,,,64.13385009765625,,,,,,,,,,,,
2024-10-29,,META,,,,,,,,,,,,591.819580078125,,,,,,,,,,
2024-10-29,,MRVL,,,,,,,,,,,,,,,,,,,84.73066711425781,,,
2024-10-29,,MSTR,,,,,,258.239990234375,,,,,,,,,,,,,,,,
2024-10-29,141.21746826171875,NVDA,,,,,,,,,,,,,,,,,,,,,,
2024-10-29,,PAM,,66.4000015258789,,,,,,,,,,,,,,,,,,,,
2024-10-29,,PEP,,,,,,,,,,,,,,,162.8434295654297,,,,,,,
2024-10-29,,PFE,,,,,,,,,,,,,,,,,,,,27.052839279174805,,
2024-10-29,,PLTR,,,,,,,,,,,,,,44.93000030517578,,,,,,,,
2024-10-29,,QQQ,,,,,,,,,498.0518798828125,,,,,,,,,,,,,
2024-10-29,,SPOT,,,,,,,,391.2300109863281,,,,,,,,,,,,,,
2024-10-29,,SPY,,,,,,,576.3756103515625,,,,,,,,,,,,,,,
2024-10-29,,TSLA,,,,,259.5199890136719,,,,,,,,,,,,,,,,,
2024-10-29,,YPF,,,,,,,,,,,,,,,,,,,,,,24.84000015258789
2024-10-30,,AAPL,229.29400634765625,,,,,,,,,,,,,,,,,,,,,
2024-10-30,,AMZN,,,,192.72999572753906,,,,,,,,,,,,,,,,,,
2024-10-30,,AVGO,,,,,,,,,,,,,,,,,,,,,175.2240753173828,
2024-10-30,,BRK-B,,,,,,,,,,,,,454.9599914550781,,,,,,,,,
2024-10-30,,COIN,,,,,,,,,,,,,,,,,,211.74000549316406,,,,
2024-10-30,,DIA,,,,,,,,,,,416.9841613769531,,,,,,,,,,,
2024-10-30,,GGAL,,,,,,,,,,,,,,,,52.01179885864258,,,,,,
2024-10-30,,GOOG,,,175.52919006347656,,,,,,,,,,,,,,,,,,,
2024-10-30,,HUT,,,,,,,,,,,,,,,,,18.155000686645508,,,,,
2024-10-30,,KO,,,,,,,,,,64.48602294921875,,,,,,,,,,,,
2024-10-30,,META,,,,,,,,,,,,590.3431396484375,,,,,,,,,,
2024-10-30,,MRVL,,,,,,,,,,,,,,,,,,,82.6640625,,,
2024-10-30,,MSTR,,,,,,247.30999755859375,,,,,,,,,,,,,,,,
2024-10-30,139.3079071044922,NVDA,,,,,,,,,,,,,,,,,,,,,,
2024-10-30,,PAM,,66.73999786376953,,,,,,,,,,,,,,,,,,,,
2024-10-30,,PEP,,,,,,,,,,,,,,,161.5893096923828,,,,,,,
2024-10-30,,PFE,,,,,,,,,,,,,,,,,,,,27.109872817993164,,
2024-10-30,,PLTR,,,,,,,,,,,,,,43.689998626708984,,,,,,,,
2024-10-30,,QQQ,,,,,,,,,494.2878112792969,,,,,,,,,,,,,
2024-10-30,,SPOT,,,,,,,,394.0199890136719,,,,,,,,,,,,,,
2024-10-30,,SPY,,,,,,,574.6319580078125,,,,,,,,,,,,,,,
2024-10-30,,TSLA,,,,,257.54998779296875,,,,,,,,,,,,,,,,,
2024-10-30,,YPF,,,,,,,,,,,,,,,,,,,,,,24.549999237060547
2024-10-31,,AAPL,225.11868286132812,,,,,,,,,,,,,,,,,,,,,
2024-10-31,,AMZN,,,,186.39999389648438,,,,,,,,,,,,,,,,,,
2024-10-31,,AVGO,,,,,,,,,,,,,,,,,,,,,168.40916442871094,
2024-10-31,,BRK-B,,,,,,,,,,,,,450.9200134277344,,,,,,,,,
2024-10-31,,COIN,,,,,,,,,,,,,,,,,,179.25,,,,
2024-10-31,,DIA,,,,,,,,,,,412.9503173828125,,,,,,,,,,,
2024-10-31,,GGAL,,,,,,,,,,,,,,,,52.46961975097656,,,,,,
2024-10-31,,GOOG,,,172.09117126464844,,,,,,,,,,,,,,,,,,,
2024-10-31,,HUT,,,,,,,,,,,,,,,,,15.789999961853027,,,,,
2024-10-31,,KO,,,,,,,,,,63.88929748535156,,,,,,,,,,,,
2024-10-31,,META,,,,,,,,,,,,566.1827392578125,,,,,,,,,,
2024-10-31,,MRVL,,,,,,,,,,,,,,,,,,,79.97847747802734,,,
2024-10-31,,MSTR,,,,,,244.5,,,,,,,,,,,,,,,,
2024-10-31,132.72943115234375,NVDA,,,,,,,,,,,,,,,,,,,,,,
2024-10-31,,PAM,,66.93000030517578,,,,,,,,,,,,,,,,,,,,
2024-10-31,,PEP,,,,,,,,,,,,,,,161.46290588378906,,,,,,,
2024-10-31,,PFE,,,,,,,,,,,,,,,,,,,,26.90074920654297,,
2024-10-31,,PLTR,,,,,,,,,,,,,,41.560001373291016,,,,,,,,
2024-10-31,,QQQ,,,,,,,,,481.81060791015625,,,,,,,,,,,,,
2024-10-31,,SPOT,,,,,,,,385.1000061035156,,,,,,,,,,,,,,
2024-10-31,,SPY,,,,,,,563.367431640625,,,,,,,,,,,,,,,
2024-10-31,,TSLA,,,,,249.85000610351562,,,,,,,,,,,,,,,,,
2024-10-31,,YPF,,,,,,,,,,,,,,,,,,,,,,24.510000228881836
2024-11-01,,AAPL,222.12918090820312,,,,,,,,,,,,,,,,,,,,,
2024-11-01,,AMZN,,,,197.92999267578125,,,,,,,,,,,,,,,,,,
2024-11-01,,AVGO,,,,,,,,,,,,,,,,,,,,,167.5659637451172,
2024-11-01,,BRK-B,,,,,,,,,,,,,452.1400146484375,,,,,,,,,
2024-11-01,,COIN,,,,,,,,,,,,,,,,,,182.8800048828125,,,,
2024-11-01,,DIA,,,,,,,,,,,415.66925048828125,,,,,,,,,,,
2024-11-01,,GGAL,,,,,,,,,,,,,,,,51.68336868286133,,,,,,
2024-11-01,,GOOG,,,172.05130004882812,,,,,,,,,,,,,,,,,,,
2024-11-01,,HUT,,,,,,,,,,,,,,,,,16.020000457763672,,,,,
2024-11-01,,KO,,,,,,,,,,63.595829010009766,,,,,,,,,,,,
2024-11-01,,META,,,,,,,,,,,,565.7638549804688,,,,,,,,,,
2024-11-01,,MRVL,,,,,,,,,,,,,,,,,,,84.63082122802734,,,
2024-11-01,,MSTR,,,,,,229.7100067138672,,,,,,,,,,,,,,,,
2024-11-01,135.3688201904297,NVDA,,,,,,,,,,,,,,,,,,,,,,
2024-11-01,,PAM,,66.0199966430664,,,,,,,,,,,,,,,,,,,,
2024-11-01,,PEP,,,,,,,,,,,,,,,160.9865264892578,,,,,,,
2024-11-01,,PFE,,,,,,,,,,,,,,,,,,,,26.701135635375977,,
2024-11-01,,PLTR,,,,,,,,,,,,,,41.91999816894531,,,,,,,,
2024-11-01,,QQQ,,,,,,,,,485.3755187988281,,,,,,,,,,,,,
2024-11-01,,SPOT,,,,,,,,384.5,,,,,,,,,,,,,,
2024-11-01,,SPY,,,,,,,565.7450561523438,,,,,,,,,,,,,,,
2024-11-01,,TSLA,,,,,248.97999572753906,,,,,,,,,,,,,,,,,
2024-11-01,,YPF,,,,,,,,,,,,,,,,,,,,,,25.3700008392334
2024-11-04,,AAPL,221.23233032226562,,,,,,,,,,,,,,,,,,,,,
2024-11-04,,AMZN,,,,195.77999877929688,,,,,,,,,,,,,,,,,,
2024-11-04,,AVGO,,,,,,,,,,,,,,,,,,,,,167.19894409179688,
2024-11-04,,BRK-B,,,,,,,,,,,,,442.2900085449219,,,,,,,,,
2024-11-04,,COIN,,,,,,,,,,,,,,,,,,186.27000427246094,,,,
2024-11-04,,DIA,,,,,,,,,,,413.3259582519531,,,,,,,,,,,
2024-11-04,,GGAL,,,,,,,,,,,,,,,,51.50422286987305,,,,,,
2024-11-04,,GOOG,,,170.08811950683594,,,,,,,,,,,,,,,,,,,
2024-11-04,,HUT,,,,,,,,,,,,,,,,,15.5600004196167,,,,,
2024-11-04,,KO,,,,,,,,,,63.69364547729492,,,,,,,,,,,,
2024-11-04,,META,,,,,,,,,,,,559.2997436523438,,,,,,,,,,
2024-11-04,,MRVL,,,,,,,,,,,,,,,,,,,84.24146270751953,,,
2024-11-04,,MSTR,,,,,,222.99000549316406,,,,,,,,,,,,,,,,
2024-11-04,136.0186767578125,NVDA,,,,,,,,,,,,,,,,,,,,,,
2024-11-04,,PAM,,65.72000122070312,,,,,,,,,,,,,,,,,,,,
2024-11-04,,PEP,,,,,,,,,,,,,,,161.7156982421875,,,,,,,
2024-11-04,,PFE,,,,,,,,,,,,,,,,,,,,26.387449264526367,,
2024-11-04,,PLTR,,,,,,,,,,,,,,41.40999984741211,,,,,,,,
2024-11-04,,QQQ,,,,,,,,,483.9615173339844,,,,,,,,,,,,,
2024-11-04,,SPOT,,,,,,,,377.7300109863281,,,,,,,,,,,,,,
2024-11-04,,SPY,,,,,,,564.5264282226562,,,,,,,,,,,,,,,
2024-11-04,,TSLA,,,,,242.83999633789062,,,,,,,,,,,,,,,,,
2024-11-04,,YPF,,,,,,,,,,,,,,,,,,,,,,26.59000015258789
2024-11-05,,AAPL,222.66729736328125,,,,,,,,,,,,,,,,,,,,,
2024-11-05,,AMZN,,,,199.5,,,,,,,,,,,,,,,,,,
2024-11-05,,AVGO,,,,,,,,,,,,,,,,,,,,,172.50604248046875,
2024-11-05,,BRK-B,,,,,,,,,,,,,445.05999755859375,,,,,,,,,
2024-11-05,,COIN,,,,,,,,,,,,,,,,,,193.9600067138672,,,,
2024-11-05,,DIA,,,,,,,,,,,417.5279541015625,,,,,,,,,,,
2024-11-05,,GGAL,,,,,,,,,,,,,,,,51.54403305053711,,,,,,
2024-11-05,,GOOG,,,170.81561279296875,,,,,,,,,,,,,,,,,,,
2024-11-05,,HUT,,,,,,,,,,,,,,,,,16.739999771118164,,,,,
2024-11-05,,KO,,,,,,,,,,63.948001861572266,,,,,,,,,,,,
2024-11-05,,META,,,,,,,,,,,,571.0208740234375,,,,,,,,,,
2024-11-05,,MRVL,,,,,,,,,,,,,,,,,,,87.0468521118164,,,
2024-11-05,,MSTR,,,,,,227.8000030517578,,,,,,,,,,,,,,,,
2024-11-05,139.87777709960938,NVDA,,,,,,,,,,,,,,,,,,,,,,
2024-11-05,,PAM,,67.69000244140625,,,,,,,,,,,,,,,,,,,,
2024-11-05,,PEP,,,,,,,,,,,,,,,163.18370056152344,,,,,,,
2024-11-05,,PFE,,,,,,,,,,,,,,,,,,,,26.6060791015625,,
2024-11-05,,PLTR,,,,,,,,,,,,,,51.130001068115234,,,,,,,,
2024-11-05,,QQQ,,,,,,,,,490.1353759765625,,,,,,,,,,,,,
2024-11-05,,SPOT,,,,,,,,382.6300048828125,,,,,,,,,,,,,,
2024-11-05,,SPY,,,,,,,571.3526611328125,,,,,,,,,,,,,,,
2024-11-05,,TSLA,,,,,251.44000244140625,,,,,,,,,,,,,,,,,
2024-11-05,,YPF,,,,,,,,,,,,,,,,,,,,,,27.489999771118164
2024-11-06,,AAPL,221.93984985351562,,,,,,,,,,,,,,,,,,,,,
2024-11-06,,AMZN,,,,207.08999633789062,,,,,,,,,,,,,,,,,,
2024-11-06,,AVGO,,,,,,,,,,,,,,,,,,,,,178.1107635498047,
2024-11-06,,BRK-B,,,,,,,,,,,,,468.8999938964844,,,,,,,,,
2024-11-06,,COIN,,,,,,,,,,,,,,,,,,254.30999755859375,,,,
2024-11-06,,DIA,,,,,,,,,,,432.2892761230469,,,,,,,,,,,
2024-11-06,,GGAL,,,,,,,,,,,,,,,,54.679073333740234,,,,,,
2024-11-06,,GOOG,,,177.7115936279297,,,,,,,,,,,,,,,,,,,
2024-11-06,,HUT,,,,,,,,,,,,,,,,,18.59000015258789,,,,,
2024-11-06,,KO,,,,,,,,,,62.31432342529297,,,,,,,,,,,,
2024-11-06,,META,,,,,,,,,,,,570.6417846679688,,,,,,,,,,
2024-11-06,,MRVL,,,,,,,,,,,,,,,,,,,90.48120880126953,,,
2024-11-06,,MSTR,,,,,,257.80999755859375,,,,,,,,,,,,,,,,
2024-11-06,145.5764617919922,NVDA,,,,,,,,,,,,,,,,,,,,,,
2024-11-06,,PAM,,69.2300033569336,,,,,,,,,,,,,,,,,,,,
2024-11-06,,PEP,,,,,,,,,,,,,,,160.13101196289062,,,,,,,
2024-11-06,,PFE,,,,,,,,,,,,,,,,,,,,26.00722885131836,,
2024-11-06,,PLTR,,,,,,,,,,,,,,55.529998779296875,,,,,,,,
2024-11-06,,QQQ,,,,,,,,,503.44903564453125,,,,,,,,,,,,,
2024-11-06,,SPOT,,,,,,,,391.1600036621094,,,,,,,,,,,,,,
2024-11-06,,SPY,,,,,,,585.5596923828125,,,,,,,,,,,,,,,
2024-11-06,,TSLA,,,,,288.5299987792969,,,,,,,,,,,,,,,,,
2024-11-06,,YPF,,,,,,,,,,,,,,,,,,,,,,28.25
2024-11-07,,AAPL,226.6831817626953,,,,,,,,,,,,,,,,,,,,,
2024-11-07,,AMZN,,,,210.0500030517578,,,,,,,,,,,,,,,,,,
2024-11-07,,AVGO,,,,,,,,,,,,,,,,,,,,,182.33660888671875,
2024-11-07,,BRK-B,,,,,,,,,,,,,460.1300048828125,,,,,,,,,
2024-11-07,,COIN,,,,,,,,,,,,,,,,,,255.5800018310547,,,,
2024-11-07,,DIA,,,,,,,,,,,432.44744873046875,,,,,,,,,,,
2024-11-07,,GGAL,,,,,,,,,,,,,,,,54.49992752075195,,,,,,
2024-11-07,,GOOG,,,181.6479034423828,,,,,,,,,,,,,,,,,,,
2024-11-07,,HUT,,,,,,,,,,,,,,,,,18.969999313354492,,,,,
2024-11-07,,KO,,,,,,,,,,62.27519226074219,,,,,,,,,,,,
2024-11-07,,META,,,,,,,,,,,,590.2434692382812,,,,,,,,,,
2024-11-07,,MRVL,,,,,,,,,,,,,,,,,,,93.78577423095703,,,
2024-11-07,,MSTR,,,,,,270.80999755859375,,,,,,,,,,,,,,,,
2024-11-07,148.84573364257812,NVDA,,,,,,,,,,,,,,,,,,,,,,
2024-11-07,,PAM,,69.41999816894531,,,,,,,,,,,,,,,,,,,,
2024-11-07,,PEP,,,,,,,,,,,,,,,159.4407501220703,,,,,,,
2024-11-07,,PFE,,,,,,,,,,,,,,,,,,,,26.10228157043457,,
2024-11-07,,PLTR,,,,,,,,,,,,,,55.880001068115234,,,,,,,,
2024-11-07,,QQQ,,,,,,,,,511.3753967285156,,,,,,,,,,,,,
2024-11-07,,SPOT,,,,,,,,399.8399963378906,,,,,,,,,,,,,,
2024-11-07,,SPY,,,,,,,590.0872802734375,,,,,,,,,,,,,,,
2024-11-07,,TSLA,,,,,296.9100036621094,,,,,,,,,,,,,,,,,
2024-11-07,,YPF,,,,,,,,,,,,,,,,,,,,,,29.31999969482422
2024-11-08,,AAPL,226.41383361816406,,,,,,,,,,,,,,,,,,,,,
2024-11-08,,AMZN,,,,208.17999267578125,,,,,,,,,,,,,,,,,,
2024-11-08,,AVGO,,,,,,,,,,,,,,,,,,,,,182.16796875,
2024-11-08,,BRK-B,,,,,,,,,,,,,463.4100036621094,,,,,,,,,
2024-11-08,,COIN,,,,,,,,,,,,,,,,,,270.739990234375,,,,
2024-11-08,,DIA,,,,,,,,,,,435.1366882324219,,,,,,,,,,,
2024-11-08,,GGAL,,,,,,,,,,,,,,,,53.56439208984375,,,,,,
2024-11-08,,GOOG,,,179.23629760742188,,,,,,,,,,,,,,,,,,,
2024-11-08,,HUT,,,,,,,,,,,,,,,,,19.584999084472656,,,,,
2024-11-08,,KO,,,,,,,,,,62.529537200927734,,,,,,,,,,,,
2024-11-08,,META,,,,,,,,,,,,587.8892822265625,,,,,,,,,,
2024-11-08,,MRVL,,,,,,,,,,,,,,,,,,,93.64600372314453,,,
2024-11-08,,MSTR,,,,,,270.4200134277344,,,,,,,,,,,,,,,,
2024-11-08,147.5959930419922,NVDA,,,,,,,,,,,,,,,,,,,,,,
2024-11-08,,PAM,,70.16000366210938,,,,,,,,,,,,,,,,,,,,
2024-11-08,,PEP,,,,,,,,,,,,,,,160.51988220214844,,,,,,,
2024-11-08,,PFE,,,,,,,,,,,,,,,,,,,,25.793380737304688,,
2024-11-08,,PLTR,,,,,,,,,,,,,,58.38999938964844,,,,,,,,
2024-11-08,,QQQ,,,,,,,,,511.97296142578125,,,,,,,,,,,,,
2024-11-08,,SPOT,,,,,,,,400.67999267578125,,,,,,,,,,,,,,
2024-11-08,,SPY,,,,,,,592.6434326171875,,,,,,,,,,,,,,,
2024-11-08,,TSLA,,,,,321.2200012207031,,,,,,,,,,,,,,,,,
2024-11-08,,YPF,,,,,,,,,,,,,,,,,,,,,,29.239999771118164
2024-11-11,,AAPL,223.69039916992188,,,,,,,,,,,,,,,,,,,,,
2024-11-11,,AMZN,,,,206.83999633789062,,,,,,,,,,,,,,,,,,
2024-11-11,,AVGO,,,,,,,,,,,,,,,,,,,,,177.4759063720703,
2024-11-11,,BRK-B,,,,,,,,,,,,,467.3599853515625,,,,,,,,,
2024-11-11,,COIN,,,,,,,,,,,,,,,,,,324.239990234375,,,,
2024-11-11,,DIA,,,,,,,,,,,438.0039978027344,,,,,,,,,,,
2024-11-11,,GGAL,,,,,,,,,,,,,,,,53.554443359375,,,,,,
2024-11-11,,GOOG,,,181.33897399902344,,,,,,,,,,,,,,,,,,,
2024-11-11,,HUT,,,,,,,,,,,,,,,,,24.59000015258789,,,,,
2024-11-11,,KO,,,,,,,,,,61.981719970703125,,,,,,,,,,,,
2024-11-11,,META,,,,,,,,,,,,581.7344360351562,,,,,,,,,,
2024-11-11,,MRVL,,,,,,,,,,,,,,,,,,,92.09854888916016,,,
2024-11-11,,MSTR,,,,,,340.0,,,,,,,,,,,,,,,,
2024-11-11,145.22653198242188,NVDA,,,,,,,,,,,,,,,,,,,,,,
2024-11-11,,PAM,,71.06999969482422,,,,,,,,,,,,,,,,,,,,
2024-11-11,,PEP,,,,,,,,,,,,,,,159.69349670410156,,,,,,,
2024-11-11,,PFE,,,,,,,,,,,,,,,,,,,,25.330026626586914,,
2024-11-11,,PLTR,,,,,,,,,,,,,,60.2400016784668,,,,,,,,
2024-11-11,,QQQ,,,,,,,,,511.6742248535156,,,,,,,,,,,,,
2024-11-11,,SPOT,,,,,,,,410.19000244140625,,,,,,,,,,,,,,
2024-11-11,,SPY,,,,,,,593.2080688476562,,,,,,,,,,,,,,,
2024-11-11,,TSLA,,,,,350.0,,,,,,,,,,,,,,,,,
2024-11-11,,YPF,,,,,,,,,,,,,,,,,,,,,,29.84000015258789
2024-11-12,,AAPL,223.69039916992188,,,,,,,,,,,,,,,,,,,,,
2024-11-12,,AMZN,,,,208.91000366210938,,,,,,,,,,,,,,,,,,
2024-11-12,,AVGO,,,,,,,,,,,,,,,,,,,,,174.8074493408203,
2024-11-12,,BRK-B,,,,,,,,,,,,,466.2900085449219,,,,,,,,,
2024-11-12,,COIN,,,,,,,,,,,,,,,,,,319.1300048828125,,,,
2024-11-12,,DIA,,,,,,,,,,,434.42486572265625,,,,,,,,,,,
2024-11-12,,GGAL,,,,,,,,,,,,,,,,54.48997497558594,,,,,,
2024-11-12,,GOOG,,,182.68429565429688,,,,,,,,,,,,,,,,,,,
2024-11-12,,HUT,,,,,,,,,,,,,,,,,23.860000610351562,,,,,
2024-11-12,,KO,,,,,,,,,,61.825199127197266,,,,,,,,,,,,
2024-11-12,,META,,,,,,,,,,,,583.38037109375,,,,,,,,,,
2024-11-12,,MRVL,,,,,,,,,,,,,,,,,,,92.62767791748047,,,
2024-11-12,,MSTR,,,,,,356.5899963378906,,,,,,,,,,,,,,,,
2024-11-12,148.25582885742188,NVDA,,,,,,,,,,,,,,,,,,,,,,
2024-11-12,,PAM,,71.69000244140625,,,,,,,,,,,,,,,,,,,,
2024-11-12,,PEP,,,,,,,,,,,,,,,159.7712860107422,,,,,,,
2024-11-12,,PFE,,,,,,,,,,,,,,,,,,,,25.281761169433594,,
2024-11-12,,PLTR,,,,,,,,,,,,,,59.849998474121094,,,,,,,,
2024-11-12,,QQQ,,,,,,,,,510.74810791015625,,,,,,,,,,,,,
2024-11-12,,SPOT,,,,,,,,419.3900146484375,,,,,,,,,,,,,,
2024-11-12,,SPY,,,,,,,591.3654174804688,,,,,,,,,,,,,,,
2024-11-12,,TSLA,,,,,328.489990234375,,,,,,,,,,,,,,,,,
2024-11-12,,YPF,,,,,,,,,,,,,,,,,,,,,,29.790000915527344
2024-11-13,,AAPL,224.5782470703125,,,,,,,,,,,,,,,,,,,,,
2024-11-13,,AMZN,,,,214.10000610351562,,,,,,,,,,,,,,,,,,
2024-11-13,,AVGO,,,,,,,,,,,,,,,,,,,,,172.18861389160156,
2024-11-13,,BRK-B,,,,,,,,,,,,,468.1000061035156,,,,,,,,,
2024-11-13,,COIN,,,,,,,,,,,,,,,,,,284.7200012207031,,,,
2024-11-13,,DIA,,,,,,,,,,,434.840087890625,,,,,,,,,,,
2024-11-13,,GGAL,,,,,,,,,,,,,,,,54.768646240234375,,,,,,
2024-11-13,,GOOG,,,179.86412048339844,,,,,,,,,,,,,,,,,,,
2024-11-13,,HUT,,,,,,,,,,,,,,,,,24.780000686645508,,,,,
2024-11-13,,KO,,,,,,,,,,61.629547119140625,,,,,,,,,,,,
2024-11-13,,META,,,,,,,,,,,,578.572265625,,,,,,,,,,
2024-11-13,,MRVL,,,,,,,,,,,,,,,,,,,89.92212677001953,,,
2024-11-13,,MSTR,,,,,,328.3800048828125,,,,,,,,,,,,,,,,
2024-11-13,146.23631286621094,NVDA,,,,,,,,,,,,,,,,,,,,,,
2024-11-13,,PAM,,73.97000122070312,,,,,,,,,,,,,,,,,,,,
2024-11-13,,PEP,,,,,,,,,,,,,,,160.16017150878906,,,,,,,
2024-11-13,,PFE,,,,,,,,,,,,,,,,,,,,25.793380737304688,,
2024-11-13,,PLTR,,,,,,,,,,,,,,60.70000076293945,,,,,,,,
2024-11-13,,QQQ,,,,,,,,,510.0909118652344,,,,,,,,,,,,,
2024-11-13,,SPOT,,,,,,,,467.3699951171875,,,,,,,,,,,,,,
2024-11-13,,SPY,,,,,,,591.6527099609375,,,,,,,,,,,,,,,
2024-11-13,,TSLA,,,,,330.239990234375,,,,,,,,,,,,,,,,,
2024-11-13,,YPF,,,,,,,,,,,,,,,,,,,,,,30.90999984741211
2024-11-14,,AAPL,227.67079162597656,,,,,,,,,,,,,,,,,,,,,
2024-11-14,,AMZN,,,,211.47999572753906,,,,,,,,,,,,,,,,,,
2024-11-14,,AVGO,,,,,,,,,,,,,,,,,,,,,169.01426696777344,
2024-11-14,,BRK-B,,,,,,,,,,,,,467.70001220703125,,,,,,,,,
2024-11-14,,COIN,,,,,,,,,,,,,,,,,,278.8399963378906,,,,
2024-11-14,,DIA,,,,,,,,,,,432.7539978027344,,,,,,,,,,,
2024-11-14,,GGAL,,,,,,,,,,,,,,,,54.450164794921875,,,,,,
2024-11-14,,GOOG,,,176.73500061035156,,,,,,,,,,,,,,,,,,,
2024-11-14,,HUT,,,,,,,,,,,,,,,,,23.139999389648438,,,,,
2024-11-14,,KO,,,,,,,,,,61.18933868408203,,,,,,,,,,,,
2024-11-14,,META,,,,,,,,,,,,575.7391967773438,,,,,,,,,,
2024-11-14,,MRVL,,,,,,,,,,,,,,,,,,,90.55108642578125,,,
2024-11-14,,MSTR,,,,,,327.6700134277344,,,,,,,,,,,,,,,,
2024-11-14,146.72618103027344,NVDA,,,,,,,,,,,,,,,,,,,,,,
2024-11-14,,PAM,,75.83999633789062,,,,,,,,,,,,,,,,,,,,
2024-11-14,,PEP,,,,,,,,,,,,,,,160.5587615966797,,,,,,,
2024-11-14,,PFE,,,,,,,,,,,,,,,,,,,,25.117656707763672,,
2024-11-14,,PLTR,,,,,,,,,,,,,,59.18000030517578,,,,,,,,
2024-11-14,,QQQ,,,,,,,,,506.5459289550781,,,,,,,,,,,,,
2024-11-14,,SPOT,,,,,,,,477.5,,,,,,,,,,,,,,
2024-11-14,,SPY,,,,,,,587.8482055664062,,,,,,,,,,,,,,,
2024-11-14,,TSLA,,,,,311.17999267578125,,,,,,,,,,,,,,,,,
2024-11-14,,YPF,,,,,,,,,,,,,,,,,,,,,,32.2599983215332
2024-11-15,,AAPL,224.4585418701172,,,,,,,,,,,,,,,,,,,,,
2024-11-15,,AMZN,,,,202.61000061035156,,,,,,,,,,,,,,,,,,
2024-11-15,,AVGO,,,,,,,,,,,,,,,,,,,,,163.51866149902344,
2024-11-15,,BRK-B,,,,,,,,,,,,,470.2799987792969,,,,,,,,,
2024-11-15,,COIN,,,,,,,,,,,,,,,,,,305.8500061035156,,,,
2024-11-15,,DIA,,,,,,,,,,,429.8612365722656,,,,,,,,,,,
2024-11-15,,GGAL,,,,,,,,,,,,,,,,56.02266311645508,,,,,,
2024-11-15,,GOOG,,,173.2869873046875,,,,,,,,,,,,,,,,,,,
2024-11-15,,HUT,,,,,,,,,,,,,,,,,25.260000228881836,,,,,
2024-11-15,,KO,,,,,,,,,,60.39695739746094,,,,,,,,,,,,
2024-11-15,,META,,,,,,,,,,,,552.7160034179688,,,,,,,,,,
2024-11-15,,MRVL,,,,,,,,,,,,,,,,,,,87.68580627441406,,,
2024-11-15,,MSTR,,,,,,340.6499938964844,,,,,,,,,,,,,,,,
2024-11-15,141.94729614257812,NVDA,,,,,,,,,,,,,,,,,,,,,,
2024-11-15,,PAM,,76.37999725341797,,,,,,,,,,,,,,,,,,,,
2024-11-15,,PEP,,,,,,,,,,,,,,,154.21031188964844,,,,,,,
2024-11-15,,PFE,,,,,,,,,,,,,,,,,,,,23.93996238708496,,
2024-11-15,,PLTR,,,,,,,,,,,,,,65.7699966430664,,,,,,,,
2024-11-15,,QQQ,,,,,,,,,494.4770202636719,,,,,,,,,,,,,
2024-11-15,,SPOT,,,,,,,,458.32000732421875,,,,,,,,,,,,,,
2024-11-15,,SPY,,,,,,,580.3186645507812,,,,,,,,,,,,,,,
2024-11-15,,TSLA,,,,,320.7200012207031,,,,,,,,,,,,,,,,,
2024-11-15,,YPF,,,,,,,,,,,,,,,,,,,,,,32.38999938964844
2024-11-18,,AAPL,227.4712677001953,,,,,,,,,,,,,,,,,,,,,
2024-11-18,,AMZN,,,,201.6999969482422,,,,,,,,,,,,,,,,,,
2024-11-18,,AVGO,,,,,,,,,,,,,,,,,,,,,164.34202575683594,
2024-11-18,,BRK-B,,,,,,,,,,,,,472.20001220703125,,,,,,,,,
2024-11-18,,COIN,,,,,,,,,,,,,,,,,,325.4100036621094,,,,
2024-11-18,,DIA,,,,,,,,,,,429.544677734375,,,,,,,,,,,
2024-11-18,,GGAL,,,,,,,,,,,,,,,,58.879032135009766,,,,,,
2024-11-18,,GOOG,,,176.18690490722656,,,,,,,,,,,,,,,,,,,
2024-11-18,,HUT,,,,,,,,,,,,,,,,,25.040000915527344,,,,,
2024-11-18,,KO,,,,,,,,,,60.51435089111328,,,,,,,,,,,,
2024-11-18,,META,,,,,,,,,,,,553.0352172851562,,,,,,,,,,
2024-11-18,,MRVL,,,,,,,,,,,,,,,,,,,88.5643539428711,,,
2024-11-18,,MSTR,,,,,,384.7900085449219,,,,,,,,,,,,,,,,
2024-11-18,140.11770629882812,NVDA,,,,,,,,,,,,,,,,,,,,,,
2024-11-18,,PAM,,80.0199966430664,,,,,,,,,,,,,,,,,,,,
2024-11-18,,PEP,,,,,,,,,,,,,,,153.92835998535156,,,,,,,
2024-11-18,,PFE,,,,,,,,,,,,,,,,,,,,23.997882843017578,,
2024-11-18,,PLTR,,,,,,,,,,,,,,61.2599983215332,,,,,,,,
2024-11-18,,QQQ,,,,,,,,,497.9124450683594,,,,,,,,,,,,,
2024-11-18,,SPOT,,,,,,,,454.3599853515625,,,,,,,,,,,,,,
2024-11-18,,SPY,,,,,,,582.6964721679688,,,,,,,,,,,,,,,
2024-11-18,,TSLA,,,,,338.739990234375,,,,,,,,,,,,,,,,,
2024-11-18,,YPF,,,,,,,,,,,,,,,,,,,,,,34.939998626708984
2024-11-19,,AAPL,227.73065185546875,,,,,,,,,,,,,,,,,,,,,
2024-11-19,,AMZN,,,,204.61000061035156,,,,,,,,,,,,,,,,,,
2024-11-19,,AVGO,,,,,,,,,,,,,,,,,,,,,164.0245819091797,
2024-11-19,,BRK-B,,,,,,,,,,,,,468.8599853515625,,,,,,,,,
2024-11-19,,COIN,,,,,,,,,,,,,,,,,,324.57000732421875,,,,
2024-11-19,,DIA,,,,,,,,,,,428.2090759277344,,,,,,,,,,,
2024-11-19,,GGAL,,,,,,,,,,,,,,,,56.75914764404297,,,,,,
2024-11-19,,GOOG,,,178.957275390625,,,,,,,,,,,,,,,,,,,
2024-11-19,,HUT,,,,,,,,,,,,,,,,,25.31999969482422,,,,,
2024-11-19,,KO,,,,,,,,,,61.22846603393555,,,,,,,,,,,,
2024-11-19,,META,,,,,,,,,,,,559.7088012695312,,,,,,,,,,
2024-11-19,,MRVL,,,,,,,,,,,,,,,,,,,89.19332122802734,,,
2024-11-19,,MSTR,,,,,,430.5400085449219,,,,,,,,,,,,,,,,
2024-11-19,146.97613525390625,NVDA,,,,,,,,,,,,,,,,,,,,,,
2024-11-19,,PAM,,79.41000366210938,,,,,,,,,,,,,,,,,,,,
2024-11-19,,PEP,,,,,,,,,,,,,,,152.36312866210938,,,,,,,
2024-11-19,,PFE,,,,,,,,,,,,,,,,,,,,24.22956085205078,,
2024-11-19,,PLTR,,,,,,,,,,,,,,62.97999954223633,,,,,,,,
2024-11-19,,QQQ,,,,,,,,,501.3379821777344,,,,,,,,,,,,,
2024-11-19,,SPOT,,,,,,,,463.8299865722656,,,,,,,,,,,,,,
2024-11-19,,SPY,,,,,,,584.8264770507812,,,,,,,,,,,,,,,
2024-11-19,,TSLA,,,,,346.0,,,,,,,,,,,,,,,,,
2024-11-19,,YPF,,,,,,,,,,,,,,,,,,,,,,35.54999923706055
2024-11-20,,AAPL,228.44891357421875,,,,,,,,,,,,,,,,,,,,,
2024-11-20,,AMZN,,,,202.8800048828125,,,,,,,,,,,,,,,,,,
2024-11-20,,AVGO,,,,,,,,,,,,,,,,,,,,,161.94142150878906,
2024-11-20,,BRK-B,,,,,,,,,,,,,468.8299865722656,,,,,,,,,
2024-11-20,,COIN,,,,,,,,,,,,,,,,,,320.010009765625,,,,
2024-11-20,,DIA,,,,,,,,,,,429.64361572265625,,,,,,,,,,,
2024-11-20,,GGAL,,,,,,,,,,,,,,,,57.38615417480469,,,,,,
2024-11-20,,GOOG,,,176.71507263183594,,,,,,,,,,,,,,,,,,,
2024-11-20,,HUT,,,,,,,,,,,,,,,,,24.459999084472656,,,,,
2024-11-20,,KO,,,,,,,,,,61.61976623535156,,,,,,,,,,,,
2024-11-20,,META,,,,,,,,,,,,564.1278686523438,,,,,,,,,,
2024-11-20,,MRVL,,,,,,,,,,,,,,,,,,,89.71247100830078,,,
2024-11-20,,MSTR,,,,,,473.8299865722656,,,,,,,,,,,,,,,,
2024-11-20,145.8563995361328,NVDA,,,,,,,,,,,,,,,,,,,,,,
2024-11-20,,PAM,,81.88999938964844,,,,,,,,,,,,,,,,,,,,
2024-11-20,,PEP,,,,,,,,,,,,,,,154.3269805908203,,,,,,,
2024-11-20,,PFE,,,,,,,,,,,,,,,,,,,,24.075109481811523,,
2024-11-20,,PLTR,,,,,,,,,,,,,,62.119998931884766,,,,,,,,
2024-11-20,,QQQ,,,,,,,,,501.0491943359375,,,,,,,,,,,,,
2024-11-20,,SPOT,,,,,,,,470.010009765625,,,,,,,,,,,,,,
2024-11-20,,SPY,,,,,,,585.024658203125,,,,,,,,,,,,,,,
2024-11-20,,TSLA,,,,,342.0299987792969,,,,,,,,,,,,,,,,,
2024-11-20,,YPF,,,,,,,,,,,,,,,,,,,,,,37.16999816894531
2024-11-21,,AAPL,227.97007751464844,,,,,,,,,,,,,,,,,,,,,
2024-11-21,,AMZN,,,,198.3800048828125,,,,,,,,,,,,,,,,,,
2024-11-21,,AVGO,,,,,,,,,,,,,,,,,,,,,162.62588500976562,
2024-11-21,,BRK-B,,,,,,,,,,,,,472.05999755859375,,,,,,,,,
2024-11-21,,COIN,,,,,,,,,,,,,,,,,,295.2300109863281,,,,
2024-11-21,,DIA,,,,,,,,,,,434.2735595703125,,,,,,,,,,,
2024-11-21,,GGAL,,,,,,,,,,,,,,,,55.664371490478516,,,,,,
2024-11-21,,GOOG,,,168.65313720703125,,,,,,,,,,,,,,,,,,,
2024-11-21,,HUT,,,,,,,,,,,,,,,,,23.479999542236328,,,,,
2024-11-21,,KO,,,,,,,,,,62.373016357421875,,,,,,,,,,,,
2024-11-21,,META,,,,,,,,,,,,561.7039184570312,,,,,,,,,,
2024-11-21,,MRVL,,,,,,,,,,,,,,,,,,,92.78741455078125,,,
2024-11-21,,MSTR,,,,,,397.2799987792969,,,,,,,,,,,,,,,,
2024-11-21,146.63623046875,NVDA,,,,,,,,,,,,,,,,,,,,,,
2024-11-21,,PAM,,82.27999877929688,,,,,,,,,,,,,,,,,,,,
2024-11-21,,PEP,,,,,,,,,,,,,,,155.88247680664062,,,,,,,
2024-11-21,,PFE,,,,,,,,,,,,,,,,,,,,24.25851821899414,,
2024-11-21,,PLTR,,,,,,,,,,,,,,61.36000061035156,,,,,,,,
2024-11-21,,QQQ,,,,,,,,,502.8515625,,,,,,,,,,,,,
2024-11-21,,SPOT,,,,,,,,470.70001220703125,,,,,,,,,,,,,,
2024-11-21,,SPY,,,,,,,588.1652221679688,,,,,,,,,,,,,,,
2024-11-21,,TSLA,,,,,339.6400146484375,,,,,,,,,,,,,,,,,
2024-11-21,,YPF,,,,,,,,,,,,,,,,,,,,,,37.470001220703125
2024-11-22,,AAPL,229.3168182373047,,,,,,,,,,,,,,,,,,,,,
2024-11-22,,AMZN,,,,197.1199951171875,,,,,,,,,,,,,,,,,,
2024-11-22,,AVGO,,,,,,,,,,,,,,,,,,,,,162.91355895996094,
2024-11-22,,BRK-B,,,,,,,,,,,,,476.57000732421875,,,,,,,,,
2024-11-22,,COIN,,,,,,,,,,,,,,,,,,304.6400146484375,,,,
2024-11-22,,DIA,,,,,,,,,,,438.4187316894531,,,,,,,,,,,
2024-11-22,,GGAL,,,,,,,,,,,,,,,,55.21650695800781,,,,,,
2024-11-22,,GOOG,,,165.99237060546875,,,,,,,,,,,,,,,,,,,
2024-11-22,,HUT,,,,,,,,,,,,,,,,,25.920000076293945,,,,,
2024-11-22,,KO,,,,,,,,,,62.529537200927734,,,,,,,,,,,,
2024-11-22,,META,,,,,,,,,,,,557.7636108398438,,,,,,,,,,
2024-11-22,,MRVL,,,,,,,,,,,,,,,,,,,92.35812377929688,,,
2024-11-22,,MSTR,,,,,,421.8800048828125,,,,,,,,,,,,,,,,
2024-11-22,141.91729736328125,NVDA,,,,,,,,,,,,,,,,,,,,,,
2024-11-22,,PAM,,84.93000030517578,,,,,,,,,,,,,,,,,,,,
2024-11-22,,PEP,,,,,,,,,,,,,,,157.496337890625,,,,,,,
2024-11-22,,PFE,,,,,,,,,,,,,,,,,,,,24.76048469543457,,
2024-11-22,,PLTR,,,,,,,,,,,,,,64.3499984741211,,,,,,,,
2024-11-22,,QQQ,,,,,,,,,503.65814208984375,,,,,,,,,,,,,
2024-11-22,,SPOT,,,,,,,,475.0400085449219,,,,,,,,,,,,,,
2024-11-22,,SPY,,,,,,,589.98828125,,,,,,,,,,,,,,,
2024-11-22,,TSLA,,,,,352.55999755859375,,,,,,,,,,,,,,,,,
2024-11-22,,YPF,,,,,,,,,,,,,,,,,,,,,,40.029998779296875
2024-11-25,,AAPL,232.30960083007812,,,,,,,,,,,,,,,,,,,,,
2024-11-25,,AMZN,,,,201.4499969482422,,,,,,,,,,,,,,,,,,
2024-11-25,,AVGO,,,,,,,,,,,,,,,,,,,,,163.49884033203125,
2024-11-25,,BRK-B,,,,,,,,,,,,,477.42999267578125,,,,,,,,,
2024-11-25,,COIN,,,,,,,,,,,,,,,,,,312.2200012207031,,,,
2024-11-25,,DIA,,,,,,,,,,,442.7716064453125,,,,,,,,,,,
2024-11-25,,GGAL,,,,,,,,,,,,,,,,55.24636459350586,,,,,,
2024-11-25,,GOOG,,,168.8424530029297,,,,,,,,,,,,,,,,,,,
2024-11-25,,HUT,,,,,,,,,,,,,,,,,25.239999771118164,,,,,
2024-11-25,,KO,,,,,,,,,,62.97952651977539,,,,,,,,,,,,
2024-11-25,,META,,,,,,,,,,,,563.7188110351562,,,,,,,,,,
2024-11-25,,MRVL,,,,,,,,,,,,,,,,,,,92.08856201171875,,,
2024-11-25,,MSTR,,,,,,403.45001220703125,,,,,,,,,,,,,,,,
2024-11-25,135.98867797851562,NVDA,,,,,,,,,,,,,,,,,,,,,,
2024-11-25,,PAM,,82.62999725341797,,,,,,,,,,,,,,,,,,,,
2024-11-25,,PEP,,,,,,,,,,,,,,,158.51715087890625,,,,,,,
2024-11-25,,PFE,,,,,,,,,,,,,,,,,,,,25.262453079223633,,
2024-11-25,,PLTR,,,,,,,,,,,,,,64.6500015258789,,,,,,,,
2024-11-25,,QQQ,,,,,,,,,504.4547424316406,,,,,,,,,,,,,
2024-11-25,,SPOT,,,,,,,,481.3800048828125,,,,,,,,,,,,,,
2024-11-25,,SPY,,,,,,,591.989501953125,,,,,,,,,,,,,,,
2024-11-25,,TSLA,,,,,338.5899963378906,,,,,,,,,,,,,,,,,
2024-11-25,,YPF,,,,,,,,,,,,,,,,,,,,,,39.2599983215332
2024-11-26,,AAPL,234.49432373046875,,,,,,,,,,,,,,,,,,,,,
2024-11-26,,AMZN,,,,207.86000061035156,,,,,,,,,,,,,,,,,,
2024-11-26,,AVGO,,,,,,,,,,,,,,,,,,,,,163.4194793701172,
2024-11-26,,BRK-B,,,,,,,,,,,,,478.55999755859375,,,,,,,,,
2024-11-26,,COIN,,,,,,,,,,,,,,,,,,293.2900085449219,,,,
2024-11-26,,DIA,,,,,,,,,,,444.0775146484375,,,,,,,,,,,
2024-11-26,,GGAL,,,,,,,,,,,,,,,,56.4605712890625,,,,,,
2024-11-26,,GOOG,,,170.02833557128906,,,,,,,,,,,,,,,,,,,
2024-11-26,,HUT,,,,,,,,,,,,,,,,,24.420000076293945,,,,,
2024-11-26,,KO,,,,,,,,,,63.145835876464844,,,,,,,,,,,,
2024-11-26,,META,,,,,,,,,,,,572.1281127929688,,,,,,,,,,
2024-11-26,,MRVL,,,,,,,,,,,,,,,,,,,92.9870834350586,,,
2024-11-26,,MSTR,,,,,,353.69000244140625,,,,,,,,,,,,,,,,
2024-11-26,136.8884735107422,NVDA,,,,,,,,,,,,,,,,,,,,,,
2024-11-26,,PAM,,83.93000030517578,,,,,,,,,,,,,,,,,,,,
2024-11-26,,PEP,,,,,,,,,,,,,,,157.6519012451172,,,,,,,
2024-11-26,,PFE,,,,,,,,,,,,,,,,,,,,24.876325607299805,,
2024-11-26,,PLTR,,,,,,,,,,,,,,65.73999786376953,,,,,,,,
2024-11-26,,QQQ,,,,,,,,,507.1632995605469,,,,,,,,,,,,,
2024-11-26,,SPOT,,,,,,,,476.6099853515625,,,,,,,,,,,,,,
2024-11-26,,SPY,,,,,,,595.08056640625,,,,,,,,,,,,,,,
2024-11-26,,TSLA,,,,,338.2300109863281,,,,,,,,,,,,,,,,,
2024-11-26,,YPF,,,,,,,,,,,,,,,,,,,,,,40.029998779296875
2024-11-27,,AAPL,234.36463928222656,,,,,,,,,,,,,,,,,,,,,
2024-11-27,,AMZN,,,,205.74000549316406,,,,,,,,,,,,,,,,,,
2024-11-27,,AVGO,,,,,,,,,,,,,,,,,,,,,158.39010620117188,
2024-11-27,,BRK-B,,,,,,,,,,,,,483.0799865722656,,,,,,,,,
2024-11-27,,COIN,,,,,,,,,,,,,,,,,,310.9800109863281,,,,
2024-11-27,,DIA,,,,,,,,,,,442.94970703125,,,,,,,,,,,
2024-11-27,,GGAL,,,,,,,,,,,,,,,,55.8435173034668,,,,,,
2024-11-27,,GOOG,,,170.2276611328125,,,,,,,,,,,,,,,,,,,
2024-11-27,,HUT,,,,,,,,,,,,,,,,,28.450000762939453,,,,,
2024-11-27,,KO,,,,,,,,,,63.0284423828125,,,,,,,,,,,,
2024-11-27,,META,,,,,,,,,,,,567.798828125,,,,,,,,,,
2024-11-27,,MRVL,,,,,,,,,,,,,,,,,,,89.95207977294922,,,
2024-11-27,,MSTR,,,,,,388.8399963378906,,,,,,,,,,,,,,,,
2024-11-27,135.30882263183594,NVDA,,,,,,,,,,,,,,,,,,,,,,
2024-11-27,,PAM,,84.19999694824219,,,,,,,,,,,,,,,,,,,,
2024-11-27,,PEP,,,,,,,,,,,,,,,158.19631958007812,,,,,,,
2024-11-27,,PFE,,,,,,,,,,,,,,,,,,,,24.93424415588379,,
2024-11-27,,PLTR,,,,,,,,,,,,,,66.05000305175781,,,,,,,,
2024-11-27,,QQQ,,,,,,,,,503.170166015625,,,,,,,,,,,,,
2024-11-27,,SPOT,,,,,,,,475.239990234375,,,,,,,,,,,,,,
2024-11-27,,SPY,,,,,,,593.2774047851562,,,,,,,,,,,,,,,
2024-11-27,,TSLA,,,,,332.8900146484375,,,,,,,,,,,,,,,,,
2024-11-27,,YPF,,,,,,,,,,,,,,,,,,,,,,39.709999084472656
2024-11-29,,AAPL,236.7588653564453,,,,,,,,,,,,,,,,,,,,,
2024-11-29,,AMZN,,,,207.88999938964844,,,,,,,,,,,,,,,,,,
2024-11-29,,AVGO,,,,,,,,,,,,,,,,,,,,,160.78079223632812,
2024-11-29,,BRK-B,,,,,,,,,,,,,483.0199890136719,,,,,,,,,
2024-11-29,,COIN,,,,,,,,,,,,,,,,,,296.20001220703125,,,,
2024-11-29,,DIA,,,,,,,,,,,445.2745666503906,,,,,,,,,,,
2024-11-29,,GGAL,,,,,,,,,,,,,,,,56.17194747924805,,,,,,
2024-11-29,,GOOG,,,169.89878845214844,,,,,,,,,,,,,,,,,,,
2024-11-29,,HUT,,,,,,,,,,,,,,,,,28.020000457763672,,,,,
2024-11-29,,KO,,,,,,,,,,63.16150665283203,,,,,,,,,,,,
2024-11-29,,META,,,,,,,,,,,,572.9061889648438,,,,,,,,,,
2024-11-29,,MRVL,,,,,,,,,,,,,,,,,,,92.53782653808594,,,
2024-11-29,,MSTR,,,,,,387.4700012207031,,,,,,,,,,,,,,,,
2024-11-29,138.21817016601562,NVDA,,,,,,,,,,,,,,,,,,,,,,
2024-11-29,,PAM,,85.58999633789062,,,,,,,,,,,,,,,,,,,,
2024-11-29,,PEP,,,,,,,,,,,,,,,158.90603637695312,,,,,,,
2024-11-29,,PFE,,,,,,,,,,,,,,,,,,,,25.30106544494629,,
2024-11-29,,PLTR,,,,,,,,,,,,,,67.08000183105469,,,,,,,,
2024-11-29,,QQQ,,,,,,,,,507.5914611816406,,,,,,,,,,,,,
2024-11-29,,SPOT,,,,,,,,476.9599914550781,,,,,,,,,,,,,,
2024-11-29,,SPY,,,,,,,596.9629516601562,,,,,,,,,,,,,,,
2024-11-29,,TSLA,,,,,345.1600036621094,,,,,,,,,,,,,,,,,
2024-11-29,,YPF,,,,,,,,,,,,,,,,,,,,,,40.29999923706055
2024-12-02,,AAPL,239.013427734375,,,,,,,,,,,,,,,,,,,,,
2024-12-02,,AMZN,,,,210.7100067138672,,,,,,,,,,,,,,,,,,
2024-12-02,,AVGO,,,,,,,,,,,,,,,,,,,,,165.17527770996094,
2024-12-02,,BRK-B,,,,,,,,,,,,,477.3299865722656,,,,,,,,,
2024-12-02,,COIN,,,,,,,,,,,,,,,,,,302.3999938964844,,,,
2024-12-02,,DIA,,,,,,,,,,,443.9389953613281,,,,,,,,,,,
2024-12-02,,GGAL,,,,,,,,,,,,,,,,58.948699951171875,,,,,,
2024-12-02,,GOOG,,,172.38015747070312,,,,,,,,,,,,,,,,,,,
2024-12-02,,HUT,,,,,,,,,,,,,,,,,25.93000030517578,,,,,
2024-12-02,,KO,,,,,,,,,,62.7376708984375,,,,,,,,,,,,
2024-12-02,,META,,,,,,,,,,,,591.3706665039062,,,,,,,,,,
2024-12-02,,MRVL,,,,,,,,,,,,,,,,,,,96.70098114013672,,,
2024-12-02,,MSTR,,,,,,380.29998779296875,,,,,,,,,,,,,,,,
2024-12-02,138.5980682373047,NVDA,,,,,,,,,,,,,,,,,,,,,,
2024-12-02,,PAM,,86.93000030517578,,,,,,,,,,,,,,,,,,,,
2024-12-02,,PEP,,,,,,,,,,,,,,,158.51715087890625,,,,,,,
2024-12-02,,PFE,,,,,,,,,,,,,,,,,,,,24.924591064453125,,
2024-12-02,,PLTR,,,,,,,,,,,,,,66.38999938964844,,,,,,,,
2024-12-02,,QQQ,,,,,,,,,513.1180419921875,,,,,,,,,,,,,
2024-12-02,,SPOT,,,,,,,,480.2699890136719,,,,,,,,,,,,,,
2024-12-02,,SPY,,,,,,,598.032958984375,,,,,,,,,,,,,,,
2024-12-02,,TSLA,,,,,357.0899963378906,,,,,,,,,,,,,,,,,
2024-12-02,,YPF,,,,,,,,,,,,,,,,,,,,,,40.220001220703125
2024-12-03,,AAPL,242.06607055664062,,,,,,,,,,,,,,,,,,,,,
2024-12-03,,AMZN,,,,213.44000244140625,,,,,,,,,,,,,,,,,,
2024-12-03,,AVGO,,,,,,,,,,,,,,,,,,,,,166.80213928222656,
2024-12-03,,BRK-B,,,,,,,,,,,,,470.19000244140625,,,,,,,,,
2024-12-03,,COIN,,,,,,,,,,,,,,,,,,309.3500061035156,,,,
2024-12-03,,DIA,,,,,,,,,,,443.0981140136719,,,,,,,,,,,
2024-12-03,,GGAL,,,,,,,,,,,,,,,,57.83401870727539,,,,,,
2024-12-03,,GOOG,,,172.42002868652344,,,,,,,,,,,,,,,,,,,
2024-12-03,,HUT,,,,,,,,,,,,,,,,,25.059999465942383,,,,,
2024-12-03,,KO,,,,,,,,,,62.60953140258789,,,,,,,,,,,,
2024-12-03,,META,,,,,,,,,,,,612.139404296875,,,,,,,,,,
2024-12-03,,MRVL,,,,,,,,,,,,,,,,,,,95.7525405883789,,,
2024-12-03,,MSTR,,,,,,373.42999267578125,,,,,,,,,,,,,,,,
2024-12-03,140.2277069091797,NVDA,,,,,,,,,,,,,,,,,,,,,,
2024-12-03,,PAM,,87.0999984741211,,,,,,,,,,,,,,,,,,,,
2024-12-03,,PEP,,,,,,,,,,,,,,,157.2046661376953,,,,,,,
2024-12-03,,PFE,,,,,,,,,,,,,,,,,,,,24.673606872558594,,
2024-12-03,,PLTR,,,,,,,,,,,,,,70.95999908447266,,,,,,,,
2024-12-03,,QQQ,,,,,,,,,514.6914672851562,,,,,,,,,,,,,
2024-12-03,,SPOT,,,,,,,,493.32000732421875,,,,,,,,,,,,,,
2024-12-03,,SPY,,,,,,,598.3102416992188,,,,,,,,,,,,,,,
2024-12-03,,TSLA,,,,,351.4200134277344,,,,,,,,,,,,,,,,,
2024-12-03,,YPF,,,,,,,,,,,,,,,,,,,,,,40.150001525878906
2024-12-04,,AAPL,242.42520141601562,,,,,,,,,,,,,,,,,,,,,
2024-12-04,,AMZN,,,,218.16000366210938,,,,,,,,,,,,,,,,,,
2024-12-04,,AVGO,,,,,,,,,,,,,,,,,,,,,169.1928253173828,
2024-12-04,,BRK-B,,,,,,,,,,,,,468.32000732421875,,,,,,,,,
2024-12-04,,COIN,,,,,,,,,,,,,,,,,,330.94000244140625,,,,
2024-12-04,,DIA,,,,,,,,,,,446.1154479980469,,,,,,,,,,,
2024-12-04,,GGAL,,,,,,,,,,,,,,,,55.85346984863281,,,,,,
2024-12-04,,GOOG,,,175.47935485839844,,,,,,,,,,,,,,,,,,,
2024-12-04,,HUT,,,,,,,,,,,,,,,,,27.030000686645508,,,,,
2024-12-04,,KO,,,,,,,,,,61.31830596923828,,,,,,,,,,,,
2024-12-04,,META,,,,,,,,,,,,612.26904296875,,,,,,,,,,
2024-12-04,,MRVL,,,,,,,,,,,,,,,,,,,117.95602416992188,,,
2024-12-04,,MSTR,,,,,,406.0,,,,,,,,,,,,,,,,
2024-12-04,145.10658264160156,NVDA,,,,,,,,,,,,,,,,,,,,,,
2024-12-04,,PAM,,86.05999755859375,,,,,,,,,,,,,,,,,,,,
2024-12-04,,PEP,,,,,,,,,,,,,,,155.7269287109375,,,,,,,
2024-12-04,,PFE,,,,,,,,,,,,,,,,,,,,24.355051040649414,,
2024-12-04,,PLTR,,,,,,,,,,,,,,69.8499984741211,,,,,,,,
2024-12-04,,QQQ,,,,,,,,,521.0545043945312,,,,,,,,,,,,,
2024-12-04,,SPOT,,,,,,,,502.3800048828125,,,,,,,,,,,,,,
2024-12-04,,SPY,,,,,,,602.0255126953125,,,,,,,,,,,,,,,
2024-12-04,,TSLA,,,,,357.92999267578125,,,,,,,,,,,,,,,,,
2024-12-04,,YPF,,,,,,,,,,,,,,,,,,,,,,38.380001068115234
2024-12-05,,AAPL,242.4551239013672,,,,,,,,,,,,,,,,,,,,,
2024-12-05,,AMZN,,,,220.5500030517578,,,,,,,,,,,,,,,,,,
2024-12-05,,AVGO,,,,,,,,,,,,,,,,,,,,,169.10354614257812,
2024-12-05,,BRK-B,,,,,,,,,,,,,470.57000732421875,,,,,,,,,
2024-12-05,,COIN,,,,,,,,,,,,,,,,,,320.57000732421875,,,,
2024-12-05,,DIA,,,,,,,,,,,443.8697814941406,,,,,,,,,,,
2024-12-05,,GGAL,,,,,,,,,,,,,,,,57.95344924926758,,,,,,
2024-12-05,,GOOG,,,173.70553588867188,,,,,,,,,,,,,,,,,,,
2024-12-05,,HUT,,,,,,,,,,,,,,,,,27.670000076293945,,,,,
2024-12-05,,KO,,,,,,,,,,62.018131256103516,,,,,,,,,,,,
2024-12-05,,META,,,,,,,,,,,,607.4310302734375,,,,,,,,,,
2024-12-05,,MRVL,,,,,,,,,,,,,,,,,,,113.18387603759766,,,
2024-12-05,,MSTR,,,,,,386.3999938964844,,,,,,,,,,,,,,,,
2024-12-05,145.03659057617188,NVDA,,,,,,,,,,,,,,,,,,,,,,
2024-12-05,,PAM,,87.0199966430664,,,,,,,,,,,,,,,,,,,,
2024-12-05,,PEP,,,,,,,,,,,,,,,156.0283203125,,,,,,,
2024-12-05,,PFE,,,,,,,,,,,,,,,,,,,,24.808753967285156,,
2024-12-05,,PLTR,,,,,,,,,,,,,,71.87000274658203,,,,,,,,
2024-12-05,,QQQ,,,,,,,,,519.610595703125,,,,,,,,,,,,,
2024-12-05,,SPOT,,,,,,,,493.510009765625,,,,,,,,,,,,,,
2024-12-05,,SPY,,,,,,,601.0347900390625,,,,,,,,,,,,,,,
2024-12-05,,TSLA,,,,,369.489990234375,,,,,,,,,,,,,,,,,
2024-12-05,,YPF,,,,,,,,,,,,,,,,,,,,,,38.459999084472656
2024-12-06,,AAPL,242.25559997558594,,,,,,,,,,,,,,,,,,,,,
2024-12-06,,AMZN,,,,227.02999877929688,,,,,,,,,,,,,,,,,,
2024-12-06,,AVGO,,,,,,,,,,,,,,,,,,,,,178.09092712402344,
2024-12-06,,BRK-B,,,,,,,,,,,,,470.5,,,,,,,,,
2024-12-06,,COIN,,,,,,,,,,,,,,,,,,343.6199951171875,,,,
2024-12-06,,DIA,,,,,,,,,,,442.3659973144531,,,,,,,,,,,
2024-12-06,,GGAL,,,,,,,,,,,,,,,,58.64017105102539,,,,,,
2024-12-06,,GOOG,,,175.87799072265625,,,,,,,,,,,,,,,,,,,
2024-12-06,,HUT,,,,,,,,,,,,,,,,,30.239999771118164,,,,,
2024-12-06,,KO,,,,,,,,,,61.63372039794922,,,,,,,,,,,,
2024-12-06,,META,,,,,,,,,,,,622.2345581054688,,,,,,,,,,
2024-12-06,,MRVL,,,,,,,,,,,,,,,,,,,113.32363891601562,,,
2024-12-06,,MSTR,,,,,,395.010009765625,,,,,,,,,,,,,,,,
2024-12-06,142.41700744628906,NVDA,,,,,,,,,,,,,,,,,,,,,,
2024-12-06,,PAM,,87.41999816894531,,,,,,,,,,,,,,,,,,,,
2024-12-06,,PEP,,,,,,,,,,,,,,,154.70956420898438,,,,,,,
2024-12-06,,PFE,,,,,,,,,,,,,,,,,,,,24.837711334228516,,
2024-12-06,,PLTR,,,,,,,,,,,,,,76.33999633789062,,,,,,,,
2024-12-06,,QQQ,,,,,,,,,524.2609252929688,,,,,,,,,,,,,
2024-12-06,,SPOT,,,,,,,,498.6300048828125,,,,,,,,,,,,,,
2024-12-06,,SPY,,,,,,,602.1741943359375,,,,,,,,,,,,,,,
2024-12-06,,TSLA,,,,,389.2200012207031,,,,,,,,,,,,,,,,,
2024-12-06,,YPF,,,,,,,,,,,,,,,,,,,,,,38.869998931884766
2024-12-09,,AAPL,246.1562042236328,,,,,,,,,,,,,,,,,,,,,
2024-12-09,,AMZN,,,,226.08999633789062,,,,,,,,,,,,,,,,,,
2024-12-09,,AVGO,,,,,,,,,,,,,,,,,,,,,177.5056610107422,
2024-12-09,,BRK-B,,,,,,,,,,,,,463.8699951171875,,,,,,,,,
2024-12-09,,COIN,,,,,,,,,,,,,,,,,,310.5199890136719,,,,
2024-12-09,,DIA,,,,,,,,,,,440.3181457519531,,,,,,,,,,,
2024-12-09,,GGAL,,,,,,,,,,,,,,,,58.00320816040039,,,,,,
2024-12-09,,GOOG,,,176.68609619140625,,,,,,,,,,,,,,,,,,,
2024-12-09,,HUT,,,,,,,,,,,,,,,,,27.200000762939453,,,,,
2024-12-09,,KO,,,,,,,,,,61.70271682739258,,,,,,,,,,,,
2024-12-09,,META,,,,,,,,,,,,612.0595703125,,,,,,,,,,
2024-12-09,,MRVL,,,,,,,,,,,,,,,,,,,106.85427856445312,,,
2024-12-09,,MSTR,,,,,,365.3399963378906,,,,,,,,,,,,,,,,
2024-12-09,138.78758239746094,NVDA,,,,,,,,,,,,,,,,,,,,,,
2024-12-09,,PAM,,87.86000061035156,,,,,,,,,,,,,,,,,,,,
2024-12-09,,PEP,,,,,,,,,,,,,,,156.35678100585938,,,,,,,
2024-12-09,,PFE,,,,,,,,,,,,,,,,,,,,25.194881439208984,,
2024-12-09,,PLTR,,,,,,,,,,,,,,72.45999908447266,,,,,,,,
2024-12-09,,QQQ,,,,,,,,,520.17822265625,,,,,,,,,,,,,
2024-12-09,,SPOT,,,,,,,,482.5199890136719,,,,,,,,,,,,,,
2024-12-09,,SPY,,,,,,,599.0731811523438,,,,,,,,,,,,,,,
2024-12-09,,TSLA,,,,,389.7900085449219,,,,,,,,,,,,,,,,,
2024-12-09,,YPF,,,,,,,,,,,,,,,,,,,,,,40.5099983215332
2024-12-10,,AAPL,247.1737518310547,,,,,,,,,,,,,,,,,,,,,
2024-12-10,,AMZN,,,,225.0399932861328,,,,,,,,,,,,,,,,,,
2024-12-10,,AVGO,,,,,,,,,,,,,,,,,,,,,170.43280029296875,
2024-12-10,,BRK-B,,,,,,,,,,,,,462.489990234375,,,,,,,,,
2024-12-10,,COIN,,,,,,,,,,,,,,,,,,302.4200134277344,,,,
2024-12-10,,DIA,,,,,,,,,,,438.9430236816406,,,,,,,,,,,
2024-12-10,,GGAL,,,,,,,,,,,,,,,,57.67477798461914,,,,,,
2024-12-10,,GOOG,,,186.09405517578125,,,,,,,,,,,,,,,,,,,
2024-12-10,,HUT,,,,,,,,,,,,,,,,,25.6200008392334,,,,,
2024-12-10,,KO,,,,,,,,,,62.00827407836914,,,,,,,,,,,,
2024-12-10,,META,,,,,,,,,,,,617.79541015625,,,,,,,,,,
2024-12-10,,MRVL,,,,,,,,,,,,,,,,,,,106.50485229492188,,,
2024-12-10,,MSTR,,,,,,377.32000732421875,,,,,,,,,,,,,,,,
2024-12-10,135.04820251464844,NVDA,,,,,,,,,,,,,,,,,,,,,,
2024-12-10,,PAM,,86.7300033569336,,,,,,,,,,,,,,,,,,,,
2024-12-10,,PEP,,,,,,,,,,,,,,,156.71954345703125,,,,,,,
2024-12-10,,PFE,,,,,,,,,,,,,,,,,,,,24.68326187133789,,
2024-12-10,,PLTR,,,,,,,,,,,,,,70.88999938964844,,,,,,,,
2024-12-10,,QQQ,,,,,,,,,518.4057006835938,,,,,,,,,,,,,
2024-12-10,,SPOT,,,,,,,,471.5799865722656,,,,,,,,,,,,,,
2024-12-10,,SPY,,,,,,,597.2106323242188,,,,,,,,,,,,,,,
2024-12-10,,TSLA,,,,,400.989990234375,,,,,,,,,,,,,,,,,
2024-12-10,,YPF,,,,,,,,,,,,,,,,,,,,,,40.650001525878906
2024-12-11,,AAPL,245.89683532714844,,,,,,,,,,,,,,,,,,,,,
2024-12-11,,AMZN,,,,230.25999450683594,,,,,,,,,,,,,,,,,,
2024-12-11,,AVGO,,,,,,,,,,,,,,,,,,,,,181.7314910888672,
2024-12-11,,BRK-B,,,,,,,,,,,,,461.3900146484375,,,,,,,,,
2024-12-11,,COIN,,,,,,,,,,,,,,,,,,313.80999755859375,,,,
2024-12-11,,DIA,,,,,,,,,,,437.7756652832031,,,,,,,,,,,
2024-12-11,,GGAL,,,,,,,,,,,,,,,,61.47663497924805,,,,,,
2024-12-11,,GOOG,,,196.25025939941406,,,,,,,,,,,,,,,,,,,
2024-12-11,,HUT,,,,,,,,,,,,,,,,,26.690000534057617,,,,,
2024-12-11,,KO,,,,,,,,,,61.74214553833008,,,,,,,,,,,,
2024-12-11,,META,,,,,,,,,,,,631.1224975585938,,,,,,,,,,
2024-12-11,,MRVL,,,,,,,,,,,,,,,,,,,111.17716979980469,,,
2024-12-11,,MSTR,,,,,,411.3999938964844,,,,,,,,,,,,,,,,
2024-12-11,139.28750610351562,NVDA,,,,,,,,,,,,,,,,,,,,,,
2024-12-11,,PAM,,90.51000213623047,,,,,,,,,,,,,,,,,,,,
2024-12-11,,PEP,,,,,,,,,,,,,,,153.70948791503906,,,,,,,
2024-12-11,,PFE,,,,,,,,,,,,,,,,,,,,24.355051040649414,,
2024-12-11,,PLTR,,,,,,,,,,,,,,72.51000213623047,,,,,,,,
2024-12-11,,QQQ,,,,,,,,,527.6864013671875,,,,,,,,,,,,,
2024-12-11,,SPOT,,,,,,,,476.9100036621094,,,,,,,,,,,,,,
2024-12-11,,SPY,,,,,,,601.827392578125,,,,,,,,,,,,,,,
2024-12-11,,TSLA,,,,,424.7699890136719,,,,,,,,,,,,,,,,,
2024-12-11,,YPF,,,,,,,,,,,,,,,,,,,,,,43.119998931884766
2024-12-12,,AAPL,247.36329650878906,,,,,,,,,,,,,,,,,,,,,
2024-12-12,,AMZN,,,,228.97000122070312,,,,,,,,,,,,,,,,,,
2024-12-12,,AVGO,,,,,,,,,,,,,,,,,,,,,179.2118682861328,
2024-12-12,,BRK-B,,,,,,,,,,,,,458.6300048828125,,,,,,,,,
2024-12-12,,COIN,,,,,,,,,,,,,,,,,,312.9599914550781,,,,
2024-12-12,,DIA,,,,,,,,,,,435.5595703125,,,,,,,,,,,
2024-12-12,,GGAL,,,,,,,,,,,,,,,,61.287540435791016,,,,,,
2024-12-12,,GOOG,,,193.17745971679688,,,,,,,,,,,,,,,,,,,
2024-12-12,,HUT,,,,,,,,,,,,,,,,,27.31999969482422,,,,,
2024-12-12,,KO,,,,,,,,,,62.92494583129883,,,,,,,,,,,,
2024-12-12,,META,,,,,,,,,,,,629.2371826171875,,,,,,,,,,
2024-12-12,,MRVL,,,,,,,,,,,,,,,,,,,108.8310317993164,,,
2024-12-12,,MSTR,,,,,,392.19000244140625,,,,,,,,,,,,,,,,
2024-12-12,137.3178253173828,NVDA,,,,,,,,,,,,,,,,,,,,,,
2024-12-12,,PAM,,89.66000366210938,,,,,,,,,,,,,,,,,,,,
2024-12-12,,PEP,,,,,,,,,,,,,,,155.7978973388672,,,,,,,
2024-12-12,,PFE,,,,,,,,,,,,,,,,,,,,24.490198135375977,,
2024-12-12,,PLTR,,,,,,,,,,,,,,73.19999694824219,,,,,,,,
2024-12-12,,QQQ,,,,,,,,,524.2808837890625,,,,,,,,,,,,,
2024-12-12,,SPOT,,,,,,,,480.1099853515625,,,,,,,,,,,,,,
2024-12-12,,SPY,,,,,,,598.7264404296875,,,,,,,,,,,,,,,
2024-12-12,,TSLA,,,,,418.1000061035156,,,,,,,,,,,,,,,,,
2024-12-12,,YPF,,,,,,,,,,,,,,,,,,,,,,43.959999084472656
2024-12-13,,AAPL,247.5328826904297,,,,,,,,,,,,,,,,,,,,,
2024-12-13,,AMZN,,,,227.4600067138672,,,,,,,,,,,,,,,,,,
2024-12-13,,AVGO,,,,,,,,,,,,,,,,,,,,,222.99806213378906,
2024-12-13,,BRK-B,,,,,,,,,,,,,457.8999938964844,,,,,,,,,
2024-12-13,,COIN,,,,,,,,,,,,,,,,,,310.5799865722656,,,,
2024-12-13,,DIA,,,,,,,,,,,434.66925048828125,,,,,,,,,,,
2024-12-13,,GGAL,,,,,,,,,,,,,,,,62.024024963378906,,,,,,
2024-12-13,,GOOG,,,190.93270874023438,,,,,,,,,,,,,,,,,,,
2024-12-13,,HUT,,,,,,,,,,,,,,,,,27.329999923706055,,,,,
2024-12-13,,KO,,,,,,,,,,62.21526336669922,,,,,,,,,,,,
2024-12-13,,META,,,,,,,,,,,,618.8228759765625,,,,,,,,,,
2024-12-13,,MRVL,,,,,,,,,,,,,,,,,,,120.57171630859375,,,
2024-12-13,,MSTR,,,,,,408.6700134277344,,,,,,,,,,,,,,,,
2024-12-13,134.22833251953125,NVDA,,,,,,,,,,,,,,,,,,,,,,
2024-12-13,,PAM,,89.38999938964844,,,,,,,,,,,,,,,,,,,,
2024-12-13,,PEP,,,,,,,,,,,,,,,154.8860626220703,,,,,,,
2024-12-13,,PFE,,,,,,,,,,,,,,,,,,,,24.692913055419922,,
2024-12-13,,PLTR,,,,,,,,,,,,,,76.06999969482422,,,,,,,,
2024-12-13,,QQQ,,,,,,,,,528.2938842773438,,,,,,,,,,,,,
2024-12-13,,SPOT,,,,,,,,483.30999755859375,,,,,,,,,,,,,,
2024-12-13,,SPY,,,,,,,598.6076049804688,,,,,,,,,,,,,,,
2024-12-13,,TSLA,,,,,436.2300109863281,,,,,,,,,,,,,,,,,
2024-12-13,,YPF,,,,,,,,,,,,,,,,,,,,,,44.560001373291016
2024-12-16,,AAPL,250.43588256835938,,,,,,,,,,,,,,,,,,,,,
2024-12-16,,AMZN,,,,232.92999267578125,,,,,,,,,,,,,,,,,,
2024-12-16,,AVGO,,,,,,,,,,,,,,,,,,,,,247.9960479736328,
2024-12-16,,BRK-B,,,,,,,,,,,,,455.20001220703125,,,,,,,,,
2024-12-16,,COIN,,,,,,,,,,,,,,,,,,315.30999755859375,,,,
2024-12-16,,DIA,,,,,,,,,,,433.6799621582031,,,,,,,,,,,
2024-12-16,,GGAL,,,,,,,,,,,,,,,,67.43818664550781,,,,,,
2024-12-16,,GOOG,,,197.69686889648438,,,,,,,,,,,,,,,,,,,
2024-12-16,,HUT,,,,,,,,,,,,,,,,,29.059999465942383,,,,,
2024-12-16,,KO,,,,,,,,,,61.65343475341797,,,,,,,,,,,,
2024-12-16,,META,,,,,,,,,,,,623.2056274414062,,,,,,,,,,
2024-12-16,,MRVL,,,,,,,,,,,,,,,,,,,124.57514190673828,,,
2024-12-16,,MSTR,,,,,,408.5,,,,,,,,,,,,,,,,
2024-12-16,131.9786834716797,NVDA,,,,,,,,,,,,,,,,,,,,,,
2024-12-16,,PAM,,91.79000091552734,,,,,,,,,,,,,,,,,,,,
2024-12-16,,PEP,,,,,,,,,,,,,,,152.97413635253906,,,,,,,
2024-12-16,,PFE,,,,,,,,,,,,,,,,,,,,24.374357223510742,,
2024-12-16,,PLTR,,,,,,,,,,,,,,75.75,,,,,,,,
2024-12-16,,QQQ,,,,,,,,,535.901611328125,,,,,,,,,,,,,
2024-12-16,,SPOT,,,,,,,,484.8999938964844,,,,,,,,,,,,,,
2024-12-16,,SPY,,,,,,,601.1636352539062,,,,,,,,,,,,,,,
2024-12-16,,TSLA,,,,,463.0199890136719,,,,,,,,,,,,,,,,,
2024-12-16,,YPF,,,,,,,,,,,,,,,,,,,,,,44.58000183105469
2024-12-17,,AAPL,252.8699951171875,,,,,,,,,,,,,,,,,,,,,
2024-12-17,,AMZN,,,,231.14999389648438,,,,,,,,,,,,,,,,,,
2024-12-17,,AVGO,,,,,,,,,,,,,,,,,,,,,238.3043670654297,
2024-12-17,,BRK-B,,,,,,,,,,,,,455.6600036621094,,,,,,,,,
2024-12-17,,COIN,,,,,,,,,,,,,,,,,,311.6400146484375,,,,
2024-12-17,,DIA,,,,,,,,,,,430.9099426269531,,,,,,,,,,,
2024-12-17,,GGAL,,,,,,,,,,,,,,,,68.39363098144531,,,,,,
2024-12-17,,GOOG,,,196.6593017578125,,,,,,,,,,,,,,,,,,,
2024-12-17,,HUT,,,,,,,,,,,,,,,,,29.6200008392334,,,,,
2024-12-17,,KO,,,,,,,,,,62.49125289916992,,,,,,,,,,,,
2024-12-17,,META,,,,,,,,,,,,618.41357421875,,,,,,,,,,
2024-12-17,,MRVL,,,,,,,,,,,,,,,,,,,112.06571197509766,,,
2024-12-17,,MSTR,,,,,,386.4200134277344,,,,,,,,,,,,,,,,
2024-12-17,130.36895751953125,NVDA,,,,,,,,,,,,,,,,,,,,,,
2024-12-17,,PAM,,90.69000244140625,,,,,,,,,,,,,,,,,,,,
2024-12-17,,PEP,,,,,,,,,,,,,,,153.09178161621094,,,,,,,
2024-12-17,,PFE,,,,,,,,,,,,,,,,,,,,25.513437271118164,,
2024-12-17,,PLTR,,,,,,,,,,,,,,74.38999938964844,,,,,,,,
2024-12-17,,QQQ,,,,,,,,,533.5416259765625,,,,,,,,,,,,,
2024-12-17,,SPOT,,,,,,,,474.3699951171875,,,,,,,,,,,,,,
2024-12-17,,SPY,,,,,,,598.686767578125,,,,,,,,,,,,,,,
2024-12-17,,TSLA,,,,,479.8599853515625,,,,,,,,,,,,,,,,,
2024-12-17,,YPF,,,,,,,,,,,,,,,,,,,,,,44.880001068115234
2024-12-18,,AAPL,247.4530792236328,,,,,,,,,,,,,,,,,,,,,
2024-12-18,,AMZN,,,,220.52000427246094,,,,,,,,,,,,,,,,,,
2024-12-18,,AVGO,,,,,,,,,,,,,,,,,,,,,221.82749938964844,
2024-12-18,,BRK-B,,,,,,,,,,,,,446.5899963378906,,,,,,,,,
2024-12-18,,COIN,,,,,,,,,,,,,,,,,,279.8599853515625,,,,
2024-12-18,,DIA,,,,,,,,,,,419.68133544921875,,,,,,,,,,,
2024-12-18,,GGAL,,,,,,,,,,,,,,,,63.02922821044922,,,,,,
2024-12-18,,GOOG,,,189.70558166503906,,,,,,,,,,,,,,,,,,,
2024-12-18,,HUT,,,,,,,,,,,,,,,,,26.1299991607666,,,,,
2024-12-18,,KO,,,,,,,,,,61.94913101196289,,,,,,,,,,,,
2024-12-18,,META,,,,,,,,,,,,596.200439453125,,,,,,,,,,
2024-12-18,,MRVL,,,,,,,,,,,,,,,,,,,105.1071548461914,,,
2024-12-18,,MSTR,,,,,,349.6400146484375,,,,,,,,,,,,,,,,
2024-12-18,128.88919067382812,NVDA,,,,,,,,,,,,,,,,,,,,,,
2024-12-18,,PAM,,85.6500015258789,,,,,,,,,,,,,,,,,,,,
2024-12-18,,PEP,,,,,,,,,,,,,,,151.4151611328125,,,,,,,
2024-12-18,,PFE,,,,,,,,,,,,,,,,,,,,24.992162704467773,,
2024-12-18,,PLTR,,,,,,,,,,,,,,71.51000213623047,,,,,,,,
2024-12-18,,QQQ,,,,,,,,,514.2930908203125,,,,,,,,,,,,,
2024-12-18,,SPOT,,,,,,,,448.6499938964844,,,,,,,,,,,,,,
2024-12-18,,SPY,,,,,,,580.8438110351562,,,,,,,,,,,,,,,
2024-12-18,,TSLA,,,,,440.1300048828125,,,,,,,,,,,,,,,,,
2024-12-18,,YPF,,,,,,,,,,,,,,,,,,,,,,41.689998626708984
2024-12-19,,AAPL,249.1888885498047,,,,,,,,,,,,,,,,,,,,,
2024-12-19,,AMZN,,,,223.2899932861328,,,,,,,,,,,,,,,,,,
2024-12-19,,AVGO,,,,,,,,,,,,,,,,,,,,,216.5699920654297,
2024-12-19,,BRK-B,,,,,,,,,,,,,449.3399963378906,,,,,,,,,
2024-12-19,,COIN,,,,,,,,,,,,,,,,,,273.9200134277344,,,,
2024-12-19,,DIA,,,,,,,,,,,419.9880065917969,,,,,,,,,,,
2024-12-19,,GGAL,,,,,,,,,,,,,,,,61.00886917114258,,,,,,
2024-12-19,,GOOG,,,189.2566375732422,,,,,,,,,,,,,,,,,,,
2024-12-19,,HUT,,,,,,,,,,,,,,,,,23.799999237060547,,,,,
2024-12-19,,KO,,,,,,,,,,61.55487060546875,,,,,,,,,,,,
2024-12-19,,META,,,,,,,,,,,,594.5831298828125,,,,,,,,,,
2024-12-19,,MRVL,,,,,,,,,,,,,,,,,,,108.93087005615234,,,
2024-12-19,,MSTR,,,,,,326.4599914550781,,,,,,,,,,,,,,,,
2024-12-19,130.6588897705078,NVDA,,,,,,,,,,,,,,,,,,,,,,
2024-12-19,,PAM,,84.97000122070312,,,,,,,,,,,,,,,,,,,,
2024-12-19,,PEP,,,,,,,,,,,,,,,148.51295471191406,,,,,,,
2024-12-19,,PFE,,,,,,,,,,,,,,,,,,,,24.876325607299805,,
2024-12-19,,PLTR,,,,,,,,,,,,,,74.20999908447266,,,,,,,,
2024-12-19,,QQQ,,,,,,,,,512.0028076171875,,,,,,,,,,,,,
2024-12-19,,SPOT,,,,,,,,454.1600036621094,,,,,,,,,,,,,,
2024-12-19,,SPY,,,,,,,580.6654052734375,,,,,,,,,,,,,,,
2024-12-19,,TSLA,,,,,436.1700134277344,,,,,,,,,,,,,,,,,
2024-12-19,,YPF,,,,,,,,,,,,,,,,,,,,,,41.41999816894531
2024-12-20,,AAPL,253.87759399414062,,,,,,,,,,,,,,,,,,,,,
2024-12-20,,AMZN,,,,224.9199981689453,,,,,,,,,,,,,,,,,,
2024-12-20,,AVGO,,,,,,,,,,,,,,,,,,,,,219.0201873779297,
2024-12-20,,BRK-B,,,,,,,,,,,,,453.20001220703125,,,,,,,,,
2024-12-20,,COIN,,,,,,,,,,,,,,,,,,278.7099914550781,,,,
2024-12-20,,DIA,,,,,,,,,,,425.17999267578125,,,,,,,,,,,
2024-12-20,,GGAL,,,,,,,,,,,,,,,,63.28799057006836,,,,,,
2024-12-20,,GOOG,,,192.509033203125,,,,,,,,,,,,,,,,,,,
2024-12-20,,HUT,,,,,,,,,,,,,,,,,23.68000030517578,,,,,
2024-12-20,,KO,,,,,,,,,,61.65343475341797,,,,,,,,,,,,
2024-12-20,,META,,,,,,,,,,,,584.2802124023438,,,,,,,,,,
2024-12-20,,MRVL,,,,,,,,,,,,,,,,,,,111.7162857055664,,,
2024-12-20,,MSTR,,,,,,364.20001220703125,,,,,,,,,,,,,,,,
2024-12-20,134.67825317382812,NVDA,,,,,,,,,,,,,,,,,,,,,,
2024-12-20,,PAM,,85.91999816894531,,,,,,,,,,,,,,,,,,,,
2024-12-20,,PEP,,,,,,,,,,,,,,,149.8071746826172,,,,,,,
2024-12-20,,PFE,,,,,,,,,,,,,,,,,,,,25.445865631103516,,
2024-12-20,,PLTR,,,,,,,,,,,,,,80.55000305175781,,,,,,,,
2024-12-20,,QQQ,,,,,,,,,516.4738159179688,,,,,,,,,,,,,
2024-12-20,,SPOT,,,,,,,,460.8800048828125,,,,,,,,,,,,,,
2024-12-20,,SPY,,,,,,,587.6398315429688,,,,,,,,,,,,,,,
2024-12-20,,TSLA,,,,,421.05999755859375,,,,,,,,,,,,,,,,,
2024-12-20,,YPF,,,,,,,,,,,,,,,,,,,,,,42.02000045776367
2024-12-23,,AAPL,254.6557159423828,,,,,,,,,,,,,,,,,,,,,
2024-12-23,,AMZN,,,,225.05999755859375,,,,,,,,,,,,,,,,,,
2024-12-23,,AVGO,,,,,,,,,,,,,,,,,,,,,231.10508728027344,
2024-12-23,,BRK-B,,,,,,,,,,,,,454.3500061035156,,,,,,,,,
2024-12-23,,COIN,,,,,,,,,,,,,,,,,,268.1499938964844,,,,
2024-12-23,,DIA,,,,,,,,,,,425.5272216796875,,,,,,,,,,,
2024-12-23,,GGAL,,,,,,,,,,,,,,,,62.810272216796875,,,,,,
2024-12-23,,GOOG,,,195.53195190429688,,,,,,,,,,,,,,,,,,,
2024-12-23,,HUT,,,,,,,,,,,,,,,,,21.649999618530273,,,,,
2024-12-23,,KO,,,,,,,,,,61.48587417602539,,,,,,,,,,,,
2024-12-23,,META,,,,,,,,,,,,598.8560180664062,,,,,,,,,,
2024-12-23,,MRVL,,,,,,,,,,,,,,,,,,,113.57323455810547,,,
2024-12-23,,MSTR,,,,,,332.2300109863281,,,,,,,,,,,,,,,,
2024-12-23,139.64744567871094,NVDA,,,,,,,,,,,,,,,,,,,,,,
2024-12-23,,PAM,,86.66999816894531,,,,,,,,,,,,,,,,,,,,
2024-12-23,,PEP,,,,,,,,,,,,,,,148.3364715576172,,,,,,,
2024-12-23,,PFE,,,,,,,,,,,,,,,,,,,,25.78372573852539,,
2024-12-23,,PLTR,,,,,,,,,,,,,,80.69000244140625,,,,,,,,
2024-12-23,,QQQ,,,,,,,,,521.5057373046875,,,,,,,,,,,,,
2024-12-23,,SPOT,,,,,,,,456.2900085449219,,,,,,,,,,,,,,
2024-12-23,,SPY,,,,,,,591.1588134765625,,,,,,,,,,,,,,,
2024-12-23,,TSLA,,,,,430.6000061035156,,,,,,,,,,,,,,,,,
2024-12-23,,YPF,,,,,,,,,,,,,,,,,,,,,,42.439998626708984
2024-12-24,,AAPL,257.57867431640625,,,,,,,,,,,,,,,,,,,,,
2024-12-24,,AMZN,,,,229.0500030517578,,,,,,,,,,,,,,,,,,
2024-12-24,,AVGO,,,,,,,,,,,,,,,,,,,,,238.39581298828125,
2024-12-24,,BRK-B,,,,,,,,,,,,,458.6600036621094,,,,,,,,,
2024-12-24,,COIN,,,,,,,,,,,,,,,,,,279.6199951171875,,,,
2024-12-24,,DIA,,,,,,,,,,,429.1089782714844,,,,,,,,,,,
2024-12-24,,GGAL,,,,,,,,,,,,,,,,64.5619125366211,,,,,,
2024-12-24,,GOOG,,,197.10824584960938,,,,,,,,,,,,,,,,,,,
2024-12-24,,HUT,,,,,,,,,,,,,,,,,24.280000686645508,,,,,
2024-12-24,,KO,,,,,,,,,,61.93928146362305,,,,,,,,,,,,
2024-12-24,,META,,,,,,,,,,,,606.742919921875,,,,,,,,,,
2024-12-24,,MRVL,,,,,,,,,,,,,,,,,,,115.75962829589844,,,
2024-12-24,,MSTR,,,,,,358.17999267578125,,,,,,,,,,,,,,,,
2024-12-24,140.19737243652344,NVDA,,,,,,,,,,,,,,,,,,,,,,
2024-12-24,,PAM,,88.20999908447266,,,,,,,,,,,,,,,,,,,,
2024-12-24,,PEP,,,,,,,,,,,,,,,149.82679748535156,,,,,,,
2024-12-24,,PFE,,,,,,,,,,,,,,,,,,,,25.812685012817383,,
2024-12-24,,PLTR,,,,,,,,,,,,,,82.37999725341797,,,,,,,,
2024-12-24,,QQQ,,,,,,,,,528.5772094726562,,,,,,,,,,,,,
2024-12-24,,SPOT,,,,,,,,461.6400146484375,,,,,,,,,,,,,,
2024-12-24,,SPY,,,,,,,597.7294921875,,,,,,,,,,,,,,,
2024-12-24,,TSLA,,,,,462.2799987792969,,,,,,,,,,,,,,,,,
2024-12-24,,YPF,,,,,,,,,,,,,,,,,,,,,,42.790000915527344
2024-12-26,,AAPL,258.39666748046875,,,,,,,,,,,,,,,,,,,,,
2024-12-26,,AMZN,,,,227.0500030517578,,,,,,,,,,,,,,,,,,
2024-12-26,,AVGO,,,,,,,,,,,,,,,,,,,,,244.04537963867188,
2024-12-26,,BRK-B,,,,,,,,,,,,,459.0799865722656,,,,,,,,,
2024-12-26,,COIN,,,,,,,,,,,,,,,,,,274.4100036621094,,,,
2024-12-26,,DIA,,,,,,,,,,,429.8133544921875,,,,,,,,,,,
2024-12-26,,GGAL,,,,,,,,,,,,,,,,64.41262817382812,,,,,,
2024-12-26,,GOOG,,,196.63934326171875,,,,,,,,,,,,,,,,,,,
2024-12-26,,HUT,,,,,,,,,,,,,,,,,23.889999389648438,,,,,
2024-12-26,,KO,,,,,,,,,,61.67314910888672,,,,,,,,,,,,
2024-12-26,,META,,,,,,,,,,,,602.3502197265625,,,,,,,,,,
2024-12-26,,MRVL,,,,,,,,,,,,,,,,,,,115.52002716064453,,,
2024-12-26,,MSTR,,,,,,341.04998779296875,,,,,,,,,,,,,,,,
2024-12-26,139.90740966796875,NVDA,,,,,,,,,,,,,,,,,,,,,,
2024-12-26,,PAM,,88.11000061035156,,,,,,,,,,,,,,,,,,,,
2024-12-26,,PEP,,,,,,,,,,,,,,,149.46401977539062,,,,,,,
2024-12-26,,PFE,,,,,,,,,,,,,,,,,,,,25.638927459716797,,
2024-12-26,,PLTR,,,,,,,,,,,,,,82.13999938964844,,,,,,,,
2024-12-26,,QQQ,,,,,,,,,528.2181396484375,,,,,,,,,,,,,
2024-12-26,,SPOT,,,,,,,,457.9800109863281,,,,,,,,,,,,,,
2024-12-26,,SPY,,,,,,,597.7693481445312,,,,,,,,,,,,,,,
2024-12-26,,TSLA,,,,,454.1300048828125,,,,,,,,,,,,,,,,,
2024-12-26,,YPF,,,,,,,,,,,,,,,,,,,,,,43.060001373291016
2024-12-27,,AAPL,254.9749298095703,,,,,,,,,,,,,,,,,,,,,
2024-12-27,,AMZN,,,,223.75,,,,,,,,,,,,,,,,,,
2024-12-27,,AVGO,,,,,,,,,,,,,,,,,,,,,240.4547119140625,
2024-12-27,,BRK-B,,,,,,,,,,,,,456.510009765625,,,,,,,,,
2024-12-27,,COIN,,,,,,,,,,,,,,,,,,265.7099914550781,,,,
2024-12-27,,DIA,,,,,,,,,,,426.6285400390625,,,,,,,,,,,
2024-12-27,,GGAL,,,,,,,,,,,,,,,,63.99462127685547,,,,,,
2024-12-27,,GOOG,,,193.58648681640625,,,,,,,,,,,,,,,,,,,
2024-12-27,,HUT,,,,,,,,,,,,,,,,,22.31999969482422,,,,,
2024-12-27,,KO,,,,,,,,,,61.55487060546875,,,,,,,,,,,,
2024-12-27,,META,,,,,,,,,,,,598.8160400390625,,,,,,,,,,
2024-12-27,,MRVL,,,,,,,,,,,,,,,,,,,113.43346405029297,,,
2024-12-27,,MSTR,,,,,,330.0,,,,,,,,,,,,,,,,
2024-12-27,136.98788452148438,NVDA,,,,,,,,,,,,,,,,,,,,,,
2024-12-27,,PAM,,88.38999938964844,,,,,,,,,,,,,,,,,,,,
2024-12-27,,PEP,,,,,,,,,,,,,,,149.9052276611328,,,,,,,
2024-12-27,,PFE,,,,,,,,,,,,,,,,,,,,25.696847915649414,,
2024-12-27,,PLTR,,,,,,,,,,,,,,79.08000183105469,,,,,,,,
2024-12-27,,QQQ,,,,,,,,,521.196533203125,,,,,,,,,,,,,
2024-12-27,,SPOT,,,,,,,,456.4800109863281,,,,,,,,,,,,,,
2024-12-27,,SPY,,,,,,,591.4768676757812,,,,,,,,,,,,,,,
2024-12-27,,TSLA,,,,,431.6600036621094,,,,,,,,,,,,,,,,,
2024-12-27,,YPF,,,,,,,,,,,,,,,,,,,,,,42.63999938964844
2024-12-30,,AAPL,251.59307861328125,,,,,,,,,,,,,,,,,,,,,
2024-12-30,,AMZN,,,,221.3000030517578,,,,,,,,,,,,,,,,,,
2024-12-30,,AVGO,,,,,,,,,,,,,,,,,,,,,234.31777954101562,
2024-12-30,,BRK-B,,,,,,,,,,,,,452.1600036621094,,,,,,,,,
2024-12-30,,COIN,,,,,,,,,,,,,,,,,,255.55999755859375,,,,
2024-12-30,,DIA,,,,,,,,,,,422.43170166015625,,,,,,,,,,,
2024-12-30,,GGAL,,,,,,,,,,,,,,,,62.52164840698242,,,,,,
2024-12-30,,GOOG,,,192.23965454101562,,,,,,,,,,,,,,,,,,,
2024-12-30,,HUT,,,,,,,,,,,,,,,,,21.510000228881836,,,,,
2024-12-30,,KO,,,,,,,,,,61.14088821411133,,,,,,,,,,,,
2024-12-30,,META,,,,,,,,,,,,590.26025390625,,,,,,,,,,
2024-12-30,,MRVL,,,,,,,,,,,,,,,,,,,111.4766845703125,,,
2024-12-30,,MSTR,,,,,,302.9599914550781,,,,,,,,,,,,,,,,
2024-12-30,137.46780395507812,NVDA,,,,,,,,,,,,,,,,,,,,,,
2024-12-30,,PAM,,87.76000213623047,,,,,,,,,,,,,,,,,,,,
2024-12-30,,PEP,,,,,,,,,,,,,,,148.75807189941406,,,,,,,
2024-12-30,,PFE,,,,,,,,,,,,,,,,,,,,25.5037841796875,,
2024-12-30,,PLTR,,,,,,,,,,,,,,77.18000030517578,,,,,,,,
2024-12-30,,QQQ,,,,,,,,,514.2646484375,,,,,,,,,,,,,
2024-12-30,,SPOT,,,,,,,,451.7900085449219,,,,,,,,,,,,,,
2024-12-30,,SPY,,,,,,,584.7271728515625,,,,,,,,,,,,,,,
2024-12-30,,TSLA,,,,,417.4100036621094,,,,,,,,,,,,,,,,,
2024-12-30,,YPF,,,,,,,,,,,,,,,,,,,,,,42.369998931884766
